"","ID","COUNTY","NAME","STNAME","POPESTIMATE2015","CTYNAME","TOT_POP","TOT_MALE","TOT_FEMALE","WHITE","HISPANIC","BLACK","ASIAN","NATIVE","OTHER","1","2","3","4","5","6","7","8","9","10","11","12","13","14","15","16","17","18","00..10","10..15","15..25","25..35","35..50","50..75","75..100","100..150","150..200","200..999","LESS_THAN_HS","HS_DEGREE","SOME_COLLEGE","BS_DEGREE"
"1",1,"11001","Aartselaar","Vlaanderen",14890,"Aartselaar",14890,0.496507723304231,0.503492276695769,1,0,0,0,0,0,0.0467427803895232,0.0509066487575554,0.0554734721289456,0.0534586971121558,0.0511081262592344,0.0478844862323707,0.057824042981867,0.0579583613163197,0.0620550705171256,0.0570852921423774,0.0657488247145735,0.0701813297515111,0.070584284754869,0.0603089321692411,0.0569509738079248,0.0595701813297515,0.0364674278038952,0.0396910678307589,0,0,0.11,0.255,0.345,0.187,0.077,0.026,0,0,0.319984634591376,0.383270911360799,0.0734658599827139,0.223278594065111
"2",2,"11002","Anvers","Vlaanderen",544759,"Anvers",544759,0.501181256298657,0.498818743701343,1,0,0,0,0,0,0.0616272516837721,0.0625304033526752,0.0639346940573722,0.0593712081856381,0.06152445393284,0.0813295420543763,0.081349734469738,0.0726100899663888,0.0681035099924921,0.0622660662788499,0.0593106309395531,0.0554153304488774,0.0505709864362039,0.0439203390857241,0.0363353336062369,0.0313551497084032,0.0219197847121388,0.02652549108872,0,0,0.11,0.255,0.345,0.187,0.077,0.026,0,0,0.454821601899171,0.332854837389342,0.0693653448094397,0.142958215902048
"3",3,"11004","Boechout","Vlaanderen",13831,"Boechout",13831,0.487166510013737,0.512833489986263,1,0,0,0,0,0,0.0430916058130287,0.0491649193839925,0.0564673559395561,0.0597932181331791,0.0584194924445087,0.046489769358687,0.0519846721133685,0.057985684332297,0.0600101221892849,0.0593594100209674,0.0665172438724604,0.0754826115248355,0.0806160075193406,0.0657219290000723,0.0532137950979683,0.0457667558383342,0.0286313354059721,0.0412840720121466,0,0,0.11,0.255,0.345,0.187,0.077,0.026,0,0,0.29923273657289,0.370524296675192,0.0829070758738278,0.24733589087809
"4",4,"11005","Boom","Vlaanderen",19431,"Boom",19431,0.498018630024188,0.501981369975812,1,0,0,0,0,0,0.0584632803252535,0.0671092584015233,0.0698883227831815,0.0653080129689671,0.0628891976738202,0.0603674540682415,0.0657197262106942,0.0679841490401935,0.0655653337450466,0.0622716278112295,0.0618084504142864,0.0658741186763419,0.0583088878596058,0.0454428490556327,0.0356131954093974,0.0350470897020225,0.0231588698471515,0.0291801760074108,0,0,0.11,0.255,0.345,0.187,0.077,0.026,0,0,0.44465137067938,0.350789630512515,0.0744934445768772,0.130065554231228
"5",5,"11007","Borsbeek","Vlaanderen",11379,"Borsbeek",11379,0.488179980666139,0.511820019333861,1,0,0,0,0,0,0.0660866508480534,0.0645047895245628,0.0613410668775815,0.050971087090254,0.0480710079971878,0.0574742947534933,0.0735565515423148,0.0720625714034625,0.0645047895245628,0.0538711661833201,0.0582652254152386,0.0622198787239652,0.0623956410932419,0.0564197205378328,0.050268037613147,0.0444678794270147,0.0258370682836805,0.0276825731610862,0,0,0.11,0.255,0.345,0.187,0.077,0.026,0,0,0.394680177327422,0.366814439518683,0.0837238758708043,0.154781507283091
"6",6,"11008","Brasschaat","Vlaanderen",38470,"Brasschaat",38470,0.477930855211853,0.522069144788147,1,0,0,0,0,0,0.0422667013257083,0.0496490772030153,0.0542760592669613,0.0548219391733819,0.0516246425786327,0.0436184039511308,0.0497270600467897,0.0596308812061346,0.0606706524564596,0.0576553158305173,0.0665973485833117,0.0713283077722901,0.0741616844294255,0.0689108396152846,0.0612425266441383,0.0540940992981544,0.0377956849493112,0.0419287756693527,0,0,0.11,0.255,0.345,0.187,0.077,0.026,0,0,0.311864785376568,0.395592122407952,0.0723353560924761,0.220207736123004
"7",7,"11009","Brecht","Vlaanderen",30610,"Brecht",30610,0.498497223129696,0.501502776870304,1,0,0,0,0,0,0.0481215289121202,0.0540346292061418,0.0509310682783404,0.0515844495262986,0.0548513557660895,0.0484155504737014,0.0612218229336818,0.0630512904279647,0.0624959163672003,0.0548513557660895,0.0700751388435152,0.0786997713165632,0.0832407709898726,0.0696831100947403,0.0507677229663509,0.0426004573668736,0.0280300555374061,0.02734400522705,0,0,0.11,0.255,0.345,0.187,0.077,0.026,0,0,0.343366478545194,0.401549762608618,0.0860879691839111,0.168995789662277
"8",8,"11013","Edegem","Vlaanderen",23009,"Edegem",23009,0.483506453996262,0.516493546003738,1,0,0,0,0,0,0.0558042505106697,0.0588465383110957,0.05919422834543,0.0496327524012343,0.0493719848754835,0.0481116085010213,0.0637141987917771,0.0678864792037898,0.0652353426919901,0.0548046416619584,0.0541527228475814,0.0598896084140988,0.0672780216437046,0.0638445825546525,0.0571950106480073,0.0485027597896475,0.0336824720761441,0.0428527967317137,0,0,0.11,0.255,0.345,0.187,0.077,0.026,0,0,0.280041152263375,0.382030178326475,0.0778463648834019,0.260082304526749
"9",9,"11016","Essen","Vlaanderen",19630,"Essen",19630,0.498573611818645,0.501426388181355,1,0,0,0,0,0,0.0503311258278146,0.0558838512480897,0.0622007131940907,0.0573102394294447,0.0538970962812022,0.0520122261844116,0.0635761589403974,0.0612328069281712,0.0628629648497198,0.0594498217014773,0.06571574121243,0.074223127865512,0.0772287315333673,0.0614365766683647,0.0495669893020886,0.0435048395313296,0.0253693326541009,0.0241976566479878,0,0,0.11,0.255,0.345,0.187,0.077,0.026,0,0,0.364099490560384,0.384701827989212,0.0843572070722206,0.166841474378184
"10",10,"11018","Hemiksem","Vlaanderen",12396,"Hemiksem",12396,0.496289125524363,0.503710874475637,1,0,0,0,0,0,0.0578412391093901,0.058728622136173,0.069054533720555,0.0655856727976767,0.0514682155534043,0.0534849951597289,0.0671184252984834,0.0665537270087125,0.0707486285898677,0.0671184252984834,0.0658276863504356,0.0701032591158438,0.06405292029687,0.0492094223943207,0.0430784123910939,0.037350758309132,0.0207324943530171,0.0219425621168119,0,0,0.11,0.255,0.345,0.187,0.077,0.026,0,0,0.384442605508925,0.377349568506916,0.0836978366237144,0.154509989360444
"11",11,"11021","Hove","Vlaanderen",8406,"Hove",8406,0.47811087318582,0.52188912681418,1,0,0,0,0,0,0.0436592909826315,0.0532952652867,0.0620985010706638,0.0598382108018082,0.0580537711158696,0.03604568165596,0.0456816559600286,0.049845348560552,0.0618605757792053,0.0575779205329527,0.066143231025458,0.0668570068998335,0.0772067570782774,0.0745895788722341,0.0603140613847252,0.0492505353319058,0.0342612419700214,0.043421365691173,0,0,0.11,0.255,0.345,0.187,0.077,0.026,0,0,0.249709189608375,0.380767739433889,0.0622334238076774,0.307289647150058
"12",12,"11022","Kalmthout","Vlaanderen",19672,"Kalmthout",19672,0.487952419682798,0.512047580317202,1,0,0,0,0,0,0.045292801952013,0.0552053680357869,0.0569337128914193,0.0560187067913786,0.0519011793411956,0.0529178527856852,0.0578487189914599,0.0582553883692558,0.0627287515250102,0.0591703944692965,0.0633387555917039,0.0708621390809272,0.0717771451809679,0.0632879219194795,0.057645384302562,0.0468178121187475,0.0343635624237495,0.0356344042293615,0,0,0.11,0.255,0.345,0.187,0.077,0.026,0,0,0.310370817003316,0.381670183901115,0.0791377750979801,0.228821223997588
"13",13,"11023","Kapellen","Vlaanderen",27782,"Kapellen",27782,0.489813548340652,0.510186451659348,1,0,0,0,0,0,0.0454250953855014,0.0504283348930962,0.0542077604204161,0.0566553883809661,0.0509682528255705,0.0452091282125117,0.0529479519113095,0.060902742783097,0.0608307537254337,0.0575912461305882,0.0652940753005543,0.0752645597869124,0.0749766035562594,0.064286228493269,0.0551076236412065,0.0510042473544021,0.0370743646965661,0.0418256425023396,0,0,0.11,0.255,0.345,0.187,0.077,0.026,0,0,0.310049595405899,0.396919864265205,0.0760636909423127,0.216966849386583
"14",14,"11024","Kontich","Vlaanderen",21693,"Kontich",21693,0.488129811459918,0.511870188540082,1,0,0,0,0,0,0.047757341077767,0.0519983404784954,0.0593739916101968,0.0574839810076983,0.0552251878486148,0.0485871018300834,0.0583598395795879,0.0620015673258655,0.0629235237173282,0.0601576545429401,0.0633384040934864,0.0704835661273222,0.0772138477849998,0.0620015673258655,0.0519522426589222,0.0416724288941133,0.0321301802424745,0.0373392338542387,0,0,0.11,0.255,0.345,0.187,0.077,0.026,0,0,0.28851333153784,0.391933746296795,0.0798545650417452,0.23969835712362
"15",15,"11025","Lint","Vlaanderen",8505,"Lint",8505,0.495238095238095,0.504761904761905,1,0,0,0,0,0,0.0480893592004703,0.048206937095826,0.0591416813639036,0.060787771898883,0.0556143445032334,0.0464432686654909,0.0549088771310994,0.0569077013521458,0.0671369782480894,0.0582010582010582,0.0631393298059965,0.0740740740740741,0.0867724867724868,0.0703115814226925,0.0542034097589653,0.0412698412698413,0.0257495590828924,0.0290417401528513,0,0,0.11,0.255,0.345,0.187,0.077,0.026,0,0,0.298584512905912,0.374854288093256,0.0895920066611157,0.236969192339717
"16",16,"11029","Mortsel","Vlaanderen",26588,"Mortsel",26588,0.484654731457801,0.5153452685422,1,0,0,0,0,0,0.0561531517978035,0.0562659846547315,0.0575447570332481,0.0562659846547315,0.0544230479915751,0.0576952008424853,0.0711223108169099,0.0712351436738378,0.0675492703475252,0.0610049646457048,0.0598390251241161,0.0643899503535429,0.0632616217842636,0.0554385437039266,0.0426508199187603,0.038400782307808,0.0259139461411163,0.0408454942079133,0,0,0.11,0.255,0.345,0.187,0.077,0.026,0,0,0.306332499854626,0.363493632610339,0.0786183636680816,0.251555503866954
"17",17,"11030","Niel","Vlaanderen",10966,"Niel",10966,0.495440452307131,0.504559547692869,1,0,0,0,0,0,0.0573591099762904,0.0654751048695969,0.0687579792084625,0.0640160496078789,0.0506109793908444,0.0585445923764363,0.0725879992704724,0.071037753054897,0.0726791902243297,0.0636512857924494,0.0629217581615904,0.0655662958234543,0.0576326828378625,0.0506109793908444,0.0363851905890936,0.0342877986503739,0.0213386832026263,0.0265365675724968,0,0,0.11,0.255,0.345,0.187,0.077,0.026,0,0,0.400467168440176,0.376849208409032,0.0896703867116533,0.133013236439138
"18",18,"11035","Ranst","Vlaanderen",19776,"Ranst",19776,0.496510922330097,0.503489077669903,1,0,0,0,0,0,0.0481897249190939,0.053246359223301,0.0531452265372168,0.0537014563106796,0.0490493527508091,0.0451051779935275,0.0600728155339806,0.0630562297734628,0.0650788834951456,0.0542071197411003,0.0648766181229773,0.0741302588996764,0.0809061488673139,0.0668487055016181,0.0564826051779935,0.0488470873786408,0.0304915048543689,0.0325647249190939,0,0,0.11,0.255,0.345,0.187,0.077,0.026,0,0,0.310195073330486,0.376975651431012,0.0837249038872277,0.229104371351274
"19",19,"11037","Rumst","Vlaanderen",15536,"Rumst",15536,0.496717301750772,0.503282698249228,1,0,0,0,0,0,0.0483393408856849,0.0516220391349125,0.0585736354273944,0.059667868177137,0.0523300720906282,0.0469232749742533,0.0612770339855819,0.0632080329557158,0.0666838311019567,0.0641091658084449,0.0677780638516993,0.0711251287332647,0.0704170957775489,0.0587667353244078,0.0517507723995881,0.0419026776519053,0.0279994850669413,0.0375257466529351,0,0,0.11,0.255,0.345,0.187,0.077,0.026,0,0,0.337299064571792,0.381527563345745,0.0805558078285351,0.200617564253928
"20",20,"11038","Schelle","Vlaanderen",8614,"Schelle",8614,0.484095658230787,0.515904341769213,1,0,0,0,0,0,0.0394706292082656,0.0581611330392384,0.0586254933828651,0.0655908985372649,0.0535175296029719,0.0448107731599721,0.0540979800325052,0.0616438356164384,0.063849547248665,0.0604829347573717,0.0713954028325981,0.0816113303923845,0.0669839795681449,0.062804736475505,0.0551427908056652,0.0449268632458788,0.0275133503598793,0.0293707917343859,0,0,0.11,0.255,0.345,0.187,0.077,0.026,0,0,0.356644440998604,0.379438672662428,0.0838889750348891,0.180027911304078
"21",21,"11039","Schilde","Vlaanderen",20319,"Schilde",20319,0.485210886362518,0.514789113637482,1,0,0,0,0,0,0.0467050543825976,0.0495595255672031,0.0535951572419903,0.0549731778138688,0.0534475121807176,0.0367144052364782,0.0486244401791427,0.0563511983857473,0.0580737241005955,0.0544318125892022,0.0692455337368965,0.0747084010039864,0.0823367291697426,0.0710172744721689,0.0587627343865348,0.0541365224666568,0.0370096953590236,0.0403071017274472,0,0,0.11,0.255,0.345,0.187,0.077,0.026,0,0,0.263718263718264,0.402501675228948,0.073858982949892,0.259921078102896
"22",22,"11040","Schoten","Vlaanderen",34641,"Schoten",34641,0.483271268150458,0.516728731849542,1,0,0,0,0,0,0.045408619843538,0.0516151381311163,0.0573309084610721,0.0553390491036633,0.0565803527611789,0.0512975953350076,0.0578216564186946,0.0609104817990243,0.0641147772870298,0.0542420830807425,0.0644034525562195,0.0744493519240207,0.0736121936433706,0.0648075979330851,0.0522213561964147,0.045437487370457,0.0313501342340002,0.0390577639213649,0,0,0.11,0.255,0.345,0.187,0.077,0.026,0,0,0.338349183419606,0.394446450784479,0.0785682757513743,0.188636090044541
"23",23,"11044","Stabroek","Vlaanderen",18826,"Stabroek",18826,0.49691915436099,0.50308084563901,1,0,0,0,0,0,0.0435036651439499,0.048815467969829,0.0587485392542229,0.0590141293955168,0.0521619037501328,0.0532242643153086,0.0600764899606927,0.0627323913736322,0.067619249973441,0.063051099543185,0.0696377350472751,0.0744183575905662,0.0675661319451822,0.06634441729523,0.0609263784128333,0.0429193668331032,0.0257091256772549,0.0235312865186444,0,0,0.11,0.255,0.345,0.187,0.077,0.026,0,0,0.355388051367951,0.411711334450028,0.0902428810720268,0.142657733109994
"24",24,"11050","Wijnegem","Vlaanderen",10580,"Wijnegem",10580,0.481852551984877,0.518147448015123,1,0,0,0,0,0,0.0475425330812854,0.0533081285444234,0.0558601134215501,0.0569943289224953,0.055765595463138,0.0493383742911153,0.052930056710775,0.0603969754253308,0.0649338374291115,0.0620982986767486,0.0653119092627599,0.0670132325141777,0.0735349716446125,0.0647448015122873,0.0514177693761815,0.0456521739130435,0.0301512287334594,0.0430056710775047,0,0,0.11,0.255,0.345,0.187,0.077,0.026,0,0,0.362864077669903,0.372842502696872,0.0751078748651564,0.189185544768069
"25",25,"11052","Wommelgem","Vlaanderen",13370,"Wommelgem",13370,0.490725504861631,0.50927449513837,1,0,0,0,0,0,0.0503365744203441,0.0546746447270007,0.0591623036649215,0.0552729992520568,0.050261780104712,0.0524308152580404,0.0566192969334331,0.0647718773373224,0.0620044876589379,0.0608077786088257,0.0620044876589379,0.0743455497382199,0.0715781600598355,0.0631264023934181,0.0536275243081526,0.0433059087509349,0.0287958115183246,0.0368735976065819,0,0,0.11,0.255,0.345,0.187,0.077,0.026,0,0,0.355108003756652,0.392257121986852,0.0779505374099969,0.174684336846499
"26",26,"11053","Wuustwezel","Vlaanderen",21794,"Wuustwezel",21794,0.497843443149491,0.502156556850509,1,0,0,0,0,0,0.047581903276131,0.0506561438928145,0.0577223088923557,0.0534550793796458,0.0554280994769203,0.059878865742865,0.0634578324309443,0.0614848123336698,0.0654767367165275,0.0551986785353767,0.0699733871707809,0.076901899605396,0.0762136367807653,0.064926126456823,0.0531338900614848,0.0381756446728457,0.0237680095439112,0.0265669450307424,0,0,0.11,0.255,0.345,0.187,0.077,0.026,0,0,0.36310506924152,0.395566001778681,0.0898869266929234,0.151442002286876
"27",27,"11054","Zandhoven","Vlaanderen",13445,"Zandhoven",13445,0.497285236147267,0.502714763852733,1,0,0,0,0,0,0.0482707326143548,0.0502789140944589,0.0509483079211603,0.0483451097062105,0.0473038304202306,0.0479732242469319,0.0567497210859055,0.0646336928226106,0.0589810338415768,0.0531052435849758,0.0625511342506508,0.0740795834882856,0.0838229825213834,0.0714763852733358,0.0636667906284864,0.0521383413908516,0.0293045741911491,0.0363703979174414,0,0,0.11,0.255,0.345,0.187,0.077,0.026,0,0,0.325703680791834,0.386122280647489,0.0866068666872873,0.201567171873389
"28",28,"11055","Zoersel","Vlaanderen",22557,"Zoersel",22557,0.486988517976681,0.513011482023319,1,0,0,0,0,0,0.0412732189564215,0.0458837611384493,0.0512922817750587,0.056346145320743,0.0490756749567762,0.0404309083654741,0.0536862171388039,0.0539965420933635,0.0594937270027043,0.0566121381389369,0.0681384935940063,0.0760739460034579,0.0827237664583056,0.0753202996852418,0.0638382763665381,0.0582967593208317,0.0334707629560669,0.0340470807288203,0,0,0.11,0.255,0.345,0.187,0.077,0.026,0,0,0.298814915927282,0.383508097040392,0.0801638021964385,0.237513184835888
"29",29,"11056","Zwijndrecht","Vlaanderen",19580,"Zwijndrecht",19580,0.490347293156282,0.509652706843718,1,0,0,0,0,0,0.0526046986721144,0.0562819203268641,0.0650663942798774,0.0588355464759959,0.0507150153217569,0.049438202247191,0.0600102145045965,0.0639938712972421,0.0668539325842697,0.0615934627170582,0.0615934627170582,0.0626149131767109,0.0732890704800817,0.0658835546475996,0.050561797752809,0.0431562819203269,0.027170582226762,0.0303370786516854,0,0,0.11,0.255,0.345,0.187,0.077,0.026,0,0,0.414974170263959,0.358785648574057,0.076640011322624,0.14960016983936
"30",30,"11057","Malle","Vlaanderen",16194,"Malle",16194,0.494689391132518,0.505310608867482,1,0,0,0,0,0,0.0436581449919723,0.0487835000617513,0.0553291342472521,0.0608867481783377,0.0569964184265777,0.0514388044954922,0.0589724589354082,0.0585402000741015,0.0630480424848709,0.0578609361491911,0.0686674076818575,0.0721872298382117,0.0774978387056935,0.0652710880573052,0.0534148450043226,0.0435963937260714,0.0288995924416451,0.0349512164999383,0,0,0.11,0.255,0.345,0.187,0.077,0.026,0,0,0.3404659188956,0.375841242450388,0.0878343399482312,0.195858498705781
"31",31,"12002","Berlaar","Vlaanderen",12061,"Berlaar",12061,0.494237625404195,0.505762374595805,1,0,0,0,0,0,0.0460989967664373,0.0470939391426913,0.0536439764530304,0.0567946273111682,0.0530635934002156,0.0545560069645966,0.0588674239283642,0.054887654423348,0.0629301052980682,0.0641737832683857,0.0676560815852748,0.0764447392421856,0.0779371528065666,0.0633446646215073,0.054887654423348,0.0425337865848603,0.0280242102644888,0.0370616035154631,0,0,0.11,0.255,0.345,0.187,0.077,0.026,0,0,0.386935245248663,0.35939456014567,0.0796631387276659,0.174007055878002
"32",32,"12005","Bonheiden","Vlaanderen",15454,"Bonheiden",15454,0.489323152581856,0.510676847418144,1,0,0,0,0,0,0.0453604244855701,0.0482075837970752,0.0565549372330788,0.0586903067167076,0.052607739096674,0.0418661835123593,0.050795910443898,0.0567490617315905,0.0551313575773263,0.0587550148828782,0.068137698977611,0.0766791769121263,0.0760320952504206,0.0676200336482464,0.0505370777792157,0.050795910443898,0.0379189853759544,0.0475605021353695,0,0,0.11,0.255,0.345,0.187,0.077,0.026,0,0,0.29960899315738,0.360312805474096,0.0701857282502444,0.26989247311828
"33",33,"12007","Bornem","Vlaanderen",22076,"Bornem",22076,0.492027541221236,0.507972458778764,1,0,0,0,0,0,0.040541764812466,0.0438032252219605,0.0496919731835477,0.0558072114513499,0.0545388657365465,0.0531346258380141,0.0554448269614061,0.0549465482877333,0.0613788729842363,0.0600199311469469,0.0725221960500091,0.0810835296249321,0.0783656459503533,0.0659992752310201,0.0579362203297699,0.0490125022649031,0.0312556622576554,0.0345171226671498,0,0,0.11,0.255,0.345,0.187,0.077,0.026,0,0,0.350576136786024,0.374860612067897,0.0870400198240615,0.187523231322017
"34",34,"12009","Duffel","Vlaanderen",18062,"Duffel",18062,0.492747204074853,0.507252795925147,1,0,0,0,0,0,0.046672572251135,0.0489978961355332,0.0605137858487432,0.0579116376923929,0.0545897464289669,0.0542575573026243,0.0617871774997232,0.0627283800243605,0.0676558520651091,0.0606245155575241,0.0677112169194995,0.0673236629387665,0.0702580002214594,0.0594064887609346,0.0498283689513897,0.0449562617650316,0.0301184807883955,0.034658398848411,0,0,0.11,0.255,0.345,0.187,0.077,0.026,0,0,0.345100522399873,0.365125850878582,0.085325312648409,0.204448314073136
"35",35,"12014","Heist-op-den-Berg","Vlaanderen",44505,"Heist-op-den-Berg",44505,0.493495112908662,0.506504887091338,1,0,0,0,0,0,0.0426244242219975,0.0475452196382429,0.0533198517020559,0.0539714638804629,0.0483091787439614,0.0529828109201213,0.059386585776879,0.0608246264464667,0.0623300752724413,0.0626671160543759,0.0691382990675205,0.076553196270082,0.077137400292102,0.0656330749354005,0.0565105044377036,0.0450511178519268,0.0308055274688237,0.035209527019436,0,0,0.11,0.255,0.345,0.187,0.077,0.026,0,0,0.361760576277395,0.375892802637202,0.0821683657896343,0.18017825529577
"36",36,"12021","Lierre","Vlaanderen",38210,"Lierre",38210,0.48646951059932,0.51353048940068,1,0,0,0,0,0,0.0468463752944255,0.048547500654279,0.05210677833028,0.0525255168803978,0.0554566867312222,0.0652447003402251,0.0695891127976969,0.0608741167233708,0.0650615022245486,0.0589112797696938,0.0629678094739597,0.0702957341010207,0.0695105993195499,0.0604292070138707,0.0510599319549856,0.0465323213818372,0.0292855273488616,0.0347552996597749,0,0,0.11,0.255,0.345,0.187,0.077,0.026,0,0,0.366760563380282,0.358647887323944,0.0831549295774648,0.19143661971831
"37",37,"12025","Malines","Vlaanderen",89313,"Malines",89313,0.490857993797096,0.509142006202904,1,0,0,0,0,0,0.0552887037721272,0.0589499848846193,0.0633390435882794,0.0596217795841591,0.0589947711979219,0.0738302374794263,0.0763270744460493,0.0713781868261059,0.0672354528456104,0.0600360529822086,0.0588940019929909,0.0594986172225768,0.0572816947140954,0.0514930637197272,0.0418975960946335,0.0341719570499255,0.0245093099548778,0.0272524716446654,0,0,0.11,0.255,0.345,0.187,0.077,0.026,0,0,0.36904550144082,0.346561599487709,0.0840656017645594,0.200327297306912
"38",38,"12026","Nijlen","Vlaanderen",23707,"Nijlen",23707,0.49263930484667,0.50736069515333,1,0,0,0,0,0,0.0450078036023116,0.0501117813304087,0.0563546631796516,0.0563124815455351,0.0507023242080398,0.0493525119163116,0.0603197367866031,0.059644830640739,0.0682920656346227,0.063567722613574,0.0725102290462733,0.0737756780697684,0.0735225882650694,0.0627240899312439,0.0528957691820981,0.0466107056987388,0.0284726030286413,0.0298224153203695,0,0,0.11,0.255,0.345,0.187,0.077,0.026,0,0,0.372254737208089,0.356666859824999,0.0835023468737324,0.18757605609318
"39",39,"12029","Putte","Vlaanderen",18914,"Putte",18914,0.495294490853336,0.504705509146664,1,0,0,0,0,0,0.042402453209263,0.0457861901237179,0.0568362059849847,0.0538225652955483,0.0498043777096331,0.0497515068203447,0.0636036798138945,0.0618060695780903,0.0634979380353178,0.0622819075816855,0.0682034471819816,0.0763455641323887,0.0750766627894681,0.0640795178174897,0.0559902717563709,0.0462091572380247,0.0321983715766099,0.0323041133551866,0,0,0.11,0.255,0.345,0.187,0.077,0.026,0,0,0.351847737539806,0.372657927867881,0.0839813374805599,0.191512997111753
"40",40,"12035","Sint-Katelijne-Waver","Vlaanderen",21792,"Sint-Katelijne-Waver",21792,0.492198972099853,0.507801027900147,1,0,0,0,0,0,0.0500642437591777,0.0518997797356828,0.0596090308370044,0.0591960352422908,0.0544236417033774,0.0483204845814978,0.0622246696035242,0.0601596916299559,0.0661710719530103,0.0619952276064611,0.0693832599118943,0.0688325991189427,0.0690161527165932,0.0587830396475771,0.0497889133627019,0.0407947870778267,0.0279460352422907,0.0413913362701909,0,0,0.11,0.255,0.345,0.187,0.077,0.026,0,0,0.344488320728198,0.358008165450773,0.0816545077304063,0.215849006090623
"41",41,"12040","Willebroek","Vlaanderen",28248,"Willebroek",28248,0.495504106485415,0.504495893514585,1,0,0,0,0,0,0.0578094024355707,0.0635443217218918,0.0694916454262249,0.0636151231945624,0.0542693288020391,0.0602874539790428,0.0652789578023223,0.0670135938827528,0.0675092041914472,0.0612786745964316,0.064570943075616,0.0646063438119513,0.0605706598697253,0.0522868875672614,0.0421622769753611,0.034197111299915,0.0225148683092608,0.0289932030586236,0,0,0.11,0.255,0.345,0.187,0.077,0.026,0,0,0.396447860407146,0.361913169921064,0.075976319069381,0.16566265060241
"42",42,"12041","Puurs-Sint-Amands","Vlaanderen",26957,"Puurs-Sint-Amands",26957,0.493600919983678,0.506399080016322,1,0,0,0,0,0,0.0481507586155729,0.0524910041918611,0.057498979856809,0.055792558519123,0.0526022925399711,0.0542345216455837,0.0615053603887673,0.0648811069481025,0.0670697777942649,0.0594650740067515,0.0690729680602441,0.0720777534592128,0.0684052379715844,0.0608747264161442,0.0520087546833847,0.0410654004525726,0.0272285491709018,0.0355751752791483,0,0,0.11,0.255,0.345,0.187,0.077,0.026,0,0,0.332478140216765,0.375307607728153,0.0906330174354678,0.201581234619614
"43",43,"13001","Arendonk","Vlaanderen",13391,"Arendonk",13391,0.500485400642222,0.499514599357778,1,0,0,0,0,0,0.0469718467627511,0.0479426480471959,0.0603390336793369,0.0563811515196774,0.0569785676947203,0.0580240460010455,0.0613098349637816,0.0570532447166007,0.0634754685983123,0.0625793443357479,0.0737062205959226,0.0752744380554104,0.0710925248301098,0.0587708162198491,0.0469718467627511,0.0471958778283922,0.0285266223583004,0.0274064670300948,0,0,0.11,0.255,0.345,0.187,0.077,0.026,0,0,0.387252883031302,0.360172981878089,0.0963756177924217,0.156198517298188
"44",44,"13002","Baerle-Duc","Vlaanderen",3001,"Baerle-Duc",3001,0.505498167277574,0.494501832722426,1,0,0,0,0,0,0.0479840053315561,0.0556481172942353,0.0716427857380873,0.0569810063312229,0.0483172275908031,0.0666444518493835,0.0583138953682106,0.0569810063312229,0.0653115628123959,0.052649116961013,0.0676441186271243,0.0636454515161613,0.0733088970343219,0.0563145618127291,0.0519826724425192,0.0469843385538154,0.0376541152949017,0.0219926691102966,0,0,0.11,0.255,0.345,0.187,0.077,0.026,0,0,0.402552204176334,0.377030162412993,0.0736658932714617,0.146751740139211
"45",45,"13003","Balen","Vlaanderen",23523,"Balen",23523,0.499766186285763,0.500233813714237,1,0,0,0,0,0,0.0440845130298006,0.0539897121965736,0.0584534285592824,0.0554776176508098,0.0477405092887812,0.0498660885091187,0.0615567742209752,0.0681460698040216,0.0731624367640182,0.064149980869787,0.0675083960379203,0.07575564341283,0.0744802958806275,0.0597712876758917,0.0492709263274242,0.0405985631084471,0.0265272286698125,0.0294605279938783,0,0,0.11,0.255,0.345,0.187,0.077,0.026,0,0,0.333701593208513,0.391499011512967,0.101232701476916,0.173566693801605
"46",46,"13004","Beerse","Vlaanderen",18601,"Beerse",18601,0.497016289446804,0.502983710553196,1,0,0,0,0,0,0.0497822697704424,0.0552658459222622,0.054889522068706,0.0560184936293748,0.0583301973012204,0.0500510725229826,0.0629536046449116,0.0659104349228536,0.065050266114725,0.0640825762055803,0.0689747863018117,0.0724154615343261,0.0713940110746734,0.0603193376700177,0.0499435514219666,0.0383312725122305,0.0268802752540186,0.0294070211278963,0,0,0.11,0.255,0.345,0.187,0.077,0.026,0,0,0.362647858349864,0.36661523767541,0.0968334435383146,0.173903460436412
"47",47,"13006","Dessel","Vlaanderen",9892,"Dessel",9892,0.499292357460574,0.500707642539426,1,0,0,0,0,0,0.0469065911847958,0.0528710068742418,0.0591386979377275,0.0608572583906187,0.0512535382126971,0.0512535382126971,0.0608572583906187,0.063890012131015,0.068742418115649,0.0608572583906187,0.0653052972098666,0.0771330367974121,0.0716740800646987,0.059239789729074,0.0501415285078852,0.0409421754953498,0.0281035179943389,0.0308329963606955,0,0,0.11,0.255,0.345,0.187,0.077,0.026,0,0,0.385067687679475,0.352522904416792,0.100232462737591,0.162176945166142
"48",48,"13008","Geel","Vlaanderen",42331,"Geel",42331,0.504358507949257,0.495641492050743,1,0,0,0,0,0,0.0436323261912074,0.0486404762467223,0.0556329876449883,0.0545935602749758,0.0582079327207011,0.0596253336798091,0.0600978006661785,0.0654603009614703,0.0682006094824124,0.0631452127282606,0.0683187262290047,0.0717204885308639,0.0727126692022395,0.0595308402825353,0.0524438354869953,0.0421204318348255,0.0263636578394085,0.0295528099974014,0,0,0.11,0.255,0.345,0.187,0.077,0.026,0,0,0.340553509275842,0.368668266144021,0.0849187307809279,0.205859493799209
"49",49,"13010","Grobbendonk","Vlaanderen",11607,"Grobbendonk",11607,0.499698457827173,0.500301542172827,1,0,0,0,0,0,0.0454036357370552,0.0447143964848798,0.0489359869044542,0.0475575084001034,0.0484190574653226,0.056172999052296,0.0581545619023003,0.0576376324631688,0.0634961661066598,0.0575514775566469,0.0709054880675454,0.0808994572240889,0.0821917808219178,0.0721116567588524,0.0599638149392608,0.0491082967174981,0.0285172740587576,0.0282588093391919,0,0,0.11,0.255,0.345,0.187,0.077,0.026,0,0,0.354266370958328,0.37527722656706,0.0868448698494222,0.18361153262519
"50",50,"13011","Herentals","Vlaanderen",28865,"Herentals",28865,0.494439632773255,0.505560367226745,1,0,0,0,0,0,0.0422657197297765,0.0444136497488308,0.0498527628615971,0.0491598822102893,0.0516888965875628,0.0570933656677637,0.0637103758877533,0.0615970899012645,0.066343322362723,0.0609734973150875,0.0638835960505803,0.076805820197471,0.0795080547375715,0.0705698943357007,0.0529014377273515,0.0444829378139615,0.0288584791269704,0.0358912177377447,0,0,0.11,0.255,0.345,0.187,0.077,0.026,0,0,0.375732845551334,0.363866610384128,0.0802964213686037,0.180104122695934
"51",51,"13012","Herenthout","Vlaanderen",9454,"Herenthout",9454,0.49354770467527,0.50645229532473,1,0,0,0,0,0,0.0396657499471123,0.0474931246033425,0.0496086312671885,0.0523587899301883,0.0492913052676116,0.0558493759255342,0.0632536492489951,0.0565898032578803,0.0638883012481489,0.0611381425851491,0.0690712925745716,0.0737254072350328,0.0800719272265708,0.0691770679077639,0.0573302305902264,0.0433678866088428,0.0339538819547282,0.0341654326211128,0,0,0.11,0.255,0.345,0.187,0.077,0.026,0,0,0.409168322452455,0.335935282429747,0.0857223956854953,0.169173999432302
"52",52,"13013","Herselt","Vlaanderen",14838,"Herselt",14838,0.502089230354495,0.497910769645505,1,0,0,0,0,0,0.0376735409084782,0.0438064429168352,0.0550613290200836,0.0517589971694298,0.0477827200431325,0.0462326459091522,0.0564092195713708,0.057554926539965,0.066316215123332,0.0636204340207575,0.0703598867771937,0.0768297614233724,0.0825582962663432,0.0720447499663027,0.0613964146111336,0.0394257986251516,0.0330233185065373,0.0381453026014288,0,0,0.11,0.255,0.345,0.187,0.077,0.026,0,0,0.361027190332326,0.395592678158877,0.0751732717256087,0.168206859783188
"53",53,"13014","Hoogstraten","Vlaanderen",22278,"Hoogstraten",22278,0.508573480563785,0.491426519436215,1,0,0,0,0,0,0.0539994613520065,0.0544483346799533,0.0521590807074244,0.0528323906993446,0.056782475985277,0.0582188706347069,0.0663434778705449,0.0637400125684532,0.0598348146153156,0.0620342939222551,0.0648621958883203,0.0737947751144627,0.0712810844779603,0.0609569979351827,0.0513062213843253,0.0421940928270042,0.0300296256396445,0.0251817936978185,0,0,0.11,0.255,0.345,0.187,0.077,0.026,0,0,0.364173091616309,0.381398902549142,0.0870320205598389,0.16739598527471
"54",54,"13016","Hulshout","Vlaanderen",10594,"Hulshout",10594,0.500094393052671,0.499905606947329,1,0,0,0,0,0,0.0397394751746271,0.0462525958089485,0.0544647913913536,0.0513498206531999,0.0486124221257315,0.0528601094959411,0.0579573343401926,0.0610723050783462,0.0695676798187653,0.0605059467623183,0.079384557296583,0.0812724183500094,0.082593921087408,0.0623938078157448,0.051066641495186,0.0400226543326411,0.0295450254861242,0.0313384934868794,0,0,0.11,0.255,0.345,0.187,0.077,0.026,0,0,0.373320302956267,0.385780601026142,0.0850232103591498,0.155875885658441
"55",55,"13017","Kasterlee","Vlaanderen",19648,"Kasterlee",19648,0.500458061889251,0.499541938110749,1,0,0,0,0,0,0.0506412866449511,0.0485545602605863,0.051099348534202,0.0521172638436482,0.0505394951140065,0.0531351791530945,0.0632125407166124,0.0547129478827362,0.0583265472312704,0.0557308631921824,0.0656555374592834,0.0786848534201954,0.0874898208469055,0.0689637622149837,0.0560362377850163,0.0432105048859935,0.0276364006514658,0.0342528501628665,0,0,0.11,0.255,0.345,0.187,0.077,0.026,0,0,0.353637901861252,0.360124083474337,0.0932741116751269,0.192963902989284
"56",56,"13019","Lille","Vlaanderen",17026,"Lille",17026,0.504287560202044,0.495712439797956,1,0,0,0,0,0,0.0433454716316222,0.0478092329378597,0.0550922119111946,0.0537413367790438,0.0520380594385058,0.0529190649594737,0.0594972395160343,0.0569716903559262,0.0657817455656056,0.0589686362034535,0.0703042405732409,0.0822859156584048,0.0833431222835663,0.0704804416774345,0.0559732174321626,0.0429930694232351,0.0233172794549513,0.025138024198285,0,0,0.11,0.255,0.345,0.187,0.077,0.026,0,0,0.375090165905266,0.358820229221768,0.091929149635329,0.174160455237637
"57",57,"13021","Meerhout","Vlaanderen",10396,"Meerhout",10396,0.506444786456329,0.493555213543671,1,0,0,0,0,0,0.041362062331666,0.0495382839553674,0.0561754520969604,0.0543478260869565,0.0448249326664102,0.0515582916506349,0.05723355136591,0.0656983455175067,0.0674297806848788,0.0658907272027703,0.0641592920353982,0.0771450557906887,0.0782031550596383,0.0676221623701424,0.0574259330511735,0.0434782608695652,0.0274143901500577,0.0304924971142747,0,0,0.11,0.255,0.345,0.187,0.077,0.026,0,0,0.352678000766969,0.394989134603093,0.0842387830755465,0.168094081554391
"58",58,"13023","Merksplas","Vlaanderen",8883,"Merksplas",8883,0.501069458516267,0.498930541483733,1,0,0,0,0,0,0.0437915118766183,0.0466058763931104,0.0561747157491838,0.0596645277496341,0.0622537431048069,0.0570753123944613,0.057187886975121,0.0548238207812676,0.0610154227175504,0.0632669143307441,0.066193853427896,0.0728357536868175,0.084543510075425,0.067995046718451,0.0592142294269954,0.0407519981988067,0.0236406619385343,0.0229652144545762,0,0,0.11,0.255,0.345,0.187,0.077,0.026,0,0,0.368774395003903,0.372209211553474,0.0869633099141296,0.172053083528493
"59",59,"13025","Mol","Vlaanderen",38534,"Mol",38534,0.497327035864431,0.502672964135569,1,0,0,0,0,0,0.0436497638449162,0.0516946073597343,0.0566512690091867,0.0544713759277521,0.0536149893600457,0.0543416203871905,0.0581304821715887,0.0630611927129288,0.0665905434162039,0.0648258680645664,0.064799916956454,0.0735454403903047,0.074557533606685,0.0650334769294649,0.0521098250895313,0.0436757149530285,0.0275860279233923,0.031660351897026,0,0,0.11,0.255,0.345,0.187,0.077,0.026,0,0,0.331986357232891,0.375064877289241,0.0855268035886409,0.207421961889227
"60",60,"13029","Olen","Vlaanderen",12824,"Olen",12824,0.505068621334997,0.494931378665003,1,0,0,0,0,0,0.0412507797878977,0.0499844042420462,0.0579382407985028,0.0576263256394261,0.0520898315658141,0.0519338739862757,0.05630068621335,0.0646444167186525,0.0721303805364941,0.0646444167186525,0.0689332501559576,0.0706487835308796,0.0729101684341859,0.0740018714909545,0.0489706799750468,0.0407829070492826,0.0284622582657517,0.0267467248908297,0,0,0.11,0.255,0.345,0.187,0.077,0.026,0,0,0.360172160403107,0.388725593113584,0.0825110224648331,0.168591224018476
"61",61,"13031","Oud-Turnhout","Vlaanderen",14828,"Oud-Turnhout",14828,0.494200161855948,0.505799838144052,1,0,0,0,0,0,0.0487591043970866,0.0550310223900728,0.0584030213110332,0.056379821958457,0.0504451038575668,0.0434313461019692,0.0565821418937146,0.0626517399514432,0.0614378203398975,0.0584704612894524,0.0675748583760453,0.074318856217966,0.0698678176422984,0.0626517399514432,0.0597518208794173,0.0502427839223091,0.0304154302670623,0.033585109252765,0,0,0.11,0.255,0.345,0.187,0.077,0.026,0,0,0.357552959809939,0.360918629974262,0.0830528608196397,0.198475549396159
"62",62,"13035","Ravels","Vlaanderen",15514,"Ravels",15514,0.504383137811009,0.495616862188991,1,0,0,0,0,0,0.0533711486399381,0.0542735593657342,0.0548536805466031,0.0474410210132783,0.0546603068196468,0.0550470542735594,0.0608482660822483,0.0594946499935542,0.0616217609900735,0.0546603068196468,0.0707747840660049,0.0784452752352714,0.0814103390486013,0.0645868248034034,0.051115121825448,0.0436380043831378,0.0285548536805466,0.0252030424133041,0,0,0.11,0.255,0.345,0.187,0.077,0.026,0,0,0.391154791154791,0.377199017199017,0.0907125307125307,0.140933660933661
"63",63,"13036","Retie","Vlaanderen",11867,"Retie",11867,0.502991489003118,0.497008510996882,1,0,0,0,0,0,0.0491278334878234,0.0511502485885228,0.0579758995533833,0.0554478806775091,0.0514873177719727,0.0537625347602595,0.0571332265947586,0.0606724530209826,0.0637903429678942,0.0588185725120081,0.0668239656189433,0.0799696637734895,0.0737338838796663,0.0685093115361928,0.0511502485885228,0.0424707171146878,0.0274711384511671,0.0305047611022162,0,0,0.11,0.255,0.345,0.187,0.077,0.026,0,0,0.36932944606414,0.357201166180758,0.0941107871720117,0.17935860058309
"64",64,"13037","Rijkevorsel","Vlaanderen",12561,"Rijkevorsel",12561,0.50513494148555,0.49486505851445,1,0,0,0,0,0,0.0511105803678051,0.0570814425603057,0.0628930817610063,0.0562853276013056,0.0558872701218056,0.0593901759414059,0.0651222036462065,0.0643260886872064,0.0713319003264071,0.060106679404506,0.0661571530929066,0.070376562375607,0.0658387071093066,0.0568426080726057,0.0454581641589045,0.0393280789746039,0.0277844120691028,0.0246795637290025,0,0,0.11,0.255,0.345,0.187,0.077,0.026,0,0,0.384581594553042,0.377663079288381,0.0962003074895673,0.141555018669009
"65",65,"13040","Turnhout","Vlaanderen",47305,"Turnhout",47305,0.498361695381038,0.501638304618962,1,0,0,0,0,0,0.0572032554698235,0.0577951590740936,0.0567170489377444,0.0555755205580805,0.0580276926329141,0.0646654687665152,0.0680900539055068,0.0656167424162351,0.0639255892611775,0.0586195962371842,0.0628897579537047,0.0647711658387063,0.0644117957932565,0.0579854138040376,0.046591269421837,0.0394250079272804,0.0273966811119332,0.0302927808899693,0,0,0.11,0.255,0.345,0.187,0.077,0.026,0,0,0.413442141940216,0.34143285041873,0.0761354606027263,0.168989547038328
"66",66,"13044","Vorselaar","Vlaanderen",8034,"Vorselaar",8034,0.500373412994772,0.499626587005228,1,0,0,0,0,0,0.0415733134179736,0.0514065222803087,0.0531491162559124,0.0565098332088623,0.0476723923325865,0.0446850883744088,0.0565098332088623,0.0650983320886234,0.06957928802589,0.0633557381130197,0.0638536221060493,0.0733134179736122,0.082150858849888,0.0689569330346029,0.0603684341548419,0.0411999004232014,0.0261389096340553,0.0344784665173015,0,0,0.11,0.255,0.345,0.187,0.077,0.026,0,0,0.384055573933179,0.357260999007608,0.0879920608666887,0.170691366192524
"67",67,"13046","Vosselaar","Vlaanderen",11801,"Vosselaar",11801,0.497923904753834,0.502076095246166,1,0,0,0,0,0,0.04991102448945,0.0571138039149225,0.0598254385221591,0.0561816795186849,0.049317854419117,0.0512668417930684,0.0637234132700619,0.0666045250402508,0.067875603762393,0.055673248029828,0.0647402762477756,0.0744852131175324,0.0751631217693416,0.0616896873146344,0.0506736717227354,0.0444030166935006,0.0251673586984154,0.0261842216761291,0,0,0.11,0.255,0.345,0.187,0.077,0.026,0,0,0.332131699110791,0.363854842585917,0.0944484498918529,0.20956500841144
"68",68,"13049","Westerlo","Vlaanderen",25625,"Westerlo",25625,0.502829268292683,0.497170731707317,1,0,0,0,0,0,0.0393756097560976,0.0460878048780488,0.0570926829268293,0.0574048780487805,0.0517073170731707,0.0456975609756098,0.0539707317073171,0.058380487804878,0.0691512195121951,0.0660682926829268,0.0708292682926829,0.0745365853658537,0.0730926829268293,0.0658731707317073,0.0621268292682927,0.0494829268292683,0.0289170731707317,0.0302048780487805,0,0,0.11,0.255,0.345,0.187,0.077,0.026,0,0,0.346131775262142,0.387709322343367,0.0833637644112891,0.182795137983202
"69",69,"13053","Laakdal","Vlaanderen",16753,"Laakdal",16753,0.498776338566227,0.501223661433773,1,0,0,0,0,0,0.0426192323762908,0.0473348057064406,0.0551543007222587,0.0507371814003462,0.0450068644421895,0.0549752283173163,0.0639885393660837,0.0653614278039754,0.0664358622336298,0.0647048289858533,0.0703157643407151,0.0724646332000239,0.0737778308362681,0.0685250402912911,0.0595714200441712,0.0425595415746433,0.02638333432818,0.0300841640303229,0,0,0.11,0.255,0.345,0.187,0.077,0.026,0,0,0.3642617181251,0.389537673972164,0.0877459606462966,0.158454647256439
"70",70,"21001","Anderlecht","Bruxelles",126581,"Anderlecht",126581,0.498818938071275,0.501181061928725,1,0,0,0,0,0,0.0687069939406388,0.0737551449269638,0.0732100394213982,0.0686358932225215,0.0717327245005175,0.0697656046326068,0.0732258395809798,0.0731705390224441,0.0711244183566254,0.0676167829295076,0.0632322386456103,0.0569279749725472,0.04676057228178,0.0362376660004266,0.0279504822998712,0.0222308245313278,0.0161240628530348,0.0195921978811986,0,0,0.11,0.255,0.345,0.187,0.077,0.026,0,0,0.55244102766279,0.296418949996715,0.0209474998357317,0.130192522504764
"71",71,"21002","Auderghem","Bruxelles",35350,"Auderghem",35350,0.476605374823197,0.523394625176803,1,0,0,0,0,0,0.0516548797736917,0.0598868458274399,0.0619236209335219,0.056973125884017,0.0605657708628006,0.0766902404526167,0.0762942008486563,0.0714851485148515,0.0731824611032532,0.0725601131541726,0.0642432814710042,0.0582743988684583,0.0508628005657709,0.0441301272984441,0.0386421499292786,0.0319094766619519,0.0212446958981612,0.0294766619519095,0,0,0.11,0.255,0.345,0.187,0.077,0.026,0,0,0.356946796706185,0.332009577760906,0.0214331600770893,0.28961046545582
"72",72,"21003","Berchem-Sainte-Agathe","Bruxelles",25787,"Berchem-Sainte-Agathe",25787,0.485515957653081,0.514484042346919,1,0,0,0,0,0,0.0641020669329507,0.07030674370807,0.0711598867646488,0.0657307945864195,0.065924690735642,0.0610385077752356,0.0651491061387521,0.0671656260906658,0.0675146391592663,0.0654593399775081,0.0642959630821732,0.0622018846705704,0.053554116415248,0.045643153526971,0.0362973591344476,0.0295109939116609,0.0206305502772715,0.0243145771124985,0,0,0.11,0.255,0.345,0.187,0.077,0.026,0,0,0.467211086364761,0.322135609997525,0.0246226181638208,0.186030685473893
"73",73,"21004","Bruxelles","Bruxelles",196828,"Bruxelles",196828,0.509678501026277,0.490321498973723,1,0,0,0,0,0,0.0586552726238137,0.0620541792834353,0.0613225760562522,0.0599762228951165,0.0738207978539639,0.096891702400065,0.0912116162334627,0.0789826650679781,0.0739376511471945,0.0684303046314549,0.0635275468937346,0.0551344320929949,0.0457201211209787,0.0344666409250716,0.0269778690023777,0.0200479606560042,0.0134584510333896,0.0153839900827118,0,0,0.11,0.255,0.345,0.187,0.077,0.026,0,0,0.506426008268976,0.306712692097668,0.0229347062953429,0.163926593338014
"74",74,"21005","Etterbeek","Bruxelles",49775,"Etterbeek",49775,0.480040180813661,0.519959819186338,1,0,0,0,0,0,0.0510698141637368,0.0464088397790055,0.041767955801105,0.042230035158212,0.0669814163736816,0.135690607734807,0.119799095931693,0.0891411351079859,0.0737518834756404,0.0664590657960824,0.0591260673028629,0.0527373179306881,0.0446609743847313,0.0333500753390256,0.0273631341034656,0.0203314917127072,0.0136815670517328,0.0154495228528378,0,0,0.11,0.255,0.345,0.187,0.077,0.026,0,0,0.4095495826071,0.313136409503715,0.0207779102834602,0.256536097605724
"75",75,"21006","Evere","Bruxelles",45234,"Evere",45234,0.483220586284653,0.516779413715347,1,0,0,0,0,0,0.0622982712119202,0.069748419330592,0.0661670424901623,0.0585621435203608,0.0578104965291595,0.0675598001503294,0.0843613211301234,0.0825706327099085,0.0741698722200115,0.0649511429455719,0.0614360878984834,0.0551576247955078,0.0478843347924128,0.0377813149400893,0.0334925056373524,0.0278109386744484,0.0203165760268824,0.0279214749966839,0,0,0.11,0.255,0.345,0.187,0.077,0.026,0,0,0.490975833588253,0.31431630468033,0.0209161823187519,0.173791679412664
"76",76,"21007","Forest","Bruxelles",58044,"Forest",58044,0.484942457446075,0.515057542553925,1,0,0,0,0,0,0.0606781062642134,0.0610743573840535,0.0601957135965819,0.0539590655364896,0.0587657639032458,0.0755116807938805,0.0912583557301358,0.0845909999310868,0.0808180001378265,0.0740300461718696,0.0660877954655089,0.05683619323272,0.0470849700227414,0.0366273861208738,0.0307180759423885,0.0260319757425401,0.0166942319619599,0.0190372820618841,0,0,0.11,0.255,0.345,0.187,0.077,0.026,0,0,0.457630374235682,0.306751608669206,0.018887857348657,0.216730159746455
"77",77,"21008","Ganshoren","Bruxelles",25564,"Ganshoren",25564,0.481497418244406,0.518502581755594,1,0,0,0,0,0,0.0647394773900798,0.066421530276952,0.066460647785949,0.0617274291973087,0.0583242059145674,0.060632138945392,0.0699812235956814,0.0740494445313722,0.0684556407447974,0.0669691754029103,0.0656000625880144,0.0593803786574871,0.0539821624158974,0.0449460178375841,0.0358707557502738,0.0348928180253481,0.0210843373493976,0.0264825535909873,0,0,0.11,0.255,0.345,0.187,0.077,0.026,0,0,0.473135624767341,0.319704677999752,0.0220871075815858,0.185072589651322
"78",78,"21009","Ixelles","Bruxelles",89278,"Ixelles",89278,0.481888035126235,0.518111964873765,1,0,0,0,0,0,0.0431573287932077,0.0383633145903806,0.0371984139429647,0.0400994645937409,0.0790900333788839,0.147035103832971,0.126100495082775,0.0891261004950828,0.0710589394923721,0.0636550998006228,0.0576513810793253,0.0506619771948296,0.0438965926656063,0.033670109097426,0.0269719303747844,0.0227155626246108,0.0136539797038464,0.0158941732565694,0,0,0.11,0.255,0.345,0.187,0.077,0.026,0,0,0.377052571694551,0.336531250808099,0.0197305474386491,0.2666856300587
"79",79,"21010","Jette","Bruxelles",54107,"Jette",54107,0.483837581089323,0.516162418910677,1,0,0,0,0,0,0.0649084222004547,0.0672371412201748,0.067200177426211,0.0638734359694679,0.0625057755928068,0.0674958877779215,0.0755539948620326,0.0735949137819506,0.073705805163842,0.0686048015968359,0.065241096346129,0.0556305099155377,0.0503446873787126,0.0390337664257859,0.0320106455726616,0.0289426506736651,0.0194799194189292,0.024636368676881,0,0,0.11,0.255,0.345,0.187,0.077,0.026,0,0,0.470679293389182,0.318672980027924,0.0243125113822619,0.186335215200631
"80",80,"21011","Koekelberg","Bruxelles",22648,"Koekelberg",22648,0.499735075944896,0.500264924055104,1,0,0,0,0,0,0.0718827269516072,0.0725008830801837,0.0738255033557047,0.0658336276933946,0.0667608618862593,0.0730307311903921,0.080713528788414,0.0751059696220417,0.0776227481455316,0.0718827269516072,0.0655245496291063,0.0541328152596256,0.0440657011656658,0.0317908866125044,0.0249470151889792,0.0217237725185447,0.0132462027552102,0.0154097492052278,0,0,0.11,0.255,0.345,0.187,0.077,0.026,0,0,0.49992337164751,0.311570881226054,0.0245977011494253,0.163908045977012
"81",81,"21012","Molenbeek-Saint-Jean","Bruxelles",98365,"Molenbeek-Saint-Jean",98365,0.497107711076094,0.502892288923906,1,0,0,0,0,0,0.0722818075534997,0.0796624815737305,0.079245666649723,0.0752198444568698,0.0692726071265186,0.0691607787322727,0.0718548264118335,0.0711126925227469,0.069292939561836,0.0657245971636253,0.0618411020179942,0.054623087480303,0.0448635185279317,0.0354292685406395,0.0271641335841,0.0216845422660499,0.0151171656585167,0.0164489401718091,0,0,0.11,0.255,0.345,0.187,0.077,0.026,0,0,0.56777427018583,0.292381293325089,0.0220327399355616,0.11781169655352
"82",82,"21013","Saint-Gilles","Bruxelles",49293,"Saint-Gilles",49293,0.499502972024425,0.500497027975575,1,0,0,0,0,0,0.0485058730448542,0.0459700160266164,0.0458888686020327,0.0468626376970361,0.0651208082283489,0.119550443267807,0.117501470797071,0.0911691315196884,0.0779826750248514,0.0712068650721198,0.0669060515691883,0.0566611892155073,0.0470249325462033,0.033067575517822,0.0253991438946706,0.017994441401416,0.0120301056945205,0.0111577708802467,0,0,0.11,0.255,0.345,0.187,0.077,0.026,0,0,0.498706158684661,0.286436561965046,0.0174369998805685,0.197420279469724
"83",83,"21014","Saint-Josse-ten-Noode","Bruxelles",26895,"Saint-Josse-ten-Noode",26895,0.522476296709426,0.477523703290574,1,0,0,0,0,0,0.0631715932329429,0.0573712585982525,0.0600855177542294,0.0595649749023982,0.0781557910392266,0.0981966908347277,0.092954080684142,0.0842163970998327,0.0771518869678379,0.070533556423127,0.064249860568879,0.0570738055400632,0.0464026770775237,0.0319390221230712,0.022755158951478,0.0161368284067671,0.0115263060048336,0.00851459379066741,0,0,0.11,0.255,0.345,0.187,0.077,0.026,0,0,0.610840951825196,0.261557414251443,0.0170524541269533,0.110549179796408
"84",84,"21015","Schaerbeek","Bruxelles",130405,"Schaerbeek",130405,0.495786204516698,0.504213795483302,1,0,0,0,0,0,0.0639699398029217,0.0674437329856984,0.0665541965415437,0.0623979141904068,0.0679345117135079,0.088041102718454,0.0902342701583528,0.0811932057819869,0.0758099766113263,0.0709635366742073,0.0629116981710824,0.0542003757524635,0.0452436639699398,0.033994095318431,0.0254514780874966,0.0186035811510295,0.0125455312296308,0.0125071891415206,0,0,0.11,0.255,0.345,0.187,0.077,0.026,0,0,0.534181218575985,0.289114450992053,0.0203546521057469,0.156349678326215
"85",85,"21016","Uccle","Bruxelles",86806,"Uccle",86806,0.465106098656775,0.534893901343225,1,0,0,0,0,0,0.0476695159320784,0.0547657995991061,0.0595004953574638,0.0593392161832131,0.0588784185424971,0.0662396608529364,0.0692002856945372,0.0660323019146142,0.0696150035711817,0.0711471557265627,0.0705596387346497,0.0636707140059443,0.0556413151164666,0.0462295233048407,0.0438103356910813,0.0383038038845241,0.0265073842821925,0.0328894316061102,0,0,0.11,0.255,0.345,0.187,0.077,0.026,0,0,0.35355817714775,0.337884121396632,0.0198839311197793,0.288673770335839
"86",86,"21017","Watermael-Boitsfort","Bruxelles",25295,"Watermael-Boitsfort",25295,0.460802530144297,0.539197469855703,1,0,0,0,0,0,0.0417869144099624,0.0525004941688081,0.0608025301442973,0.0654279501877841,0.0645186795809449,0.0604071950978454,0.0576003162680372,0.057560782763392,0.0625815378533307,0.0660604862621071,0.0713579758845622,0.0686301640640443,0.0631350069183633,0.0529353627199051,0.0495750148250642,0.0423403834749951,0.0276339197469856,0.0351452856295711,0,0,0.11,0.255,0.345,0.187,0.077,0.026,0,0,0.35960737656157,0.326368233194527,0.0208953004164188,0.293129089827484
"87",87,"21018","Woluwe-Saint-Lambert","Bruxelles",60771,"Woluwe-Saint-Lambert",60771,0.46701551726975,0.53298448273025,1,0,0,0,0,0,0.0498757631106942,0.0543680373862533,0.0566882230011025,0.0548781491171776,0.0630728472462194,0.08439880864228,0.0834114956146846,0.0746902305375919,0.0731269849105659,0.0694739267084629,0.0625462802981685,0.0565565812640898,0.0507972552697833,0.0418456171529183,0.0393608793668032,0.0350331572625101,0.0207335735795034,0.0291421895311909,0,0,0.11,0.255,0.345,0.187,0.077,0.026,0,0,0.350969578366839,0.332894502757516,0.0220957125066714,0.294040206368973
"88",88,"21019","Woluwe-Saint-Pierre","Bruxelles",42571,"Woluwe-Saint-Pierre",42571,0.469967818467971,0.530032181532029,1,0,0,0,0,0,0.0451011251791125,0.0598529515397806,0.0655375725258979,0.0607455779756172,0.0591717366282211,0.0648798477837025,0.0568462098611731,0.062836203049024,0.0692490192854291,0.0738530924807968,0.0691550586079726,0.0643395738883277,0.057997228160015,0.0472152404218834,0.0417890112987715,0.0374903103051373,0.0256982452843485,0.0382419957247892,0,0,0.11,0.255,0.345,0.187,0.077,0.026,0,0,0.304227191121267,0.331646809205157,0.02208802567869,0.342037973994886
"89",89,"23002","Asse","Vlaanderen",35755,"Asse",35755,0.492574465109775,0.507425534890225,1,0,0,0,0,0,0.0608586211718641,0.0647461893441477,0.062005313942106,0.0622290588728849,0.0615018878478534,0.0618095371276745,0.0634316878758216,0.0645224444133688,0.0643826038316319,0.0625367081527059,0.0670116067682842,0.0648300936931898,0.0579779051880856,0.049559502167529,0.039183331002657,0.0381485106978045,0.0246119423856803,0.030653055516711,0,0,0.11,0.255,0.345,0.187,0.077,0.026,0,0,0.393821195868977,0.343513142147954,0.06045831301804,0.202207348965028
"90",90,"23003","Beersel","Vlaanderen",26505,"Beersel",26505,0.491718543671005,0.508281456328995,1,0,0,0,0,0,0.0539143557819279,0.0653461611016789,0.069798151292209,0.0668175815883796,0.0583286172420298,0.0412752310884739,0.0521033767213733,0.0655725334842483,0.0702886247877759,0.0700622524052066,0.0681380871533673,0.0659120920581023,0.0664402942840973,0.0545934729296359,0.0423693642708923,0.0366723259762309,0.0232408979437842,0.0291265798905867,0,0,0.11,0.255,0.345,0.187,0.077,0.026,0,0,0.348275024295432,0.362001943634597,0.0510811467444121,0.238641885325559
"91",91,"23009","Biévène","Vlaanderen",2276,"Biévène",2276,0.49780316344464,0.50219683655536,1,0,0,0,0,0,0.0430579964850615,0.0514059753954306,0.0641476274165202,0.0724956063268893,0.0531634446397188,0.0417398945518453,0.0562390158172232,0.0579964850615114,0.0681019332161687,0.0751318101933216,0.0733743409490334,0.0808435852372583,0.0738137082601054,0.0584358523725835,0.0443760984182777,0.0417398945518453,0.023725834797891,0.0202108963093146,0,0,0.11,0.255,0.345,0.187,0.077,0.026,0,0,0.334620334620335,0.378378378378378,0.0849420849420849,0.202059202059202
"92",92,"23016","Dilbeek","Vlaanderen",44878,"Dilbeek",44878,0.483087481616828,0.516912518383172,1,0,0,0,0,0,0.0551272338339498,0.0615669147466465,0.062859307455769,0.0612772405187397,0.0569989749988859,0.0511163599090869,0.0568429965684745,0.0619680021391328,0.0625250679620304,0.0632826774811712,0.0638843085699006,0.0689870315076429,0.0649315923169482,0.0551717990997816,0.0445652658318107,0.0403092829448728,0.0295913365123223,0.0389946076028344,0,0,0.11,0.255,0.345,0.187,0.077,0.026,0,0,0.367626512182655,0.351439768273982,0.0543193048219458,0.226614414721418
"93",93,"23023","Gammerages","Vlaanderen",8931,"Gammerages",8931,0.496808867987907,0.503191132012093,1,0,0,0,0,0,0.0456835740678535,0.0492665994849401,0.0584481021162244,0.0677415742917926,0.0534094726234464,0.0428843354607547,0.0557608330534095,0.0565446198633972,0.0705408128988915,0.0721083865188669,0.0709886910760273,0.0731161124174225,0.0749076251259657,0.0652782443175456,0.0493785690292241,0.0429963050050386,0.0238495129324824,0.0270966297167171,0,0,0.11,0.255,0.345,0.187,0.077,0.026,0,0,0.335407591785937,0.388767890479154,0.0866521468574984,0.189172370877411
"94",94,"23024","Gooik","Vlaanderen",9527,"Gooik",9527,0.496378713131101,0.503621286868899,1,0,0,0,0,0,0.0510129106749239,0.0488086491025506,0.0573108008817046,0.0530072425737378,0.0560512228403485,0.0540568909415346,0.0540568909415346,0.0579405899023827,0.0653930933137399,0.0584654140862811,0.0677023197228928,0.0744200692767923,0.0772541198698436,0.0661278471711976,0.0510129106749239,0.043140547916448,0.0297050488086491,0.0345334313005143,0,0,0.11,0.255,0.345,0.187,0.077,0.026,0,0,0.338198064035741,0.358897989575577,0.0893521965748325,0.21355174981385
"95",95,"23025","Grimbergen","Vlaanderen",39860,"Grimbergen",39860,0.485750125439037,0.514249874560963,1,0,0,0,0,0,0.0601856497742097,0.0620672353236327,0.0638735574510788,0.0598845960863021,0.0570245860511791,0.0556447566482689,0.0622177621675866,0.0656547917711992,0.0654791771199197,0.0648018063221274,0.0656798795785248,0.0663070747616658,0.0601354741595585,0.051530356246864,0.0437029603612644,0.0368038133467135,0.0255644756648269,0.0334420471650778,0,0,0.11,0.255,0.345,0.187,0.077,0.026,0,0,0.364269141531323,0.354083919933934,0.0524597900035393,0.229187148531205
"96",96,"23027","Hal","Vlaanderen",42595,"Hal",42595,0.487944594435967,0.512055405564033,1,0,0,0,0,0,0.055992487381148,0.0578236882263176,0.0602887662871229,0.0601713816175607,0.055992487381148,0.0631764291583519,0.069116093438197,0.0672848925930273,0.0676840004695387,0.0636459678366005,0.0635520601009508,0.0628242751496655,0.0590210118558516,0.0505927925812889,0.0452400516492546,0.0390421410963728,0.0267637046601714,0.0317877685174316,0,0,0.11,0.255,0.345,0.187,0.077,0.026,0,0,0.369116519071194,0.368698138205146,0.0814796736629245,0.180705669060735
"97",97,"23032","Herne","Vlaanderen",6825,"Herne",6825,0.493040293040293,0.506959706959707,1,0,0,0,0,0,0.0467399267399267,0.0531868131868132,0.0556776556776557,0.0589010989010989,0.0552380952380952,0.0549450549450549,0.0506959706959707,0.0581684981684982,0.0641758241758242,0.0625641025641026,0.0707692307692308,0.0744322344322344,0.0761904761904762,0.0613919413919414,0.0502564102564103,0.0416117216117216,0.0306227106227106,0.0344322344322344,0,0,0.11,0.255,0.345,0.187,0.077,0.026,0,0,0.341821946169772,0.360662525879917,0.0784679089026915,0.219047619047619
"98",98,"23033","Hoeilaart","Vlaanderen",11636,"Hoeilaart",11636,0.48607768992781,0.51392231007219,1,0,0,0,0,0,0.0528532141629426,0.0614472327260227,0.0689240288759024,0.0663458233069783,0.057837744929529,0.0409934685458921,0.050532829150911,0.0640254382949467,0.0674630457201787,0.0735647988999656,0.0726194568580268,0.0634238569955311,0.0603300103128223,0.0540563767617738,0.0470092815400481,0.0447748367136473,0.0234616706772087,0.0303368855276727,0,0,0.11,0.255,0.345,0.187,0.077,0.026,0,0,0.34421004704811,0.347093640916679,0.0528152982243133,0.255881013810897
"99",99,"23038","Kampenhout","Vlaanderen",12528,"Kampenhout",12528,0.493135376756066,0.506864623243934,1,0,0,0,0,0,0.0462164750957854,0.0549169859514687,0.0617017879948914,0.0601851851851852,0.055874840357599,0.0539591315453384,0.0549968071519796,0.0660121328224777,0.0670498084291188,0.0652139208173691,0.0682471264367816,0.0782247765006386,0.0709610472541507,0.0589080459770115,0.0451787994891443,0.0359195402298851,0.0269795657726692,0.0294540229885057,0,0,0.11,0.255,0.345,0.187,0.077,0.026,0,0,0.321200139551111,0.367833469008024,0.0850098848703338,0.225956506570531
"100",100,"23039","Kapelle-op-den-Bos","Vlaanderen",9703,"Kapelle-op-den-Bos",9703,0.486138307739874,0.513861692260126,1,0,0,0,0,0,0.0495722972276616,0.0520457590435948,0.0560651344944862,0.0586416572194167,0.0537977944965475,0.0508090281356282,0.0621457281253221,0.0610120581263527,0.0660620426672163,0.0596722663093888,0.0702875399361022,0.0712150881170772,0.0662681644852108,0.0631763372152942,0.0518396372256003,0.0428733381428424,0.0286509327012264,0.0358651963310316,0,0,0.11,0.255,0.345,0.187,0.077,0.026,0,0,0.343425605536332,0.366205305651672,0.0895328719723183,0.200836216839677
"101",101,"23044","Liedekerke","Vlaanderen",14013,"Liedekerke",14013,0.488046813673018,0.511953186326982,1,0,0,0,0,0,0.0530221936772996,0.057660743595233,0.0682223649468351,0.0575893812888033,0.0530221936772996,0.0495254406622422,0.0565903089987868,0.0587311781916792,0.0644401627060587,0.0596588881752658,0.0710768572040248,0.0730036394776279,0.0652965103832156,0.0547348890316135,0.052379932919432,0.0421037607935488,0.0313994148290873,0.0315421394419468,0,0,0.11,0.255,0.345,0.187,0.077,0.026,0,0,0.420908259676928,0.347963019404653,0.0638016864776999,0.167327034440719
"102",102,"23045","Londerzeel","Vlaanderen",19404,"Londerzeel",19404,0.490620490620491,0.509379509379509,1,0,0,0,0,0,0.0472582972582973,0.0550917336631622,0.0567408781694496,0.0577715934858792,0.0540610183467326,0.0528241599670171,0.0607091321377036,0.0636466707895279,0.0632859204287776,0.0644197072768501,0.0661719233147805,0.0736446093588951,0.0718408575551433,0.0573077715934859,0.0481344052772624,0.0449391877963307,0.0298907441764585,0.0322613894042465,0,0,0.11,0.255,0.345,0.187,0.077,0.026,0,0,0.335963424526215,0.359634245262149,0.0900376078460291,0.214364722365607
"103",103,"23047","Machelen","Vlaanderen",16576,"Machelen",16576,0.490769787644788,0.509230212355212,1,0,0,0,0,0,0.0574927606177606,0.0669039575289575,0.0762548262548263,0.0768581081081081,0.068351833976834,0.0640082046332046,0.0647321428571429,0.065094111969112,0.0737813706563707,0.0642495173745174,0.0649131274131274,0.0608108108108108,0.0533301158301158,0.0428330115830116,0.0321549227799228,0.0250361969111969,0.0184604247104247,0.024734555984556,0,0,0.11,0.255,0.345,0.187,0.077,0.026,0,0,0.446047056702425,0.359596141710989,0.0528261065536825,0.141530695032904
"104",104,"23050","Meise","Vlaanderen",20299,"Meise",20299,0.48879255135721,0.51120744864279,1,0,0,0,0,0,0.0514803684910587,0.0594610571949357,0.0586235775161338,0.057145672200601,0.0566037735849057,0.0499531996650081,0.0586728410266516,0.0584265234740628,0.0627124488891078,0.0595103207054535,0.0640425636730873,0.0692644957879699,0.0742893738607813,0.0682792255776147,0.051628159022612,0.0395585989457609,0.0259126065323415,0.0344351938519139,0,0,0.11,0.255,0.345,0.187,0.077,0.026,0,0,0.335560895029284,0.364544225859739,0.0645742603994594,0.235320618711518
"105",105,"23052","Merchtem","Vlaanderen",18029,"Merchtem",18029,0.489877419712685,0.510122580287315,1,0,0,0,0,0,0.0572411115425148,0.0559099229019912,0.0562981862554773,0.051028897886738,0.0554107271617949,0.059515225470076,0.0669476953796661,0.0638970547451328,0.0633978590049365,0.057684841089356,0.0636197237783571,0.070996727494592,0.0704420655610405,0.0556325919352155,0.0482555882189805,0.0417105774030728,0.0280658938377059,0.0339453103333518,0,0,0.11,0.255,0.345,0.187,0.077,0.026,0,0,0.343069348243345,0.368855879162146,0.0821163314695819,0.205958441124927
"106",106,"23060","Opwijk","Vlaanderen",14866,"Opwijk",14866,0.493004170590609,0.506995829409391,1,0,0,0,0,0,0.0484999327324095,0.0557648325036997,0.0667967173415848,0.068142069151083,0.0544194806942015,0.048903538275259,0.0538140723799274,0.0610789721512175,0.0676039284272837,0.0686802098748823,0.0686129422844074,0.0692856181891565,0.0643078164940132,0.0566393111798735,0.0484326651419346,0.0419077088658684,0.0254944167899906,0.0316157675232073,0,0,0.11,0.255,0.345,0.187,0.077,0.026,0,0,0.336156289096333,0.359060725627947,0.080550476373785,0.224232508901934
"107",107,"23062","Overijse","Vlaanderen",25970,"Overijse",25970,0.489179822872545,0.510820177127455,1,0,0,0,0,0,0.0541008856372738,0.0601463226800154,0.0635733538698498,0.0670773969965345,0.056372737774355,0.0428571428571429,0.0494801694262611,0.0628802464381979,0.0655371582595302,0.0710050057758953,0.0700423565652676,0.071274547554871,0.0623026569118213,0.0540238737004236,0.0465922217943781,0.0402387370042357,0.0303427031189834,0.0321524836349634,0,0,0.11,0.255,0.345,0.187,0.077,0.026,0,0,0.315757534893129,0.359449801092307,0.0501651945249815,0.274627469489583
"108",108,"23064","Pepingen","Vlaanderen",4592,"Pepingen",4592,0.501742160278746,0.498257839721254,1,0,0,0,0,0,0.0415940766550523,0.0555313588850174,0.0620644599303136,0.0566202090592334,0.0620644599303136,0.0429006968641115,0.0505226480836237,0.0585801393728223,0.0592334494773519,0.0596689895470383,0.072081881533101,0.0788327526132404,0.0749128919860627,0.0655487804878049,0.0524825783972125,0.0372386759581882,0.0287456445993031,0.0413763066202091,0,0,0.11,0.255,0.345,0.187,0.077,0.026,0,0,0.303265940902022,0.391290824261275,0.0811819595645412,0.224261275272162
"109",109,"23077","Sint-Pieters-Leeuw","Vlaanderen",36525,"Sint-Pieters-Leeuw",36525,0.490431211498973,0.509568788501027,1,0,0,0,0,0,0.0568925393566051,0.0633264887063655,0.0683915126625599,0.0644490075290897,0.0618754277891855,0.0566735112936345,0.0614373716632444,0.0620123203285421,0.0672142368240931,0.0651060917180014,0.0643121149897331,0.0629705681040383,0.0623956194387406,0.0514442162902122,0.0418069815195072,0.0373716632443532,0.0228336755646817,0.0294866529774127,0,0,0.11,0.255,0.345,0.187,0.077,0.026,0,0,0.431151241534989,0.34656269238662,0.0474861481633491,0.174799917915042
"110",110,"23081","Steenokkerzeel","Vlaanderen",12663,"Steenokkerzeel",12663,0.490405117270789,0.509594882729211,1,0,0,0,0,0,0.0518044697149175,0.0600963436784332,0.0634920634920635,0.0646766169154229,0.056542683408355,0.0453289110005528,0.0538576956487404,0.0623864802969281,0.0655452894258864,0.0667298428492458,0.0713890863144594,0.0690989496959646,0.0649135276000948,0.0532259338229487,0.0467503751085841,0.0458817025981205,0.0255863539445629,0.0326936744847193,0,0,0.11,0.255,0.345,0.187,0.077,0.026,0,0,0.344277350476409,0.377912983583974,0.075881069911606,0.201928596028011
"111",111,"23086","Ternat","Vlaanderen",16578,"Ternat",16578,0.492520207503921,0.507479792496079,1,0,0,0,0,0,0.0536252865243093,0.05887320545301,0.0587525636385571,0.0615876462782,0.0544094583182531,0.045843889492098,0.0604415490408976,0.0632766316805405,0.0655085052479189,0.0636988780311256,0.0664736397635421,0.0677403788152974,0.0708167450838461,0.0609241162987091,0.0487392930389673,0.0384847388104717,0.0280492218602968,0.0327542526239595,0,0,0.11,0.255,0.345,0.187,0.077,0.026,0,0,0.365463275831407,0.346434287746754,0.0753156677929931,0.212786768628846
"112",112,"23088","Vilvorde","Vlaanderen",47445,"Vilvorde",47445,0.489219095795131,0.510780904204869,1,0,0,0,0,0,0.0653177363262725,0.0709874591632416,0.0745916324164822,0.0718726946991253,0.0646221941195068,0.0615449467804827,0.0656338918748024,0.0679312888607862,0.0709453050901043,0.0654441985456845,0.0656128148382337,0.0604489408789124,0.0526715143850775,0.0424913057224154,0.0330487933396564,0.0258615238697439,0.0183159447781642,0.0226578143113078,0,0,0.11,0.255,0.345,0.187,0.077,0.026,0,0,0.424031260175838,0.357017258222077,0.0563660045587756,0.162585477043308
"113",113,"23094","Zaventem","Vlaanderen",36676,"Zaventem",36676,0.487839459046788,0.512160540953212,1,0,0,0,0,0,0.056440178863562,0.0648107754389792,0.0692278329152579,0.0665830515868688,0.0614843494383248,0.0561947867815465,0.0627385756352928,0.0691187697676955,0.0747082560802705,0.0718998800305377,0.0673737594066965,0.059793870651107,0.0580215945032174,0.0460519140582397,0.0357999781873705,0.0301286945141237,0.021512705856691,0.0281110262842186,0,0,0.11,0.255,0.345,0.187,0.077,0.026,0,0,0.381615598885794,0.352460538532962,0.0468430826369545,0.21908077994429
"114",114,"23096","Zemst","Vlaanderen",23401,"Zemst",23401,0.488782530661083,0.511217469338917,1,0,0,0,0,0,0.0468356053160121,0.055424981838383,0.0625186957822315,0.0610657664202384,0.051536259134225,0.0433314815606171,0.051536259134225,0.0606384342549464,0.070424340840135,0.0607239006880048,0.0680312807144994,0.0755095936071108,0.0798256484765608,0.0658518866715098,0.0503824622879364,0.0394000256399299,0.0247852655869407,0.0321781120464937,0,0,0.11,0.255,0.345,0.187,0.077,0.026,0,0,0.311920280772123,0.364690398596139,0.0797819002256205,0.243607420406117
"115",115,"23097","Roosdaal","Vlaanderen",11958,"Roosdaal",11958,0.491386519484864,0.508613480515136,1,0,0,0,0,0,0.0468305736745275,0.0546077939454758,0.0604616156547918,0.057869208897809,0.0568656966047834,0.0480013380163907,0.0614651279478174,0.0552768021408262,0.0689078441210905,0.0658136812175949,0.0676534537548085,0.0760160561966884,0.0715838769024921,0.0654791771199197,0.0467469476501087,0.0411440040140492,0.0269275798628533,0.0283492222779729,0,0,0.11,0.255,0.345,0.187,0.077,0.026,0,0,0.33876725368872,0.373631603998096,0.0807948595906711,0.206806282722513
"116",116,"23098","Drogenbos","Vlaanderen",5944,"Drogenbos",5944,0.475100942126514,0.524899057873486,1,0,0,0,0,0,0.0560228802153432,0.0667900403768506,0.0662853297442799,0.0635935397039031,0.0603970390309556,0.0593876177658143,0.0688088829071332,0.0693135935397039,0.0664535666218035,0.0730148048452221,0.0716689098250336,0.0607335127860027,0.0570323014804845,0.047442799461642,0.0375168236877524,0.0269179004037685,0.0171601615074024,0.0314602960969044,0,0,0.11,0.255,0.345,0.187,0.077,0.026,0,0,0.442249657064472,0.345679012345679,0.0246913580246914,0.187379972565158
"117",117,"23099","Kraainem","Vlaanderen",13962,"Kraainem",13962,0.483741584300243,0.516258415699757,1,0,0,0,0,0,0.0473427875662513,0.066537745308695,0.0764217160865206,0.0693310413980805,0.064174187079215,0.0480590173327603,0.0414697034808767,0.058659217877095,0.0702621400945423,0.0772095688296806,0.0703337630711932,0.0652485317289787,0.0610943990832259,0.0520699040252113,0.0479157713794585,0.0346655206990403,0.0227044835983383,0.0265005013608366,0,0,0.11,0.255,0.345,0.187,0.077,0.026,0,0,0.304902109576567,0.341174685081196,0.0227652147518592,0.331157990590378
"118",118,"23100","Linkebeek","Vlaanderen",4674,"Linkebeek",4674,0.476679503637142,0.523320496362858,1,0,0,0,0,0,0.050278134360291,0.0639709028669234,0.0609756097560976,0.0635430038510911,0.0594779632006846,0.038938810440736,0.0451433461703038,0.0614035087719298,0.0671801454856654,0.063329054343175,0.0673940949935815,0.0738125802310655,0.0742404792468977,0.0656824989302525,0.0500641848523748,0.0395806589644844,0.0267436884895165,0.0282413350449294,0,0,0.11,0.255,0.345,0.187,0.077,0.026,0,0,0.304896142433234,0.36053412462908,0.0237388724035608,0.310830860534125
"119",119,"23101","Rhode-Saint-Genèse","Vlaanderen",18693,"Rhode-Saint-Genèse",18693,0.486706253677847,0.513293746322153,1,0,0,0,0,0,0.0467019740009629,0.0651580805649173,0.0681003584229391,0.066388487669181,0.0637671855774889,0.0440271759482159,0.0416198577007436,0.0517305943401273,0.0704541807093564,0.0695447493714225,0.071738083774675,0.070828652436741,0.0669769432407853,0.0574546621730059,0.0500722195474242,0.0424757930776226,0.0255175734232065,0.0274434280211844,0,0,0.11,0.255,0.345,0.187,0.077,0.026,0,0,0.317203777626327,0.356829909453802,0.0324213805861163,0.293544932333755
"120",120,"23102","Wemmel","Vlaanderen",18179,"Wemmel",18179,0.489520875735739,0.510479124264261,1,0,0,0,0,0,0.0585840805324825,0.0642499587436053,0.0673304362176137,0.0605093789537378,0.0639749161119974,0.0567687991638704,0.0641399416909621,0.0657901974806095,0.0663952912701469,0.0636998734803895,0.0686506408493316,0.0607844215853457,0.0541833984267561,0.0481324605313824,0.0410363606358986,0.0368557126354585,0.0257989988448209,0.0331151328455911,0,0,0.11,0.255,0.345,0.187,0.077,0.026,0,0,0.391639572689271,0.345471435206688,0.036414305620065,0.226474686483976
"121",121,"23103","Wezembeek-Oppem","Vlaanderen",14742,"Wezembeek-Oppem",14742,0.481549314882648,0.518450685117352,1,0,0,0,0,0,0.0514855514855515,0.0645095645095645,0.0715642382309049,0.067969067969068,0.0602360602360602,0.0421923755257089,0.0444308777642111,0.0591507258173925,0.0685795685795686,0.0693257359924027,0.0686474019807353,0.0622710622710623,0.0641703975037308,0.0624067290733957,0.0483652150318817,0.0366978700312034,0.0237416904083571,0.0342558675892009,0,0,0.11,0.255,0.345,0.187,0.077,0.026,0,0,0.308525409608442,0.332546514856984,0.0283254651485698,0.330602610386004
"122",122,"23104","Lennik","Vlaanderen",9471,"Lennik",9471,0.487276950691585,0.512723049308415,1,0,0,0,0,0,0.0450849963045085,0.0533206630767606,0.0549044451483476,0.0545876887340302,0.0544821032625911,0.0500475134621476,0.0540597613768345,0.0531094921338824,0.0575440819343258,0.0591278640059128,0.069897582092704,0.0799282018794214,0.0765494667933692,0.0643015521064302,0.0539541759053954,0.0476190476190476,0.0320979833174955,0.0393833808467955,0,0,0.11,0.255,0.345,0.187,0.077,0.026,0,0,0.338499690018599,0.363763174209547,0.0728456292622443,0.224891506509609
"123",123,"23105","Affligem","Vlaanderen",13651,"Affligem",13651,0.493150684931507,0.506849315068493,1,0,0,0,0,0,0.0495201816716724,0.0585305105853051,0.0635850853417332,0.0655629624203355,0.0514248040436598,0.0480550875393744,0.0535491905354919,0.0569189070397773,0.0737674895612043,0.0695187165775401,0.0698849901106146,0.0707640465899934,0.0638048494615779,0.0591165482382243,0.052743388762728,0.0406563621712695,0.0257856567284448,0.0268112226210534,0,0,0.11,0.255,0.345,0.187,0.077,0.026,0,0,0.350069585697463,0.361310352210684,0.0796488598651108,0.208971202226742
"124",124,"24001","Aarschot","Vlaanderen",31138,"Aarschot",31138,0.490108549039758,0.509891450960241,1,0,0,0,0,0,0.0413000192690603,0.0467595863575053,0.0489755282934036,0.0475624638705119,0.0486864923887212,0.0564583467146252,0.0658359560665425,0.0641338557389685,0.0671847902883936,0.0626565611150363,0.0651936540561372,0.0761770184340677,0.0728691630804804,0.0639411651358469,0.0526045346521935,0.0463420900507419,0.0342989273556426,0.0390198471321215,0,0,0.11,0.255,0.345,0.187,0.077,0.026,0,0,0.348257808268641,0.36856833363423,0.083408557501354,0.199765300595775
"125",125,"24007","Begijnendijk","Vlaanderen",10615,"Begijnendijk",10615,0.489024964672633,0.510975035327367,1,0,0,0,0,0,0.0391898257183231,0.0434291097503533,0.0535091851154027,0.0549222797927461,0.0524729156853509,0.0516250588789449,0.0566179934055582,0.0589731512011305,0.0589731512011305,0.0617051342439943,0.0711257654262836,0.0780028261893547,0.0794159208666981,0.0723504474799812,0.055864342910975,0.0443711728685822,0.0304286387187942,0.0370230805463966,0,0,0.11,0.255,0.345,0.187,0.077,0.026,0,0,0.335836354220611,0.378430864836872,0.0845416882444329,0.201191092698084
"126",126,"24008","Bekkevoort","Vlaanderen",6771,"Bekkevoort",6771,0.496086250184611,0.503913749815389,1,0,0,0,0,0,0.0448973563727662,0.0451927337173239,0.049623393885689,0.0518387239698715,0.0481465071629006,0.0565647614827943,0.0661645251809186,0.0669029685423128,0.0716290060552356,0.0711859400383991,0.0705951853492837,0.0738443361394181,0.0729582041057451,0.0581893368778615,0.0500664599025255,0.0407620735489588,0.0296854231280461,0.0317530645399498,0,0,0.11,0.255,0.345,0.187,0.077,0.026,0,0,0.338438630078707,0.369283131248671,0.0940225483939587,0.198255690278664
"127",127,"24009","Bertem","Vlaanderen",10242,"Bertem",10242,0.490724467877368,0.509275532122632,1,0,0,0,0,0,0.0506736965436438,0.0573130247998438,0.0588752196836555,0.064049990236282,0.0571177504393673,0.0469634836945909,0.0549697324741261,0.0659050966608084,0.0682483889865261,0.0648310876781878,0.0666861941027143,0.0709822300331966,0.0629759812536614,0.0596563171255614,0.0485256785784027,0.0424721734036321,0.0244092950595587,0.035344659246241,0,0,0.11,0.255,0.345,0.187,0.077,0.026,0,0,0.328073738478363,0.356038119043899,0.0757694110295266,0.240118731448211
"128",128,"24011","Bierbeek","Vlaanderen",10534,"Bierbeek",10534,0.504461742927663,0.495538257072337,1,0,0,0,0,0,0.0445224985760395,0.0496487564078223,0.060755648376685,0.0632238465919878,0.0593316878678565,0.0441427757736852,0.0536358458325422,0.0575280045566736,0.0650275299031707,0.0711030947408392,0.0739510157584963,0.0643630149990507,0.0699639263337763,0.0596164799696222,0.059426618568445,0.0438579836719195,0.0274349724700968,0.0324662996012911,0,0,0.11,0.255,0.345,0.187,0.077,0.026,0,0,0.296365914786967,0.342261904761905,0.0639097744360902,0.297462406015038
"129",129,"24014","Boortmeerbeek","Vlaanderen",13348,"Boortmeerbeek",13348,0.496254120467486,0.503745879532514,1,0,0,0,0,0,0.0561881929877135,0.0576865448007192,0.0595594845669763,0.0560383578064129,0.0485465987413845,0.0480970931974828,0.0677255019478574,0.065253221456398,0.0669763260413545,0.0585855558885226,0.0643542103685946,0.0685495954450105,0.0701977824393167,0.061057836379982,0.0489211866946359,0.0419538507641594,0.0290680251723105,0.0312406353011687,0,0,0.11,0.255,0.345,0.187,0.077,0.026,0,0,0.308417825984438,0.362060834708795,0.0860646074039142,0.243456731902853
"130",130,"24016","Boutersem","Vlaanderen",8634,"Boutersem",8634,0.493514014361825,0.506485985638175,1,0,0,0,0,0,0.0502663886958536,0.0569840166782488,0.0589529766041232,0.0586055130877925,0.0537410238591615,0.0515404215890665,0.0565207319898077,0.0654389622422979,0.0681028492008339,0.0671762798239518,0.069029418577716,0.0759786889043317,0.064164929349085,0.0576789437109104,0.0509613157285152,0.0376418809358351,0.0255964790363678,0.0316191799861015,0,0,0.11,0.255,0.345,0.187,0.077,0.026,0,0,0.313188831741367,0.362417340191036,0.0793534166054372,0.24504041146216
"131",131,"24020","Diest","Vlaanderen",24971,"Diest",24971,0.493412358335669,0.506587641664331,1,0,0,0,0,0,0.0388050138160266,0.047895558848264,0.0538624804773537,0.0545032237395379,0.0503784389892275,0.0543830843778783,0.057426614873253,0.0606303311841736,0.0669977173521285,0.0644747907572784,0.064995394657803,0.0721236634496015,0.0732850106123103,0.0675583677065396,0.0575467542349125,0.0486163950182211,0.0322774418325257,0.0342397180729646,0,0,0.11,0.255,0.345,0.187,0.077,0.026,0,0,0.363123075168245,0.345956427512262,0.0789323599863123,0.211988137333181
"132",132,"24028","Geetbets","Vlaanderen",6261,"Geetbets",6261,0.498322951605175,0.501677048394825,1,0,0,0,0,0,0.0415269126337646,0.05142948410797,0.0589362721609966,0.0576585210030347,0.0424852260022361,0.0515892030027152,0.0608528988979396,0.0629292445296279,0.0683596869509663,0.0667624980035138,0.0677208113719853,0.0763456316882287,0.0773039450567002,0.0595751477399776,0.0522280785816962,0.0423255071074908,0.028270244369909,0.0337006867912474,0,0,0.11,0.255,0.345,0.187,0.077,0.026,0,0,0.36496037695438,0.374812593703148,0.102591561362176,0.157635467980296
"133",133,"24033","Haacht","Vlaanderen",15516,"Haacht",15516,0.488785769528229,0.511214230471771,1,0,0,0,0,0,0.0456947666924465,0.0504640371229698,0.0569734467646301,0.0592936323794792,0.0513663315287445,0.0443413250837845,0.0564578499613302,0.0641918020108275,0.0670275844289765,0.0638051044083527,0.0646429492137149,0.0725058004640371,0.0745681876772364,0.0647718484145398,0.0553622067543181,0.0449213714874968,0.0289378705852024,0.0346738850219129,0,0,0.11,0.255,0.345,0.187,0.077,0.026,0,0,0.324761274463458,0.34196842204784,0.0846175664176988,0.248652737071003
"134",134,"24038","Herent","Vlaanderen",23007,"Herent",23007,0.48859042899987,0.51140957100013,1,0,0,0,0,0,0.0532011996348937,0.0553744512539662,0.0568522623549355,0.0568522623549355,0.0555048463511105,0.062328856434998,0.0699787021341331,0.064545573086452,0.0667188247055244,0.0612856956578433,0.0603294649454514,0.0647194332159777,0.0651975485721737,0.056808797322554,0.0475942104576868,0.0409875255357065,0.0272091102707872,0.0345112357108706,0,0,0.11,0.255,0.345,0.187,0.077,0.026,0,0,0.302764104505869,0.333737220749716,0.0830745929572132,0.280424081787202
"135",135,"24041","Hoegaarden","Vlaanderen",6873,"Hoegaarden",6873,0.501527717154081,0.498472282845919,1,0,0,0,0,0,0.043794558416994,0.0548523206751055,0.0597992143168922,0.0583442455987196,0.0611086861632475,0.043794558416994,0.0595082205732577,0.060235704932344,0.0686745234977448,0.0635821329841408,0.0788593045249527,0.084679179397643,0.0685290266259275,0.0630001454968718,0.043212570929725,0.0368107085697658,0.0213880401571366,0.0298268587225375,0,0,0.11,0.255,0.345,0.187,0.077,0.026,0,0,0.310859825048005,0.365265628333689,0.0806486025176019,0.243225944100704
"136",136,"24043","Holsbeek","Vlaanderen",10207,"Holsbeek",10207,0.498089546389733,0.501910453610267,1,0,0,0,0,0,0.0433036151660625,0.0524150093073381,0.0579994121681199,0.0642696188889978,0.0552561967277359,0.0458508866464191,0.0512393455471735,0.060742627608504,0.0675026942294504,0.0659351425492309,0.067992554129519,0.0804349955912609,0.0741647888703831,0.0604487116684628,0.0532967571274615,0.0423238953659253,0.0272362104438131,0.0295875379641423,0,0,0.11,0.255,0.345,0.187,0.077,0.026,0,0,0.296990775744745,0.35263874187207,0.0837743837895055,0.266596098593679
"137",137,"24045","Huldenberg","Vlaanderen",10083,"Huldenberg",10083,0.492412972329664,0.507587027670336,1,0,0,0,0,0,0.0455221660220173,0.059506099375186,0.0581176237230983,0.0642665873252008,0.0527620747793315,0.0434394525438857,0.055043141922047,0.0602003372012298,0.0688287216106318,0.0640682336606169,0.0713081424179312,0.0724982644054349,0.0717048497470991,0.0609937518595656,0.050778538133492,0.042348507388674,0.0259843300604979,0.0326291778240603,0,0,0.11,0.255,0.345,0.187,0.077,0.026,0,0,0.325505947783099,0.35037849528812,0.0787888150780164,0.245326741850765
"138",138,"24048","Keerbergen","Vlaanderen",13298,"Keerbergen",13298,0.490825688073394,0.509174311926605,1,0,0,0,0,0,0.0363964505940743,0.0430139870657242,0.0560986614528501,0.0567002556775455,0.0564746578432847,0.0383516318243345,0.0530154910512859,0.0472251466385923,0.0552714693938938,0.0645961798766732,0.0720409084072793,0.0818168145585802,0.0806888253872763,0.073469694690931,0.0634681907053692,0.0536170852759814,0.0329372838020755,0.0348172657542488,0,0,0.11,0.255,0.345,0.187,0.077,0.026,0,0,0.301681729779201,0.356023338290813,0.0747054112801739,0.267589520649811
"139",139,"24054","Kortenaken","Vlaanderen",7949,"Kortenaken",7949,0.496163039376022,0.503836960623978,1,0,0,0,0,0,0.0461693294754057,0.0460435274877343,0.054346458674047,0.0499433891055479,0.0452887155617059,0.0493143791671908,0.0595043401685747,0.0625235878726884,0.0649138256384451,0.0576173103535036,0.0696943011699585,0.082903509875456,0.0777456283809284,0.0631525978110454,0.0525852308466474,0.0452887155617059,0.0333375267329224,0.0396276261164926,0,0,0.11,0.255,0.345,0.187,0.077,0.026,0,0,0.354152712659076,0.368720696584059,0.0937709310113865,0.183355659745479
"140",140,"24055","Kortenberg","Vlaanderen",21165,"Kortenberg",21165,0.494590125206709,0.505409874793291,1,0,0,0,0,0,0.0507441530829199,0.058681785967399,0.06293408929837,0.063690054334987,0.0563193952279707,0.0466808410111032,0.0557996692652965,0.0637845499645641,0.0706354831089062,0.0670918969997638,0.0700212615166549,0.0704937396645405,0.0630758327427356,0.0544767304512166,0.0437514764942121,0.0415308291991495,0.0260807937632884,0.0342074179069218,0,0,0.11,0.255,0.345,0.187,0.077,0.026,0,0,0.33150293365428,0.34902963743042,0.0774785617571837,0.241988867158116
"141",141,"24059","Landen","Vlaanderen",16390,"Landen",16390,0.487004270896888,0.512995729103112,1,0,0,0,0,0,0.0455155582672361,0.0543014032946919,0.0625991458206223,0.0630872483221477,0.0466137888956681,0.0427089688834655,0.0564368517388652,0.0624161073825503,0.0694935936546675,0.0676021964612569,0.0674801708358755,0.0727882855399634,0.0701037217815741,0.0647956070774863,0.0549115314215985,0.0417937766931055,0.0264795607077486,0.0308724832214765,0,0,0.11,0.255,0.345,0.187,0.077,0.026,0,0,0.367464196895635,0.373552868536146,0.0743503987651145,0.184632535803104
"142",142,"24062","Louvain","Vlaanderen",104009,"Louvain",104009,0.499168341201242,0.500831658798758,1,0,0,0,0,0,0.0463613725735273,0.0454672191829553,0.0477939409089598,0.0515051582074628,0.0843292407387822,0.118143622186542,0.0908767510503899,0.0695709025180513,0.0629657048909229,0.0576392427578383,0.053706890749839,0.0519089694161082,0.0501687353978983,0.0466882673614783,0.0383909084790739,0.0321510638502437,0.0221615437125633,0.0301704660173639,0,0,0.11,0.255,0.345,0.187,0.077,0.026,0,0,0.341717677610833,0.324151363383417,0.0769059543683918,0.257225004637359
"143",143,"24066","Lubbeek","Vlaanderen",15124,"Lubbeek",15124,0.495040994445914,0.504959005554086,1,0,0,0,0,0,0.0458212113197567,0.0531605395398043,0.0559375826500926,0.056135942872256,0.0518381380587146,0.0469452525786829,0.056268183020365,0.0608304681301243,0.0608965882041788,0.0634091510182491,0.0610949484263422,0.0742528431631843,0.0719386405712774,0.0651943930177202,0.0558714625760381,0.0531605395398043,0.0351758793969849,0.0320682359164242,0,0,0.11,0.255,0.345,0.187,0.077,0.026,0,0,0.29697933227345,0.353047164811871,0.0765235824059353,0.273449920508744
"144",144,"24086","Oud-Heverlee","Vlaanderen",11474,"Oud-Heverlee",11474,0.493812096914764,0.506187903085236,1,0,0,0,0,0,0.0450583928882691,0.0595258846086805,0.0598744988670037,0.0669339375980478,0.0563012027191912,0.0398291790134217,0.0479344605194352,0.0607460345128116,0.0659752483876591,0.0631863343210737,0.0663238626459822,0.0661495555168206,0.0718145372145721,0.0638835628377201,0.055952588460868,0.0452327000174307,0.0336412759281855,0.0316367439428273,0,0,0.11,0.255,0.345,0.187,0.077,0.026,0,0,0.287262033740907,0.340349791054016,0.0753753288964557,0.297012846308621
"145",145,"24094","Rotselaar","Vlaanderen",17672,"Rotselaar",17672,0.494397917609778,0.505602082390222,1,0,0,0,0,0,0.0486079674060661,0.0532480760525125,0.0621321865097329,0.0581711181530104,0.0490040742417383,0.0499660479855138,0.0658103214124038,0.0617360796740607,0.064961521050249,0.0646785875961974,0.0637732005432322,0.0754866455409688,0.0729402444545043,0.0619624264373019,0.049117247623359,0.0399502037120869,0.0252942507922137,0.0331598008148483,0,0,0.11,0.255,0.345,0.187,0.077,0.026,0,0,0.302116402116402,0.354938271604938,0.0806878306878307,0.262257495590829
"146",146,"24104","Tervuren","Vlaanderen",23077,"Tervuren",23077,0.484118386272046,0.515881613727954,1,0,0,0,0,0,0.0506131646227846,0.0649131169562768,0.0696364345452182,0.071369762100793,0.0614031286562378,0.0380032066559778,0.0440698531004897,0.0578064739784201,0.0710664297785674,0.0745764180786064,0.0747064176452745,0.0714997616674611,0.0612297959006803,0.0490531698227673,0.0432031893227023,0.0364865450448498,0.0272132426225246,0.0331498895003683,0,0,0.11,0.255,0.345,0.187,0.077,0.026,0,0,0.322489626556017,0.344979253112033,0.0498755186721992,0.282655601659751
"147",147,"24107","Tirlemont","Vlaanderen",36581,"Tirlemont",36581,0.48618135097455,0.51381864902545,1,0,0,0,0,0,0.0479483885076952,0.0548098739782947,0.0565867526858205,0.0593477488313605,0.0502719991252289,0.0519395314507531,0.0597577977638665,0.0624641207184057,0.0689428938519997,0.0653891364369481,0.0651977802684454,0.066619283234466,0.0669199857849703,0.0590197096853558,0.0533883710122741,0.0457341242721631,0.0302342746234384,0.0354282277685137,0,0,0.11,0.255,0.345,0.187,0.077,0.026,0,0,0.385285462036492,0.362213066509712,0.0697272905630763,0.18277418089072
"148",148,"24109","Tremelo","Vlaanderen",15417,"Tremelo",15417,0.495881170136862,0.504118829863138,1,0,0,0,0,0,0.0374910812739184,0.0417720697930856,0.0498151391321269,0.0553285334371149,0.0505286372186547,0.0452098333009016,0.0574690276966984,0.0520204968541221,0.0625932412272167,0.0613608354413959,0.0740740740740741,0.0841927742102873,0.0828306414996433,0.0714795355776091,0.0587662969449309,0.0466368294739573,0.0324317312058118,0.0359992216384511,0,0,0.11,0.255,0.345,0.187,0.077,0.026,0,0,0.352484610580783,0.366134356320814,0.0767240610223927,0.20465697207601
"149",149,"24130","Léau","Vlaanderen",8734,"Léau",8734,0.491298374169911,0.508701625830089,1,0,0,0,0,0,0.0358369590107625,0.0507213189832837,0.0531257155942294,0.0554156171284635,0.0472864666819327,0.0424776734600412,0.0530112205175177,0.0581634989695443,0.0660636592626517,0.0621708266544539,0.0786581177009389,0.0784291275475155,0.0765972063201282,0.0668651247996336,0.0599954201969315,0.0447675749942752,0.0344630180902221,0.0359514540874742,0,0,0.11,0.255,0.345,0.187,0.077,0.026,0,0,0.362909426418576,0.38197754882362,0.0871905274488698,0.167922497308934
"150",150,"24133","Linter","Vlaanderen",7323,"Linter",7323,0.491601802539943,0.508398197460057,1,0,0,0,0,0,0.0432882698347672,0.0524375256042606,0.0513450771541718,0.0543493103919159,0.0472483954663389,0.0469752833538167,0.0604943329236652,0.0580363239109654,0.0598115526423597,0.0675952478492421,0.0763348354499522,0.0812508534753516,0.0711457053120306,0.0658200191178479,0.0514816332104329,0.0454731667349447,0.030178888433702,0.0367335791342346,0,0,0.11,0.255,0.345,0.187,0.077,0.026,0,0,0.331759578717995,0.407662974396223,0.0878881423642637,0.172689304521518
"151",151,"24134","Montaigu-Zichem","Vlaanderen",24001,"Montaigu-Zichem",24001,0.49456272655306,0.50543727344694,1,0,0,0,0,0,0.0409149618765885,0.0447898004249823,0.0506645556435149,0.0501229115453523,0.0458730886213074,0.0525394775217699,0.0598725053122787,0.058205908087163,0.0645389775426024,0.0634140244156493,0.0708720469980418,0.0760801633265281,0.0729552935294363,0.0662889046289738,0.0597058455897671,0.0495812674471897,0.0324153160284988,0.0411649514603558,0,0,0.11,0.255,0.345,0.187,0.077,0.026,0,0,0.379980619050333,0.364304850937696,0.0824260388759049,0.173288491136066
"152",152,"24135","Tielt-Winge","Vlaanderen",11604,"Tielt-Winge",11604,0.497500861771803,0.502499138228197,1,0,0,0,0,0,0.0461909686315064,0.0495518786625302,0.0598931402964495,0.0597207859358842,0.0495518786625302,0.0478283350568769,0.0564460530851431,0.0606687349189935,0.0705791106514995,0.0656670113753878,0.0694588073078249,0.0689417442261289,0.0741985522233713,0.0666149603584971,0.0529127886935539,0.0425715270596346,0.0273181661496036,0.0318855567045846,0,0,0.11,0.255,0.345,0.187,0.077,0.026,0,0,0.334366524602867,0.364845667054113,0.0829135993800852,0.217874208962934
"153",153,"24137","Glabbeek","Vlaanderen",5425,"Glabbeek",5425,0.492165898617512,0.507834101382489,1,0,0,0,0,0,0.0458986175115207,0.0433179723502304,0.0501382488479263,0.0600921658986175,0.0586175115207373,0.047926267281106,0.0527188940092166,0.0589861751152074,0.0554838709677419,0.063963133640553,0.0752073732718894,0.0849769585253456,0.0764976958525346,0.0606451612903226,0.0543778801843318,0.0446082949308756,0.0278341013824885,0.0387096774193548,0,0,0.11,0.255,0.345,0.187,0.077,0.026,0,0,0.303169734151329,0.37321063394683,0.0858895705521472,0.237730061349693
"154",154,"25005","Beauvechain","Wallonie",7233,"Beauvechain",7233,0.492326835338034,0.507673164661966,1,0,0,0,0,0,0.0472832849440066,0.059034978570441,0.0572376607216922,0.0703719065394719,0.0564081294068851,0.0441034149039126,0.0541960459007328,0.0583437024747684,0.0626296142679386,0.0691276095672612,0.0689893543481266,0.0706484169777409,0.0821236001659063,0.0566846398451542,0.0539195354624637,0.0435503940273745,0.0218443246232545,0.0235033872528688,0,0,0.11,0.255,0.345,0.187,0.077,0.026,0,0,0.333846492192654,0.35319991202991,0.0347481856168903,0.278205410160545
"155",155,"25014","Braine-l’Alleud","Wallonie",40461,"Braine-l’Alleud",40461,0.480388522280715,0.519611477719285,1,0,0,0,0,0,0.0456241813103977,0.0518276859197746,0.05684486295445,0.0614913126220311,0.060873433676874,0.0495786065594029,0.0559551172734238,0.0650255801883295,0.0635673858777588,0.0667556412347693,0.0734781641580781,0.0694001631200415,0.0637898222980154,0.0576604631620573,0.0514322433948741,0.0477002545661254,0.0289908801067695,0.0300042015768271,0,0,0.11,0.255,0.345,0.187,0.077,0.026,0,0,0.343761736648389,0.344249981221363,0.0232103958536769,0.288777886276572
"156",156,"25015","Braine-le-Château","Wallonie",10646,"Braine-le-Château",10646,0.489573548750704,0.510426451249296,1,0,0,0,0,0,0.0466842006387376,0.0559834679691903,0.0596468157054293,0.0614315235769303,0.0596468157054293,0.0464024046590269,0.0559834679691903,0.0651888033064062,0.068946083035882,0.0659402592523013,0.0746759346233327,0.0758970505354124,0.068946083035882,0.0600225436783769,0.0465902686455007,0.0392635731730227,0.0231072703362765,0.0256434341536727,0,0,0.11,0.255,0.345,0.187,0.077,0.026,0,0,0.381765195670275,0.339716902581182,0.02248126561199,0.256036636136553
"157",157,"25018","Chaumont-Gistoux","Wallonie",11818,"Chaumont-Gistoux",11818,0.489253680825859,0.510746319174141,1,0,0,0,0,0,0.0426468099509223,0.0505161617871044,0.0584701303096971,0.0655779319681841,0.0613470976476561,0.0526315789473684,0.0509392452191572,0.0576239634455915,0.0553393129125063,0.0642240649856152,0.0728549669994923,0.0797935352851582,0.0770011846336097,0.0620240311389406,0.0530546623794212,0.0459468607209342,0.0250465391775258,0.0249619224911152,0,0,0.11,0.255,0.345,0.187,0.077,0.026,0,0,0.298643786327152,0.361610849709383,0.0265707168557985,0.313174647107667
"158",158,"25023","Court-Saint-Etienne","Wallonie",10854,"Court-Saint-Etienne",10854,0.488944168048646,0.511055831951354,1,0,0,0,0,0,0.0454210429334807,0.0571217984153308,0.0610834715312327,0.0674405749032615,0.0665192555739819,0.0598857564031693,0.0620047908605123,0.0628339782568638,0.0608992076653768,0.0637552975861434,0.0724156992813709,0.0725078312142989,0.0650451446471347,0.0567532706836189,0.0462502303298323,0.0393403353602359,0.0197162336465819,0.0210060807075732,0,0,0.11,0.255,0.345,0.187,0.077,0.026,0,0,0.350933578206305,0.337465564738292,0.0258647076828895,0.285736149372513
"159",159,"25031","Genappe","Wallonie",16068,"Genappe",16068,0.494523276076674,0.505476723923326,1,0,0,0,0,0,0.0516554642768235,0.0595593726661688,0.0622977346278317,0.0629823251182474,0.0571321882001494,0.0529624097585263,0.0614264376400299,0.0664052775703261,0.0687079910380881,0.0681478715459298,0.06957928802589,0.0689569330346029,0.0657829225790391,0.057630072193179,0.0487303958177745,0.0388971869554394,0.019915359721185,0.0192307692307692,0,0,0.11,0.255,0.345,0.187,0.077,0.026,0,0,0.35744430267936,0.354696241044263,0.0231622337815291,0.264697222494847
"160",160,"25037","Grez-Doiceau","Wallonie",14064,"Grez-Doiceau",14064,0.4851393629124,0.5148606370876,1,0,0,0,0,0,0.0513367463026166,0.0554607508532423,0.0607935153583618,0.0618600682593857,0.0579493742889647,0.0478526734926052,0.0597269624573379,0.0594425483503982,0.0620733788395904,0.0629266211604096,0.0662684869169511,0.068259385665529,0.0767207053469852,0.0637798634812287,0.0493458475540387,0.0405290102389078,0.0258816837315131,0.029792377701934,0,0,0.11,0.255,0.345,0.187,0.077,0.026,0,0,0.339830028328612,0.34300283286119,0.0274220963172805,0.289745042492918
"161",161,"25043","Incourt","Wallonie",5662,"Incourt",5662,0.496114447191805,0.503885552808195,1,0,0,0,0,0,0.0519251148004239,0.0662310137760509,0.0635817732250088,0.0609325326739668,0.0549275874249382,0.0476863299187566,0.0648180854821618,0.0648180854821618,0.066407629812787,0.0671140939597315,0.0701165665842459,0.0688802543270929,0.0770045920169551,0.0519251148004239,0.0485694101024373,0.0356764394206994,0.0176616036736136,0.0217237725185447,0,0,0.11,0.255,0.345,0.187,0.077,0.026,0,0,0.342582417582418,0.356043956043956,0.0296703296703297,0.271703296703297
"162",162,"25044","Ittre","Wallonie",7013,"Ittre",7013,0.490517610152574,0.509482389847426,1,0,0,0,0,0,0.0454869528019393,0.0568943390845573,0.0620276629117354,0.0617424782546699,0.0578924853842863,0.0416369599315557,0.0483387993725938,0.0724369028946243,0.0667332097533153,0.0722943105660915,0.0787109653500642,0.0673035790674462,0.0635961785255953,0.0517610152573792,0.0493369456723228,0.0394980750035648,0.0232425495508342,0.0410665906174248,0,0,0.11,0.255,0.345,0.187,0.077,0.026,0,0,0.373175965665236,0.345278969957082,0.0231759656652361,0.258369098712446
"163",163,"25048","Jodoigne","Wallonie",14899,"Jodoigne",14899,0.487549499966441,0.512450500033559,1,0,0,0,0,0,0.0483253909658366,0.0551043694207665,0.06195046647426,0.0637626686354789,0.0586616551446406,0.052016913886838,0.0598026713202228,0.0672528357607893,0.0660447009866434,0.0665816497751527,0.0680582589435533,0.0685952077320626,0.0683938519363716,0.057587757567622,0.0514799650983287,0.0372508222028324,0.0243640512786093,0.0247667628699913,0,0,0.11,0.255,0.345,0.187,0.077,0.026,0,0,0.383964092624707,0.362134040599816,0.0296847903702948,0.224217076405182
"164",164,"25050","La Hulpe","Wallonie",7530,"La Hulpe",7530,0.482602921646746,0.517397078353254,1,0,0,0,0,0,0.0428950863213811,0.050730411686587,0.0593625498007968,0.0621513944223108,0.0609561752988048,0.048472775564409,0.0460823373173971,0.0559096945551129,0.0597609561752988,0.0621513944223108,0.0721115537848606,0.0750332005312085,0.0666666666666667,0.0583001328021248,0.0529880478087649,0.0452855245683931,0.0369189907038513,0.0442231075697211,0,0,0.11,0.255,0.345,0.187,0.077,0.026,0,0,0.298245614035088,0.347134502923977,0.0252631578947368,0.329356725146199
"165",165,"25068","Mont-Saint-Guibert","Wallonie",8407,"Mont-Saint-Guibert",8407,0.492446770548353,0.507553229451647,1,0,0,0,0,0,0.0509099559890567,0.0565005352682289,0.0578089687165457,0.0624479600333056,0.0649458784346378,0.074342809563459,0.075889140002379,0.0699417152373022,0.0657785179017485,0.0567384322588319,0.0723206851433329,0.0619721660520994,0.0585226596883549,0.0504341620078506,0.046746758653503,0.0339003211609373,0.0193886047341501,0.0214107291542762,0,0,0.11,0.255,0.345,0.187,0.077,0.026,0,0,0.330927835051546,0.340618556701031,0.028659793814433,0.29979381443299
"166",166,"25072","Nivelles","Wallonie",29070,"Nivelles",29070,0.476023391812866,0.523976608187135,1,0,0,0,0,0,0.0430684554523564,0.0504643962848297,0.0558995528035776,0.0565187478500172,0.0554867561059512,0.0621259029927761,0.0637426900584795,0.0640866873065015,0.0679738562091503,0.0649810801513588,0.0654282765737874,0.0631922944616443,0.0641210870313037,0.0579979360165119,0.0543515651874785,0.0499484004127967,0.0269349845201238,0.0336773305813554,0,0,0.11,0.255,0.345,0.187,0.077,0.026,0,0,0.376067936181163,0.336850231600618,0.0209469891919712,0.266134843026248
"167",167,"25084","Perwez","Wallonie",9704,"Perwez",9704,0.484336356141797,0.515663643858203,1,0,0,0,0,0,0.0500824402308326,0.0582234130255565,0.0587386644682605,0.0629637262984336,0.0584295136026381,0.0544105523495466,0.06760098928277,0.0687345424567189,0.0698680956306678,0.0635820280296785,0.0683223413025556,0.0690436933223413,0.0606966199505359,0.0538953009068425,0.0462695795548228,0.0394682605111294,0.0241137675185491,0.0255564715581204,0,0,0.11,0.255,0.345,0.187,0.077,0.026,0,0,0.369259606373008,0.356138706654171,0.0257731958762887,0.248828491096532
"168",168,"25091","Rixensart","Wallonie",23096,"Rixensart",23096,0.477701766539661,0.522298233460339,1,0,0,0,0,0,0.0466747488742639,0.0553775545549013,0.0590145479736751,0.0640370626948389,0.0600969864911673,0.0435573259438864,0.0457222029788708,0.0594042258399723,0.0617422930377555,0.0658988569449255,0.0687564946311049,0.0705749913404919,0.0665483200554209,0.0601835815725667,0.0488396259092484,0.0509612054035331,0.0333824038794596,0.0392275718739176,0,0,0.11,0.255,0.345,0.187,0.077,0.026,0,0,0.309848654290614,0.343994632073362,0.0229627972862149,0.32319391634981
"169",169,"25105","Tubize","Wallonie",28381,"Tubize",28381,0.486663612980515,0.513336387019485,1,0,0,0,0,0,0.0550368204080195,0.0606039251611994,0.0662062647545893,0.0660653253937493,0.0587364786300694,0.0534864874387795,0.0633874775377894,0.0652549240689193,0.0664176737958493,0.0677918325640393,0.0700820971776893,0.0662414995947993,0.0587364786300694,0.0524999119128995,0.0466156935978295,0.0383355061484796,0.0229026461364998,0.0215989570487298,0,0,0.11,0.255,0.345,0.187,0.077,0.026,0,0,0.465223797185388,0.342224254432759,0.0261647106640248,0.166387237717828
"170",170,"25107","Villers-la-Ville","Wallonie",11114,"Villers-la-Ville",11114,0.494961310059385,0.505038689940615,1,0,0,0,0,0,0.049667086557495,0.0614540219542919,0.0644232499550117,0.0644232499550117,0.0556955191650171,0.0467878351628577,0.0634335072881051,0.0718913082598524,0.0678423609861436,0.0697318697138744,0.0700017995321216,0.0620838581968688,0.0706316357746986,0.0556955191650171,0.0484074140723412,0.0341911103113191,0.0201547597624618,0.0234838941875112,0,0,0.11,0.255,0.345,0.187,0.077,0.026,0,0,0.339462720873438,0.349518747306422,0.0229852032753915,0.288033328544749
"171",171,"25110","Waterloo","Wallonie",30596,"Waterloo",30596,0.473950843247483,0.526049156752517,1,0,0,0,0,0,0.0423584782324487,0.0507255850437966,0.0598771081187083,0.0636684533926003,0.060694208393254,0.0464112955941953,0.0446136749901948,0.0533729899333246,0.0622303569093999,0.0654987580075827,0.0689305791606746,0.0699437835011113,0.0666100143809648,0.0589619558112172,0.054811086416525,0.0536671460321611,0.0335337952673552,0.0440907308144856,0,0,0.11,0.255,0.345,0.187,0.077,0.026,0,0,0.310019646365422,0.347909065394331,0.021274207128824,0.320797081111423
"172",172,"25112","Wavre","Wallonie",35558,"Wavre",35558,0.482198098880702,0.517801901119298,1,0,0,0,0,0,0.0460374599246302,0.0528713650936498,0.0554868102817931,0.0596771471961303,0.06139265425502,0.0567804713425952,0.0603239777265313,0.0608864390573148,0.0630800382473705,0.0585522245345632,0.0680015748917262,0.0666797907643849,0.0641487147758592,0.0608583159907756,0.0539681646886777,0.0464311828561786,0.0288261432026548,0.0359975251701446,0,0,0.11,0.255,0.345,0.187,0.077,0.026,0,0,0.363716385722459,0.343206725056115,0.0271995070639496,0.265877382157475
"173",173,"25117","Chastre","Wallonie",7728,"Chastre",7728,0.487965838509317,0.512034161490683,1,0,0,0,0,0,0.0500776397515528,0.0583592132505176,0.0711697722567288,0.068064182194617,0.0619824016563147,0.0454192546583851,0.0549948240165631,0.0656055900621118,0.0636645962732919,0.0698757763975155,0.0716873706004141,0.0654761904761905,0.0658643892339544,0.0584886128364389,0.0549948240165631,0.0376552795031056,0.0182453416149068,0.0183747412008282,0,0,0.11,0.255,0.345,0.187,0.077,0.026,0,0,0.328204047217538,0.357925801011804,0.0238195615514334,0.290050590219224
"174",174,"25118","Hélécine","Wallonie",3848,"Hélécine",3848,0.49506237006237,0.50493762993763,1,0,0,0,0,0,0.0587318087318087,0.0683471933471933,0.058991683991684,0.0628898128898129,0.0514553014553015,0.0574324324324324,0.0704261954261954,0.0717255717255717,0.0725051975051975,0.0623700623700624,0.0678274428274428,0.0670478170478171,0.0641891891891892,0.0496361746361746,0.0405405405405405,0.0343035343035343,0.0176715176715177,0.0239085239085239,0,0,0.11,0.255,0.345,0.187,0.077,0.026,0,0,0.398843930635838,0.366859344894027,0.0315992292870906,0.202697495183044
"175",175,"25119","Lasne","Wallonie",14198,"Lasne",14198,0.486265671221299,0.513734328778701,1,0,0,0,0,0,0.0382448232145373,0.0463445555712072,0.0599380194393577,0.0679673193407522,0.0686716438935061,0.044865474010424,0.0401464995069728,0.0476123397661642,0.054232990562051,0.065220453585012,0.0797999718270179,0.0821242428511058,0.0695872658120862,0.066488237779969,0.0588111001549514,0.0503592055219045,0.0312720101422736,0.0283138470207071,0,0,0.11,0.255,0.345,0.187,0.077,0.026,0,0,0.274431057563588,0.361080686381891,0.022635998539613,0.341852257514908
"176",176,"25120","Orp-Jauche","Wallonie",9094,"Orp-Jauche",9094,0.492412579722894,0.507587420277106,1,0,0,0,0,0,0.0491532878821201,0.0561908950956675,0.064548053661755,0.064548053661755,0.0569606333846492,0.0497031009456785,0.0619089509566747,0.0663074554651419,0.0677369694303937,0.0678469320431053,0.0745546514185177,0.0715856608753024,0.0631185396965032,0.0588299978007477,0.0482735869804267,0.0345282603914669,0.0205630085770838,0.0236419617330108,0,0,0.11,0.255,0.345,0.187,0.077,0.026,0,0,0.364211191906418,0.372115080619665,0.028137843819159,0.235535883654758
"177",177,"25121","Ottignies-Louvain-la-Neuve","Wallonie",31648,"Ottignies-Louvain-la-Neuve",31648,0.484232810920121,0.515767189079879,1,0,0,0,0,0,0.0390546006066734,0.0496713852376138,0.0526731547017189,0.0581711324570273,0.086577350859454,0.0881256319514661,0.0657861476238625,0.0607305358948433,0.0560856926188069,0.0587082912032356,0.0580763397371082,0.0605409504550051,0.062752780586451,0.0552009605662285,0.0474279575328615,0.0438258341759353,0.0267947421638018,0.029796511627907,0,0,0.11,0.255,0.345,0.187,0.077,0.026,0,0,0.314699221123571,0.365353808760979,0.0209909959675192,0.298955974147931
"178",178,"25122","Ramillies","Wallonie",6700,"Ramillies",6700,0.497462686567164,0.502537313432836,1,0,0,0,0,0,0.0535820895522388,0.0580597014925373,0.0643283582089552,0.0664179104477612,0.0558208955223881,0.0495522388059702,0.063134328358209,0.071044776119403,0.0714925373134328,0.0653731343283582,0.0691044776119403,0.0683582089552239,0.0646268656716418,0.0585074626865672,0.042089552238806,0.0347761194029851,0.0211940298507463,0.0225373134328358,0,0,0.11,0.255,0.345,0.187,0.077,0.026,0,0,0.344812263941346,0.381248611419685,0.0286602977116196,0.245278826927349
"179",179,"25123","Rebecq","Wallonie",11133,"Rebecq",11133,0.48980508398455,0.51019491601545,1,0,0,0,0,0,0.053354890864996,0.058384981586275,0.0662894098625707,0.065391179376628,0.0558699362256355,0.046348693074643,0.0588340968292464,0.066379232911165,0.0714991466810384,0.065391179376628,0.0693433935147759,0.0708703853408785,0.0672774633971077,0.0566783436629839,0.0454504625887003,0.0402407257702326,0.0208389472738705,0.0215575316626246,0,0,0.11,0.255,0.345,0.187,0.077,0.026,0,0,0.422843410068303,0.351252213508728,0.0265621047305844,0.199342271692386
"180",180,"25124","Walhain","Wallonie",7607,"Walhain",7607,0.495070329959248,0.504929670040752,1,0,0,0,0,0,0.0558695937951886,0.0588931247535165,0.0679637176285001,0.0670435125542264,0.065203102405679,0.0511371105560668,0.0636256079926384,0.0719074536611016,0.0677008018929933,0.0701985013803076,0.0742736952806625,0.0608649927698173,0.0621795714473511,0.0521887734980939,0.0425923491520968,0.0291836466412515,0.0182726436177205,0.0209018009727882,0,0,0.11,0.255,0.345,0.187,0.077,0.026,0,0,0.339285714285714,0.349867724867725,0.0286596119929453,0.282186948853616
"181",181,"31003","Beernem","Vlaanderen",16259,"Beernem",16259,0.506550218340611,0.493449781659389,1,0,0,0,0,0,0.045636262992804,0.048526969678332,0.0537548434713082,0.0556614797958054,0.0503105972077003,0.0523402423273264,0.0669782889476598,0.0602743096131373,0.064272095454825,0.0650101482255981,0.0653791746109847,0.0719601451503783,0.0745433298480841,0.0643335998523894,0.0539393566640015,0.0434836090780491,0.0292760932406667,0.0343194538409496,0,0,0.11,0.255,0.345,0.187,0.077,0.026,0,0,0.375859178541492,0.329170159262364,0.118105616093881,0.176865046102263
"182",182,"31004","Blankenberge","Vlaanderen",20559,"Blankenberge",20559,0.492095919062211,0.507904080937789,1,0,0,0,0,0,0.0302543898049516,0.0356048445936086,0.0386691959725668,0.0400797704168491,0.0384259934821733,0.042852278807335,0.0482513740940707,0.0493214650518021,0.0518507709518945,0.0516562089595797,0.0615788705676346,0.076608784473953,0.0904226859283039,0.0990806945863126,0.0881852230166837,0.0686803832871249,0.0460625516805292,0.0424145143246267,0,0,0.11,0.255,0.345,0.187,0.077,0.026,0,0,0.482413876174416,0.323596723681041,0.0725728740062636,0.12141652613828
"183",183,"31005","Bruges","Vlaanderen",119869,"Bruges",119869,0.489467668871852,0.510532331128148,1,0,0,0,0,0,0.0393095796244233,0.043789470171604,0.0479356630988829,0.0516063369178019,0.0571790871701608,0.0601489959872861,0.0617424021223169,0.0591812728895711,0.0602407628327591,0.0613920196214201,0.0673985767796511,0.0692923107725934,0.0703434582752838,0.0655131852272064,0.0560778850244851,0.0501130400687417,0.0348547163987353,0.043881237017077,0,0,0.11,0.255,0.345,0.187,0.077,0.026,0,0,0.359317707124623,0.333197957762822,0.097284752842887,0.210199582269668
"184",184,"31006","Damme","Vlaanderen",11207,"Damme",11207,0.495850807531007,0.504149192468993,1,0,0,0,0,0,0.0419380744177746,0.0500579994646203,0.0505933791380387,0.0515749085393058,0.0504149192468993,0.0439903631658785,0.0572856250557687,0.0606763629874186,0.0613902025519764,0.0530025876684215,0.0657624698848934,0.0706701168912287,0.0880699562773267,0.0779869724279468,0.0601409833140002,0.0448826626215758,0.0274828232354778,0.0440795931114482,0,0,0.11,0.255,0.345,0.187,0.077,0.026,0,0,0.350101808599832,0.364594562223021,0.109234638878908,0.176068990298239
"185",185,"31012","Jabbeke","Vlaanderen",14832,"Jabbeke",14832,0.496359223300971,0.503640776699029,1,0,0,0,0,0,0.045240021574973,0.0453748651564186,0.0529935275080906,0.0519147788565264,0.0503640776699029,0.0554881337648328,0.0585221143473571,0.0559600862998921,0.0596008629989212,0.0600053937432578,0.0674217907227616,0.0767259978425027,0.0776024811218986,0.0649946062567422,0.0566343042071197,0.0503640776699029,0.0313511326860841,0.0394417475728155,0,0,0.11,0.255,0.345,0.187,0.077,0.026,0,0,0.325541291435141,0.342115347767772,0.10959954014179,0.222743820655298
"186",186,"31022","Oostkamp","Vlaanderen",24275,"Oostkamp",24275,0.498990731204943,0.501009268795057,1,0,0,0,0,0,0.0472090628218332,0.0509165808444902,0.0561894953656025,0.056519052523172,0.0509989701338826,0.0499279093717817,0.064346035015448,0.0618743563336766,0.0625334706488156,0.0659938208032956,0.0687126673532441,0.0690010298661174,0.0669824922760041,0.0574253347064882,0.051081359423275,0.0516992790937178,0.0308959835221421,0.0376930998970134,0,0,0.11,0.255,0.345,0.187,0.077,0.026,0,0,0.352127291594604,0.338348898881587,0.112590799031477,0.196933010492333
"187",187,"31033","Torhout","Vlaanderen",20965,"Torhout",20965,0.499785356546625,0.500214643453375,1,0,0,0,0,0,0.0435010732172669,0.0503696637252564,0.058669210589077,0.0539947531600286,0.0508943477223945,0.0541378487956117,0.0596231814929645,0.0627235869305986,0.0643453374672072,0.0601478654901026,0.0644884331027904,0.0686859050798951,0.0720725017886954,0.0633913665633198,0.0545671357023611,0.0464583830193179,0.0328165990937276,0.0391128070593847,0,0,0.11,0.255,0.345,0.187,0.077,0.026,0,0,0.388199363181493,0.325557216193385,0.10338553512249,0.182857885502632
"188",188,"31040","Zedelgem","Vlaanderen",23460,"Zedelgem",23460,0.498380221653879,0.501619778346121,1,0,0,0,0,0,0.0502131287297528,0.048849104859335,0.0554987212276215,0.0554987212276215,0.048849104859335,0.0559676044330776,0.0653452685421995,0.0604006820119352,0.0593350383631714,0.0605711849957374,0.0667519181585678,0.0769820971867008,0.0718670076726343,0.0590366581415175,0.053921568627451,0.0448849104859335,0.0333759590792839,0.0326513213981245,0,0,0.11,0.255,0.345,0.187,0.077,0.026,0,0,0.354897360703812,0.336422287390029,0.123284457478006,0.185395894428152
"189",189,"31042","Zuienkerke","Vlaanderen",2676,"Zuienkerke",2676,0.505979073243647,0.494020926756353,1,0,0,0,0,0,0.0429745889387145,0.0373692077727952,0.0433482810164425,0.0575485799701046,0.054932735426009,0.0448430493273543,0.0526905829596413,0.054559043348281,0.0511958146487294,0.062406576980568,0.0743647234678625,0.085949177877429,0.085575485799701,0.077727952167414,0.0691330343796712,0.0500747384155456,0.0265321375186846,0.0287742899850523,0,0,0.11,0.255,0.345,0.187,0.077,0.026,0,0,0.318438381937912,0.372530573847601,0.11241768579492,0.196613358419567
"190",190,"31043","Knokke-Heist","Vlaanderen",32514,"Knokke-Heist",32514,0.483391769699206,0.516608230300794,1,0,0,0,0,0,0.0272190441040782,0.0270345082118472,0.0316479055176232,0.0369379344282463,0.0462569969859138,0.0432429107461401,0.0384449775481331,0.0354924032724365,0.0388755612966722,0.0465645568062988,0.0683397920895614,0.0843021467675463,0.0944208648582149,0.0920218982592114,0.0890385680014763,0.0860552377437412,0.0540690164236944,0.0600356769391647,0,0,0.11,0.255,0.345,0.187,0.077,0.026,0,0,0.363441469136801,0.369508939406197,0.0711512013591133,0.195898390097889
"191",191,"32003","Dixmude","Vlaanderen",17228,"Dixmude",17228,0.499593684699327,0.500406315300673,1,0,0,0,0,0,0.048990016252612,0.050731367541212,0.0538077548177386,0.0549686556768052,0.0552008358486185,0.0525888089157186,0.0667517993963316,0.0567680520083585,0.062978871604365,0.0585674483399118,0.063849547248665,0.0763872765265846,0.0711051776178314,0.0616438356164384,0.0495704666821453,0.0423728813559322,0.0342465753424658,0.0394706292082656,0,0,0.11,0.255,0.345,0.187,0.077,0.026,0,0,0.38816660179058,0.34558193849747,0.113896457765668,0.152355001946283
"192",192,"32006","Houthulst","Vlaanderen",10464,"Houthulst",10464,0.503058103975535,0.496941896024465,1,0,0,0,0,0,0.0510321100917431,0.0585818042813456,0.0621177370030581,0.0537079510703364,0.0563837920489297,0.0560970948012232,0.0689984709480122,0.0720565749235474,0.0696674311926606,0.0611620795107034,0.0665137614678899,0.0718654434250764,0.0627866972477064,0.0517010703363914,0.0422400611620795,0.0351681957186544,0.0241781345565749,0.0357415902140673,0,0,0.11,0.255,0.345,0.187,0.077,0.026,0,0,0.40651778758764,0.347961568423786,0.123084913009608,0.122435730978966
"193",193,"32010","Koekelare","Vlaanderen",8827,"Koekelare",8827,0.49869717910955,0.50130282089045,1,0,0,0,0,0,0.0471281296023564,0.0541520335334768,0.060156338506854,0.0493939050640082,0.0467882632831086,0.0512065254333296,0.0603829160530191,0.0649144669763227,0.0696725954457913,0.0559646539027982,0.065367622068653,0.0697858842188739,0.0713719270420301,0.0687662852611306,0.0546051886258072,0.0410105358558967,0.0288886371360598,0.0404440919904837,0,0,0.11,0.255,0.345,0.187,0.077,0.026,0,0,0.408154253753312,0.346482190167795,0.10685899322932,0.138504562849573
"194",194,"32011","Kortemark","Vlaanderen",12815,"Kortemark",12815,0.500195083886071,0.499804916113929,1,0,0,0,0,0,0.0503316426063207,0.0569644947327351,0.0559500585251658,0.0556379243074522,0.0437768240343348,0.0556379243074522,0.066796722590714,0.0654701521654311,0.0634412797502926,0.0562621927428794,0.0651580179477175,0.0710105345298478,0.0687475614514241,0.0591494342567304,0.0536870854467421,0.0431525555989075,0.030511119781506,0.0383144752243465,0,0,0.11,0.255,0.345,0.187,0.077,0.026,0,0,0.401279801837135,0.336567241201362,0.128083393539065,0.134069563422438
"195",195,"32030","Lo-Reninge","Vlaanderen",3216,"Lo-Reninge",3216,0.50342039800995,0.49657960199005,1,0,0,0,0,0,0.0472636815920398,0.054726368159204,0.0708955223880597,0.0562810945273632,0.056592039800995,0.0525497512437811,0.0534825870646766,0.0575248756218905,0.0597014925373134,0.0581467661691542,0.0640547263681592,0.0817786069651741,0.0796019900497512,0.0525497512437811,0.0438432835820896,0.0382462686567164,0.0286069651741294,0.0441542288557214,0,0,0.11,0.255,0.345,0.187,0.077,0.026,0,0,0.358910891089109,0.36509900990099,0.110148514851485,0.165841584158416
"196",196,"33011","Ypres","Vlaanderen",35550,"Ypres",35550,0.494514767932489,0.505485232067511,1,0,0,0,0,0,0.0472011251758087,0.0479043600562588,0.0538677918424754,0.0550210970464135,0.0532770745428973,0.0563713080168776,0.0614908579465542,0.0579746835443038,0.05957805907173,0.0558649789029536,0.0631223628691983,0.0711954992967651,0.0736146272855134,0.0646413502109705,0.0552461322081575,0.0480731364275668,0.0344303797468354,0.0411251758087201,0,0,0.11,0.255,0.345,0.187,0.077,0.026,0,0,0.389418710263397,0.335679685134726,0.0985467756584923,0.176354828943385
"197",197,"33016","Messines","Vlaanderen",1075,"Messines",1075,0.502325581395349,0.497674418604651,1,0,0,0,0,0,0.0632558139534884,0.0558139534883721,0.0772093023255814,0.0706976744186047,0.0576744186046512,0.0437209302325581,0.0818604651162791,0.0809302325581395,0.0893023255813954,0.0595348837209302,0.0437209302325581,0.0455813953488372,0.0502325581395349,0.0483720930232558,0.0474418604651163,0.0372093023255814,0.0241860465116279,0.0232558139534884,0,0,0.11,0.255,0.345,0.187,0.077,0.026,0,0,0.466577540106952,0.362299465240642,0.0748663101604278,0.0962566844919786
"198",198,"33021","Poperinge","Vlaanderen",19921,"Poperinge",19921,0.496059434767331,0.503940565232669,1,0,0,0,0,0,0.0454796445961548,0.0508006626173385,0.0560212840720847,0.0598865518799257,0.0549671201244917,0.0511018523166508,0.0555193012398976,0.0546659304251795,0.059836353596707,0.061944681491893,0.0659605441493901,0.0712815621705738,0.0685206565935445,0.0622458711912053,0.0582802068169269,0.0495457055368706,0.0361929622006927,0.0377491089804729,0,0,0.11,0.255,0.345,0.187,0.077,0.026,0,0,0.378676713596404,0.355872827020953,0.101989556480931,0.163460902901712
"199",199,"33029","Wervik","Vlaanderen",19209,"Wervik",19209,0.50054661877245,0.49945338122755,1,0,0,0,0,0,0.0508615753032433,0.0580977666718726,0.0623145400593472,0.0636680722577958,0.0553386433442657,0.0533083450465927,0.0591389452860638,0.0611171846530272,0.0666874902389505,0.0630954240199906,0.0607007132073507,0.0640845437034723,0.061741891821542,0.0554948201363944,0.0527877557394971,0.046124212608673,0.0310271227028997,0.0344109531990213,0,0,0.11,0.255,0.345,0.187,0.077,0.026,0,0,0.443470267977091,0.323835112776639,0.0890900091918263,0.143604610054444
"200",200,"33037","Zonnebeke","Vlaanderen",12705,"Zonnebeke",12705,0.503817394726486,0.496182605273514,1,0,0,0,0,0,0.0476190476190476,0.052577725304998,0.0606060606060606,0.059818968909878,0.0524203069657615,0.0556473829201102,0.0680834317197954,0.0605273514364423,0.0635182998819362,0.0612357339630067,0.0739866194411649,0.0717040535222353,0.0665879574970484,0.0559622195985832,0.0462809917355372,0.0401416765053129,0.0284140102321921,0.0348681621408894,0,0,0.11,0.255,0.345,0.187,0.077,0.026,0,0,0.379936305732484,0.337473460721868,0.120594479830149,0.161995753715499
"201",201,"33039","Heuvelland","Vlaanderen",7969,"Heuvelland",7969,0.515497553017945,0.484502446982055,1,0,0,0,0,0,0.0466808884427155,0.0503199899610993,0.0604843769607228,0.0574727067386121,0.0525787426276823,0.05006901744259,0.0624921571087966,0.0598569456644497,0.0622411845902874,0.0587275693311582,0.0647509097753796,0.0751662692935124,0.0771740494415862,0.0695193876270548,0.0537081189609738,0.0397791441837119,0.0272305182582507,0.0317480235914167,0,0,0.11,0.255,0.345,0.187,0.077,0.026,0,0,0.390264443321543,0.357756442647802,0.105608893380495,0.14637022065016
"202",202,"33040","Langemark-Poelkapelle","Vlaanderen",8100,"Langemark-Poelkapelle",8100,0.50641975308642,0.49358024691358,1,0,0,0,0,0,0.0514814814814815,0.051358024691358,0.0616049382716049,0.0566666666666667,0.0601234567901235,0.0571604938271605,0.0630864197530864,0.0583950617283951,0.0651851851851852,0.0598765432098765,0.0688888888888889,0.0738271604938272,0.0703703703703704,0.0560493827160494,0.0459259259259259,0.0376543209876543,0.0279012345679012,0.0344444444444444,0,0,0.11,0.255,0.345,0.187,0.077,0.026,0,0,0.397253391391727,0.345168313515324,0.114218723831854,0.143359571261095
"203",203,"33041","Vleteren","Vlaanderen",3600,"Vleteren",3600,0.510555555555556,0.489444444444444,1,0,0,0,0,0,0.0455555555555556,0.0627777777777778,0.0633333333333333,0.0619444444444444,0.0547222222222222,0.0472222222222222,0.0638888888888889,0.0572222222222222,0.0633333333333333,0.0627777777777778,0.0638888888888889,0.0755555555555556,0.0688888888888889,0.0572222222222222,0.0422222222222222,0.0408333333333333,0.0336111111111111,0.035,0,0,0.11,0.255,0.345,0.187,0.077,0.026,0,0,0.376651982378855,0.3571953010279,0.117474302496329,0.148678414096916
"204",204,"34002","Anzegem","Vlaanderen",15148,"Anzegem",15148,0.50165038288883,0.49834961711117,1,0,0,0,0,0,0.0505677317137576,0.0493134407182466,0.0573673092157381,0.0601399524689728,0.0513599155003961,0.055122788486929,0.0704383416952733,0.0583575389490362,0.0657512542909955,0.0663453921309744,0.0670715606020597,0.0716266173752311,0.0631766569844204,0.0601399524689728,0.0486532875627146,0.0435701082651175,0.0295088460522841,0.0314893055188804,0,0,0.11,0.255,0.345,0.187,0.077,0.026,0,0,0.356330275229358,0.331651376146789,0.110642201834862,0.201376146788991
"205",205,"34003","Avelgem","Vlaanderen",10406,"Avelgem",10406,0.493561406880646,0.506438593119354,1,0,0,0,0,0,0.0515087449548337,0.0535268114549299,0.0607341918124159,0.0530463194310974,0.0524697290024986,0.0528541226215645,0.0664039976936383,0.0643859311935422,0.0665000960984048,0.057947338074188,0.0626561599077455,0.0714972131462618,0.0689025562175668,0.0610224870267154,0.0489140880261388,0.0439169709782818,0.0286373246204113,0.0350759177397655,0,0,0.11,0.255,0.345,0.187,0.077,0.026,0,0,0.392159399663605,0.337171691033769,0.106093931944624,0.164574977358002
"206",206,"34009","Deerlijk","Vlaanderen",12670,"Deerlijk",12670,0.494475138121547,0.505524861878453,1,0,0,0,0,0,0.0535911602209945,0.0568271507498027,0.057379636937648,0.0527229676400947,0.0524861878453039,0.0632202052091555,0.0667719021310181,0.0689029202841357,0.0641673243883189,0.0611681136543015,0.0593528018942384,0.0726913970007893,0.0651144435674822,0.0528808208366219,0.0449092344119968,0.0408839779005525,0.0322809786898185,0.0346487766377269,0,0,0.11,0.255,0.345,0.187,0.077,0.026,0,0,0.357087443200709,0.334256899035797,0.118142524659204,0.190513133104289
"207",207,"34013","Harelbeke","Vlaanderen",29904,"Harelbeke",29904,0.498093900481541,0.501906099518459,1,0,0,0,0,0,0.051197164258962,0.0541064740502943,0.0564807383627608,0.051197164258962,0.0513978063135367,0.0606942215088282,0.0688871054039593,0.0622324772605671,0.067516051364366,0.0587881219903692,0.0633694489031568,0.0675829320492242,0.0703250401284109,0.0614633493846977,0.0522338148742643,0.0440743713215623,0.0275548421615837,0.0308988764044944,0,0,0.11,0.255,0.345,0.187,0.077,0.026,0,0,0.401601723491945,0.327369801423754,0.104720869239416,0.166307605844886
"208",208,"34022","Courtrai","Vlaanderen",80032,"Courtrai",80032,0.49546431427429,0.50453568572571,1,0,0,0,0,0,0.0504423230707717,0.0559276289484206,0.0567398040783686,0.0574645141943223,0.0602508996401439,0.0672356057576969,0.0696221511395442,0.0640618752499,0.061500399840064,0.0567897840863655,0.0578143742502999,0.0626749300279888,0.0635995601759296,0.0566398440623751,0.0459191323470612,0.0428703518592563,0.0309126349460216,0.0395341863254698,0,0,0.11,0.255,0.345,0.187,0.077,0.026,0,0,0.381209423112595,0.315618623631979,0.0959005750324615,0.207271378222964
"209",209,"34023","Kuurne","Vlaanderen",14145,"Kuurne",14145,0.490491339696006,0.509508660303994,1,0,0,0,0,0,0.056769176387416,0.0564156945917285,0.0581831035701661,0.0533050547896783,0.0521032166843408,0.0589607635206787,0.0661717921527041,0.0620714033227289,0.0606574761399788,0.0579003181336161,0.0613644397313538,0.0719688936019795,0.0636974195828915,0.0566984800282785,0.0481442205726405,0.0472958642629905,0.0297631671968894,0.0385295157299399,0,0,0.11,0.255,0.345,0.187,0.077,0.026,0,0,0.391511266511266,0.329254079254079,0.108100233100233,0.171134421134421
"210",210,"34025","Lendelede","Vlaanderen",5881,"Lendelede",5881,0.498384628464547,0.501615371535453,1,0,0,0,0,0,0.0418296208127869,0.0503315762625404,0.0561129059683727,0.051861928243496,0.0540724366604319,0.0581533752763136,0.0561129059683727,0.0625743921101853,0.0703961911239585,0.0557728277503826,0.0719265431049141,0.0596837272572692,0.0637646658731508,0.0686958000340078,0.0511817718075157,0.0506716544805305,0.034687978234994,0.0421696990307771,0,0,0.11,0.255,0.345,0.187,0.077,0.026,0,0,0.383276059564719,0.335853379152348,0.105154639175258,0.175715922107675
"211",211,"34027","Menin","Vlaanderen",34417,"Menin",34417,0.497486707150536,0.502513292849464,1,0,0,0,0,0,0.0510503530232153,0.0591858674492257,0.0638347328355173,0.0588372025452538,0.0542173925676265,0.0537525060289973,0.0590696458145684,0.0632536246622309,0.0643867856001395,0.0602899729784699,0.0666240520672923,0.0681058779091728,0.0626434610802801,0.0552924426882064,0.0483482000174332,0.0438446116744632,0.0295493506116164,0.0377139204462911,0,0,0.11,0.255,0.345,0.187,0.077,0.026,0,0,0.463358962037482,0.318716962998558,0.0831731539324043,0.134750921031555
"212",212,"34040","Waregem","Vlaanderen",39997,"Waregem",39997,0.491661874640598,0.508338125359402,1,0,0,0,0,0,0.0470535290146761,0.0499037427807086,0.0538790409280696,0.0536540240518039,0.0529289696727255,0.0599794984623847,0.0640548041103083,0.0603545265894942,0.0612295922194165,0.0615796184713854,0.0639047928594645,0.0724304322824212,0.07120534040053,0.0607045528414631,0.0529289696727255,0.0470285271395355,0.0320774058054354,0.0351026326974523,0,0,0.11,0.255,0.345,0.187,0.077,0.026,0,0,0.370512730093801,0.333874039071867,0.104661823823965,0.190951407010367
"213",213,"34041","Wevelgem","Vlaanderen",31884,"Wevelgem",31884,0.494354535190064,0.505645464809936,1,0,0,0,0,0,0.0479550871910676,0.0556705557646468,0.0582737423158951,0.0544160080291055,0.052565550119182,0.0570505582737423,0.0638251160456655,0.0621001129092962,0.0625705683101242,0.0596537448249906,0.0626332956969013,0.0690001254547735,0.0690314891481621,0.0621001129092962,0.0529105507464559,0.0449441726257684,0.0298582361058838,0.0354409735290428,0,0,0.11,0.255,0.345,0.187,0.077,0.026,0,0,0.389951240195039,0.318677125291499,0.109688361246555,0.181683273266907
"214",214,"34042","Zwevegem","Vlaanderen",25785,"Zwevegem",25785,0.496994376575528,0.503005623424472,1,0,0,0,0,0,0.0509598603839442,0.0541787861159589,0.0554198177234826,0.0584060500290867,0.0528214077952298,0.0534807058367268,0.0616637579988365,0.0648826837308513,0.0635640876478573,0.0611208066705449,0.0704673259647082,0.0715144463835563,0.0691099476439791,0.0569711072328873,0.0478572813651348,0.0422726391312779,0.0303277099088617,0.0349815784370758,0,0,0.11,0.255,0.345,0.187,0.077,0.026,0,0,0.367259747985506,0.332648315396679,0.109512735925585,0.190579200692229
"215",215,"34043","Espierres-Helchin","Vlaanderen",2063,"Espierres-Helchin",2063,0.484246243334949,0.515753756665051,1,0,0,0,0,0,0.0484730974309258,0.0513814832767814,0.0664081434803684,0.0630150266602036,0.0668928744546776,0.0615608337372758,0.058167716917111,0.0504120213281629,0.0634997576345128,0.0639844886088221,0.0867668444013572,0.0809500727096461,0.0654386815317499,0.0552593310712555,0.045079980610761,0.0305380513814833,0.0193892389723703,0.0227823557925351,0,0,0.11,0.255,0.345,0.187,0.077,0.026,0,0,0.428194993412385,0.343214756258234,0.0783926218708827,0.150197628458498
"216",216,"35002","Bredene","Vlaanderen",18180,"Bredene",18180,0.494279427942794,0.505720572057206,1,0,0,0,0,0,0.0385588558855886,0.0447194719471947,0.0511001100110011,0.052035203520352,0.0464796479647965,0.0432343234323432,0.0519251925192519,0.0565456545654565,0.0600660066006601,0.0561056105610561,0.070957095709571,0.0773377337733773,0.082013201320132,0.0826182618261826,0.0707370737073707,0.0516501650165017,0.0302530253025303,0.0336633663366337,0,0,0.11,0.255,0.345,0.187,0.077,0.026,0,0,0.401178893544493,0.361266955471913,0.0901924579220226,0.147361693061572
"217",217,"35005","Gistel","Vlaanderen",12244,"Gistel",12244,0.495426331264293,0.504573668735707,1,0,0,0,0,0,0.0465534139170206,0.0503920287487749,0.0524338451486442,0.059702711532179,0.055047370140477,0.051453773276707,0.0613361646520745,0.0614178373080693,0.0606827834041163,0.0580692584122836,0.0724436458673636,0.0770173146030709,0.0714635739954263,0.0645213982358706,0.0459817053250572,0.043531525645214,0.0303822280300555,0.0375694217575956,0,0,0.11,0.255,0.345,0.187,0.077,0.026,0,0,0.366920565832427,0.345701849836779,0.107834602829162,0.179542981501632
"218",218,"35006","Ichtegem","Vlaanderen",14516,"Ichtegem",14516,0.50192890603472,0.49807109396528,1,0,0,0,0,0,0.0469137503444475,0.0544227059796087,0.0569027280242491,0.0555938275006889,0.0494626618903279,0.0592449710664095,0.0670294847065307,0.0611738771011298,0.06241388812345,0.06227610912097,0.0675117112152108,0.0755717828602921,0.0665472581978507,0.0639294571507302,0.0512537889225682,0.0383025626894461,0.0287269220170846,0.0327225130890052,0,0,0.11,0.255,0.345,0.187,0.077,0.026,0,0,0.406362378976487,0.33582295988935,0.118948824343015,0.138865836791148
"219",219,"35011","Middelkerke","Vlaanderen",19855,"Middelkerke",19855,0.498564593301435,0.501435406698565,1,0,0,0,0,0,0.0265927977839335,0.0312767564845127,0.0365650969529086,0.0370687484260891,0.0395366406446739,0.0361621757743641,0.0394359103500378,0.0433643918408461,0.0466884915638378,0.0505666079073281,0.0660790732812893,0.0843616217577436,0.0983127675648451,0.0980609418282549,0.0927222362125409,0.0764039284814908,0.0485016368672878,0.0483001762780156,0,0,0.11,0.255,0.345,0.187,0.077,0.026,0,0,0.438812274816747,0.343148217169835,0.077090321779103,0.140949186234315
"220",220,"35013","Ostende","Vlaanderen",72586,"Ostende",72586,0.492312567161712,0.507687432838288,1,0,0,0,0,0,0.0418538010084589,0.043438128564737,0.045490866007219,0.0473782823133938,0.0494034662331579,0.0528476565728928,0.0565398286170887,0.0533160664590968,0.0563331771967046,0.0540600115724795,0.0625327198082275,0.0683465131017,0.075207340258452,0.0761028297467831,0.069035351169647,0.0595431625933376,0.0399112776568484,0.0486595211197752,0,0,0.11,0.255,0.345,0.187,0.077,0.026,0,0,0.44446276147562,0.321940139942118,0.0741473421987764,0.159449756383485
"221",221,"35014","Oudenburg","Vlaanderen",9933,"Oudenburg",9933,0.500654384375315,0.499345615624685,1,0,0,0,0,0,0.0481224202154435,0.0509413067552602,0.0516460283902144,0.0542635658914729,0.0491291654082352,0.0624182019530857,0.0630222490687607,0.0631229235880399,0.0634249471458774,0.057283801469848,0.0633242726265982,0.0716802577267694,0.0724856538810027,0.0623175274338065,0.0529547971408437,0.0469143259840934,0.0310077519379845,0.0359408033826638,0,0,0.11,0.255,0.345,0.187,0.077,0.026,0,0,0.390568802451046,0.341947515652058,0.119488477421074,0.147995204475823
"222",222,"35029","De Haan","Vlaanderen",12718,"De Haan",12718,0.48749803428212,0.51250196571788,1,0,0,0,0,0,0.0287781097656864,0.0316873722283378,0.0360119515647114,0.0390784714577764,0.038449441736122,0.035776065419091,0.041515961629187,0.0364837238559522,0.0444252240918383,0.0496933480106935,0.0669916653561881,0.0809875766629973,0.094826230539393,0.101666928762384,0.0934895423808775,0.0787073439220003,0.0544110709231011,0.0470199716936625,0,0,0.11,0.255,0.345,0.187,0.077,0.026,0,0,0.381864623243934,0.347480106100796,0.079084389429217,0.191570881226054
"223",223,"36006","Hooglede","Vlaanderen",10235,"Hooglede",10235,0.510698583292623,0.489301416707377,1,0,0,0,0,0,0.046800195407914,0.0505129457743039,0.0557889594528578,0.0592085979482169,0.0536394723986321,0.0526624328285296,0.0610649731314118,0.059990229604299,0.059990229604299,0.0640937957987299,0.0723009281875916,0.0778700537371764,0.0678065461651197,0.0615534929164631,0.0452369320957499,0.0416218856863703,0.0333170493404983,0.0365412799218368,0,0,0.11,0.255,0.345,0.187,0.077,0.026,0,0,0.360469825840421,0.331308221952207,0.109221007155394,0.199000945051978
"224",224,"36007","Ingelmunster","Vlaanderen",11537,"Ingelmunster",11537,0.496316200052007,0.503683799947993,1,0,0,0,0,0,0.0536534627719511,0.0489728698968536,0.0515731992719078,0.0549536274594782,0.0540868510011268,0.0631880038138164,0.0652682673138598,0.0619745167721245,0.0634480367513218,0.0603276415012568,0.0671751755222328,0.0727225448556817,0.0657883331888706,0.0559937592094999,0.0432521452717344,0.045505764063448,0.0308572419173095,0.0412585594175262,0,0,0.11,0.255,0.345,0.187,0.077,0.026,0,0,0.396248263084761,0.337656322371468,0.117531264474294,0.148564150069477
"225",225,"36008","Izegem","Vlaanderen",29227,"Izegem",29227,0.492181886611695,0.507818113388305,1,0,0,0,0,0,0.0498511650186471,0.051630341807233,0.0557019194580354,0.054367536866596,0.0541280322989017,0.0622369726622643,0.0658979710541622,0.0599103568618059,0.0659321859924043,0.0636740000684299,0.0654873917952578,0.0692852499401239,0.0611420946385192,0.0550518356314367,0.048756286994902,0.0468060355151059,0.0320251821945461,0.0381154412016286,0,0,0.11,0.255,0.345,0.187,0.077,0.026,0,0,0.394861549897788,0.327494889425757,0.109366288793904,0.16827727188255
"226",226,"36010","Ledegem","Vlaanderen",9779,"Ledegem",9779,0.499233050414153,0.500766949585847,1,0,0,0,0,0,0.0501073729420186,0.0532774312301871,0.0573678290213723,0.0586972083035075,0.0512322323345945,0.0551181102362205,0.0634011657633705,0.0652418447694038,0.0664689641067594,0.0592085080274057,0.0643215052663871,0.0683096431127927,0.0625830862051334,0.0598220676960834,0.0477553942120871,0.0429491768074445,0.0328254422742612,0.0413130176909704,0,0,0.11,0.255,0.345,0.187,0.077,0.026,0,0,0.398129320862139,0.334417785007456,0.11237630473092,0.155076589399485
"227",227,"36011","Lichtervelde","Vlaanderen",9319,"Lichtervelde",9319,0.503272883356583,0.496727116643417,1,0,0,0,0,0,0.0489322888721966,0.0532245949136173,0.0563365167936474,0.0545122867260436,0.0534392102156884,0.065564974782702,0.0648138212254534,0.0638480523661337,0.0588045927674643,0.0603068998819616,0.0705011267303359,0.0721107414958687,0.06824766605859,0.0576242086060736,0.0458203669921665,0.0412061379976392,0.0317630647065136,0.0329434488679043,0,0,0.11,0.255,0.345,0.187,0.077,0.026,0,0,0.371876386219134,0.331213958302528,0.118734289516487,0.178175365961851
"228",228,"36012","Moorslede","Vlaanderen",11473,"Moorslede",11473,0.50013074174148,0.49986925825852,1,0,0,0,0,0,0.051163601499172,0.0543014032946919,0.0580493332171184,0.0567419158023185,0.0489845724745054,0.0575263662511985,0.0685958336965048,0.0609256515296784,0.0646735814521049,0.0598797175978384,0.0640634533251983,0.0676370609256515,0.061797263139545,0.0560446265144252,0.050117667567332,0.0443650309422121,0.0348644643946657,0.0402684563758389,0,0,0.11,0.255,0.345,0.187,0.077,0.026,0,0,0.403714451538015,0.328380731282647,0.114103308183401,0.153801508995937
"229",229,"36015","Roulers","Vlaanderen",66262,"Roulers",66262,0.499713259485074,0.500286740514926,1,0,0,0,0,0,0.0507983459599771,0.0525791554737255,0.0565633394705865,0.0570462708641454,0.0574688358335094,0.0620868672844164,0.0676254867042951,0.0646524403126981,0.0670670972804926,0.0621019588904651,0.0638676767981649,0.0672632881591259,0.0638676767981649,0.0548428963810329,0.0450484440554164,0.0413057257553349,0.030364311370016,0.0354501826084332,0,0,0.11,0.255,0.345,0.187,0.077,0.026,0,0,0.39663508025527,0.315004619781259,0.103955821998754,0.184404477964718
"230",230,"36019","Staden","Vlaanderen",11677,"Staden",11677,0.5065513402415,0.4934486597585,1,0,0,0,0,0,0.0549798749678856,0.0547229596642973,0.0583197739145328,0.0576346664382975,0.055065513402415,0.0590905198252976,0.0687676629271217,0.0640575490280038,0.0638006337244155,0.059176158259827,0.0665410636293569,0.0707373469212983,0.0649139333732979,0.0513830607176501,0.0454740087351203,0.0387085724072964,0.0291170677400017,0.0375096343238846,0,0,0.11,0.255,0.345,0.187,0.077,0.026,0,0,0.395901257568701,0.325454122030741,0.123660922217047,0.154983698183512
"231",231,"37002","Dentergem","Vlaanderen",8722,"Dentergem",8722,0.501834441641825,0.498165558358175,1,0,0,0,0,0,0.0521669341894061,0.0575556065122678,0.0531988076129328,0.0572116487044256,0.0573263013070397,0.0506764503554231,0.0677596881449209,0.0608805319880761,0.0635175418482,0.0669571199266223,0.0683329511579913,0.0739509286860812,0.0624856684246732,0.0630589314377436,0.0455170832377895,0.0343957807842238,0.0233891309332722,0.0416188947489108,0,0,0.11,0.255,0.345,0.187,0.077,0.026,0,0,0.383529411764706,0.344941176470588,0.105254901960784,0.166274509803922
"232",232,"37007","Meulebeke","Vlaanderen",11123,"Meulebeke",11123,0.503191585004046,0.496808414995954,1,0,0,0,0,0,0.0461206509035332,0.0503461296412838,0.0507057448530073,0.0510653600647307,0.056819203452306,0.0598759327519554,0.0594264137373011,0.0617639126135036,0.0597860289490245,0.060774970781264,0.0721927537534838,0.0760586172795109,0.0712937157241751,0.0623932392340196,0.0496268992178369,0.0471095927357727,0.029758158770116,0.0348826755371752,0,0,0.11,0.255,0.345,0.187,0.077,0.026,0,0,0.406837406015038,0.341987781954887,0.106672932330827,0.144501879699248
"233",233,"37010","Oostrozebeke","Vlaanderen",8064,"Oostrozebeke",8064,0.501116071428571,0.498883928571429,1,0,0,0,0,0,0.0484871031746032,0.0503472222222222,0.0596478174603175,0.058531746031746,0.0559275793650794,0.0592757936507936,0.066344246031746,0.0637400793650794,0.0607638888888889,0.0632440476190476,0.0701884920634921,0.0788690476190476,0.0672123015873016,0.050843253968254,0.0456349206349206,0.0452628968253968,0.027281746031746,0.0283978174603175,0,0,0.11,0.255,0.345,0.187,0.077,0.026,0,0,0.381552753815528,0.352853351028533,0.114797611147976,0.150796284007963
"234",234,"37011","Pittem","Vlaanderen",6946,"Pittem",6946,0.502735387273251,0.497264612726749,1,0,0,0,0,0,0.0513964871868701,0.0492369709185143,0.0578750359919378,0.0574431327382666,0.0549956809674633,0.0564353584797005,0.06723293982148,0.0578750359919378,0.0613302620213072,0.0630578750359919,0.0682407140800461,0.0663691333141376,0.0639216815433343,0.065649294558019,0.0469334868989346,0.0436222286207889,0.0295133890008638,0.038871292830406,0,0,0.11,0.255,0.345,0.187,0.077,0.026,0,0,0.383401519579193,0.347165400350672,0.112604714591857,0.156828365478278
"235",235,"37012","Ruiselede","Vlaanderen",5484,"Ruiselede",5484,0.49927060539752,0.50072939460248,1,0,0,0,0,0,0.0506929248723559,0.0572574762946754,0.050328227571116,0.0523340627279358,0.0464989059080963,0.0638220277169949,0.0681983953318746,0.0599927060539752,0.0581692195477753,0.0588986141502553,0.0696571845368344,0.0694748358862144,0.0804157549234136,0.0561633843909555,0.049963530269876,0.037746170678337,0.0277169948942378,0.0426695842450766,0,0,0.11,0.255,0.345,0.187,0.077,0.026,0,0,0.383658969804618,0.334432885054555,0.112915503679269,0.168992641461558
"236",236,"37015","Tielt","Vlaanderen",20627,"Tielt",20627,0.501818005526737,0.498181994473263,1,0,0,0,0,0,0.046007659863286,0.0523585591700199,0.0551704077180395,0.0547340863916226,0.0516313569593252,0.0593881805400688,0.0588064187715131,0.0603577834876618,0.0636059533620982,0.0606486643719397,0.0647209967518301,0.0691811703107577,0.0686963688369613,0.0639937945411354,0.0513404760750473,0.0466379017792214,0.0329665002181607,0.0397537208513114,0,0,0.11,0.255,0.345,0.187,0.077,0.026,0,0,0.392121455323703,0.332597645799893,0.0965088282504013,0.178772070626003
"237",237,"37017","Wielsbeke","Vlaanderen",10138,"Wielsbeke",10138,0.505326494377589,0.494673505622411,1,0,0,0,0,0,0.0526731110672716,0.0540540540540541,0.0661866245807852,0.0599723811402644,0.0587887157230223,0.056914578812389,0.06894851055435,0.0650029591635431,0.0716117577431446,0.066679818504636,0.0681594002761886,0.0692444269086605,0.0633260998224502,0.0499112250937068,0.0413296508187019,0.0365949891497337,0.0231801144209903,0.0274215821661077,0,0,0.11,0.255,0.345,0.187,0.077,0.026,0,0,0.376219931271478,0.360549828178694,0.113539518900344,0.149690721649485
"238",238,"37018","Wingene","Vlaanderen",15161,"Wingene",15161,0.504188378075325,0.495811621924675,1,0,0,0,0,0,0.0510520414220698,0.0515797111008509,0.0559989446606424,0.0572521601477475,0.0591649627333289,0.0593628388628718,0.0670140492051975,0.0612096827386056,0.0643757008112921,0.0610777653189104,0.0706417782468175,0.0725545808323989,0.0658927511377877,0.050656289162984,0.0445880878570015,0.0391794736494954,0.0288239562034167,0.0395752259085812,0,0,0.11,0.255,0.345,0.187,0.077,0.026,0,0,0.377929155313351,0.349318801089918,0.115803814713896,0.156948228882834
"239",239,"37020","Ardooie","Vlaanderen",9355,"Ardooie",9355,0.499412079102084,0.500587920897916,1,0,0,0,0,0,0.048743987172635,0.0505611972207376,0.0535542490646713,0.0532335649385355,0.0479957242116515,0.0590058792089792,0.0655264564404062,0.0613575628006414,0.061785141635489,0.0566541956173169,0.0624265098877606,0.068412613575628,0.0699091394975949,0.065847140566542,0.052699091394976,0.0451095670764297,0.0332442544094067,0.0439337252805986,0,0,0.11,0.255,0.345,0.187,0.077,0.026,0,0,0.40101083032491,0.330974729241877,0.109891696750903,0.15812274368231
"240",240,"38002","Alveringem","Vlaanderen",5023,"Alveringem",5023,0.511447342225761,0.488552657774239,1,0,0,0,0,0,0.0569380848098746,0.0599243479992037,0.0585307585108501,0.058928926936094,0.0577344216603623,0.0583316742982282,0.0680868007167032,0.0660959585904838,0.0613179374875572,0.0631096954011547,0.0656977901652399,0.0736611586701175,0.0690822217798129,0.0545490742584113,0.0332470635078638,0.0366314951224368,0.0234919370893888,0.0346406529962174,0,0,0.11,0.255,0.345,0.187,0.077,0.026,0,0,0.351997896950578,0.365930599369085,0.129074658254469,0.152996845425868
"241",241,"38008","La Panne","Vlaanderen",11021,"La Panne",11021,0.490608837673532,0.509391162326468,1,0,0,0,0,0,0.0298521005353416,0.033844478722439,0.038562743852645,0.0433717448507395,0.0427365937755195,0.0408311405498594,0.0423736503039652,0.0394701025315307,0.0450957263406224,0.05289901097904,0.0685055802558752,0.0797568278740586,0.0874693766445876,0.0955448688866709,0.0909173396243535,0.076671808365847,0.0465475002268397,0.0455494056800653,0,0,0.11,0.255,0.345,0.187,0.077,0.026,0,0,0.432423169199132,0.352793328001828,0.0646635439277962,0.150119958871244
"242",242,"38014","Koksijde","Vlaanderen",21546,"Koksijde",21546,0.489046690801077,0.510953309198923,1,0,0,0,0,0,0.020514248584424,0.0246449456975773,0.0291005291005291,0.0365729137658962,0.0364800891116681,0.0299823633156966,0.0299823633156966,0.0323493919985148,0.0348092453355611,0.0412605588044185,0.0579689965654878,0.0817785203750116,0.0993687923512485,0.117655249234197,0.113988675392184,0.100343451220644,0.0565302144249513,0.0566694514062935,0,0,0.11,0.255,0.345,0.187,0.077,0.026,0,0,0.356389004829766,0.343450002981337,0.0632043408264266,0.236956651362471
"243",243,"38016","Nieuport","Vlaanderen",11455,"Nieuport",11455,0.48886948930598,0.51113051069402,1,0,0,0,0,0,0.0248799650807508,0.030117852466172,0.0310781318201659,0.0400698384984723,0.0342208642514186,0.0392841553906591,0.0381492797904845,0.0410301178524662,0.046180707114797,0.0453077258838935,0.0593627237014404,0.0822348319511131,0.0972501091226539,0.10379746835443,0.0959406372762986,0.0866870362287211,0.0508948057616761,0.0535137494543867,0,0,0.11,0.255,0.345,0.187,0.077,0.026,0,0,0.440290536210211,0.337855159154027,0.065050202948088,0.156804101687674
"244",244,"38025","Furnes","Vlaanderen",12542,"Furnes",12542,0.487960452878329,0.512039547121671,1,0,0,0,0,0,0.0485568489874023,0.049274437888694,0.0464040822835273,0.0503109551905597,0.0500717588901292,0.0574868442034763,0.0639451443151013,0.0555732738000319,0.0544570243980226,0.0488757773879764,0.0670546962206985,0.0702439802264392,0.0736724605326104,0.0665763036198374,0.0664168394195503,0.0499122946898421,0.0367564981661617,0.0444107797799394,0,0,0.11,0.255,0.345,0.187,0.077,0.026,0,0,0.377719390436153,0.348922753547031,0.113189700472937,0.160168155543878
"245",245,"41002","Alost","Vlaanderen",90995,"Alost",90995,0.490917083356228,0.509082916643772,1,0,0,0,0,0,0.0507060827517996,0.0551239079070279,0.0613550195065663,0.0564316720698939,0.0537941645145338,0.0596955876696522,0.0636188801582505,0.0647727897137205,0.0672674322764987,0.0616077806472883,0.0651684158470246,0.0687070718171328,0.0676081103357327,0.057607560854992,0.0476509698335073,0.0396834990933568,0.0265618990054399,0.0326391559975823,0,0,0.11,0.255,0.345,0.187,0.077,0.026,0,0,0.393026840624851,0.345034722774008,0.082603651850557,0.179334784750584
"246",246,"41011","Denderleeuw","Vlaanderen",21056,"Denderleeuw",21056,0.49116641337386,0.50883358662614,1,0,0,0,0,0,0.0500094984802432,0.0621675531914894,0.0706212006079027,0.0650645896656535,0.0574183130699088,0.0507693768996961,0.0567059270516717,0.0584631458966565,0.0714760638297872,0.0700987841945289,0.0691964285714286,0.0716660334346505,0.0646846504559271,0.0547112462006079,0.0447378419452888,0.0352393617021277,0.0216565349544073,0.0253134498480243,0,0,0.11,0.255,0.345,0.187,0.077,0.026,0,0,0.391744287341687,0.370501909803659,0.074381826710447,0.163371976144207
"247",247,"41018","Grammont","Vlaanderen",34999,"Grammont",34999,0.493128375096431,0.506871624903569,1,0,0,0,0,0,0.045658447384211,0.0518014800422869,0.059573130660876,0.0596302751507186,0.0553158661676048,0.0514586131032315,0.0571159175976457,0.0590874024972142,0.0666019029115118,0.0669733420954884,0.0699448555673019,0.0732020914883282,0.0708305951598617,0.0605731592331209,0.0502585788165376,0.0447441355467299,0.0258864538986828,0.031343752678648,0,0,0.11,0.255,0.345,0.187,0.077,0.026,0,0,0.363340185393476,0.395725865880619,0.0840476282822015,0.156886320443703
"248",248,"41024","Haaltert","Vlaanderen",19402,"Haaltert",19402,0.493969693845995,0.506030306154005,1,0,0,0,0,0,0.0478301206061231,0.0552520358725905,0.0555097412637872,0.0558705288114627,0.0445314915988042,0.0545820018554788,0.0626739511390578,0.0613338831048346,0.0675703535717967,0.0656117925987012,0.0677765178847542,0.0740129883517163,0.0733429543346047,0.0620554582001855,0.048397072466756,0.0424183073909906,0.0261828677455932,0.0350479332027626,0,0,0.11,0.255,0.345,0.187,0.077,0.026,0,0,0.366234321550741,0.365022805017104,0.0921465222348917,0.176596351197263
"249",249,"41027","Herzele","Vlaanderen",18928,"Herzele",18928,0.493079036348267,0.506920963651733,1,0,0,0,0,0,0.0481297548605241,0.0509826711749789,0.0554733727810651,0.0565300084530854,0.0492920540997464,0.0536242603550296,0.066092561284869,0.0600697379543533,0.0664623837700761,0.0691568047337278,0.0744928148774303,0.0750211327134404,0.0681530008453085,0.0577979712595097,0.0473372781065089,0.0427409129332206,0.0267857142857143,0.0318575655114117,0,0,0.11,0.255,0.345,0.187,0.077,0.026,0,0,0.354116355653128,0.377753384559093,0.0975484815221368,0.170581778265642
"250",250,"41034","Lede","Vlaanderen",19310,"Lede",19310,0.492905230450544,0.507094769549456,1,0,0,0,0,0,0.043190056965303,0.0479544277576385,0.0578974624546867,0.0572242361470741,0.0512169860176075,0.0536509580528224,0.0603314344899016,0.0602796478508545,0.067063697566028,0.0698601760745728,0.0724495080269291,0.0690833764888659,0.0645779388917659,0.0661833247022268,0.0539616778871051,0.0453133091662351,0.0298291040911445,0.0299326773692387,0,0,0.11,0.255,0.345,0.187,0.077,0.026,0,0,0.355915210541392,0.358063592093956,0.0961758808364366,0.189845316528215
"251",251,"41048","Ninove","Vlaanderen",40363,"Ninove",40363,0.491836583009192,0.508163416990808,1,0,0,0,0,0,0.0481876966528752,0.0546787899809231,0.0576765849912048,0.0607734806629834,0.0525976760894879,0.0533904813814632,0.0583207392909348,0.0593365210712782,0.0640190273270074,0.0652330104303446,0.0687015335827367,0.07036146966281,0.069816416024577,0.0597824740480143,0.0525729009241137,0.0455367539578327,0.0268315041002899,0.0321829398211233,0,0,0.11,0.255,0.345,0.187,0.077,0.026,0,0,0.398427081552402,0.365053855359891,0.0788852795349632,0.157633783552744
"252",252,"41063","Sint-Lievens-Houtem","Vlaanderen",10687,"Sint-Lievens-Houtem",10687,0.500046785814541,0.499953214185459,1,0,0,0,0,0,0.0467858145410312,0.0474408159446056,0.0568915504818939,0.0578272667727145,0.050996537849724,0.0513708243660522,0.0548329746420885,0.0590436979507813,0.0743894451202395,0.0722372976513521,0.0787873116870965,0.073640872087583,0.0696172920370544,0.0541779732385141,0.0445400954430617,0.0429493777486666,0.0279779170955366,0.0364929353420043,0,0,0.11,0.255,0.345,0.187,0.077,0.026,0,0,0.359618150908853,0.361710474695959,0.0988622989407611,0.179809075454427
"253",253,"41081","Zottegem","Vlaanderen",28085,"Zottegem",28085,0.485632900124622,0.514367099875378,1,0,0,0,0,0,0.0461812355349831,0.0484244258500979,0.05412141712658,0.0539077799537119,0.0511304967064269,0.0526615631119815,0.0609222004628805,0.0584297667794196,0.0659070678298024,0.0657290368524123,0.0694320811821257,0.0718533024746306,0.0717108776927185,0.0618835677407869,0.0512017090973829,0.0457895673847249,0.032472850275948,0.0382410539433862,0,0,0.11,0.255,0.345,0.187,0.077,0.026,0,0,0.336089960163381,0.384045181786092,0.0875901366547325,0.192274721395794
"254",254,"41082","Erpe-Mere","Vlaanderen",21013,"Erpe-Mere",21013,0.490315518964451,0.509684481035549,1,0,0,0,0,0,0.0473516394612859,0.0523961357255033,0.0531099795364774,0.051158806453148,0.0515871127397325,0.0517774710893257,0.0622471803169466,0.0651501451482416,0.068481416266121,0.0599152905344311,0.0677199828677485,0.0704801789368486,0.0717650977966021,0.0640555846380812,0.0523961357255033,0.042402322371865,0.0301242088231095,0.0378813115690287,0,0,0.11,0.255,0.345,0.187,0.077,0.026,0,0,0.338126595887649,0.374748017739551,0.0905120279532321,0.196613358419567
"255",255,"42003","Berlare","Vlaanderen",15486,"Berlare",15486,0.492767661113264,0.507232338886736,1,0,0,0,0,0,0.0422316931421929,0.0481725429420121,0.0524990313831848,0.0574066899134702,0.0504326488441173,0.0524990313831848,0.0568255198243575,0.0597313702699212,0.0636058375306729,0.0667054113392742,0.0769727495802661,0.0766498773085367,0.0716130698695596,0.067738602608808,0.0559214774635154,0.0430711610486891,0.0284773343665246,0.0294459511817125,0,0,0.11,0.255,0.345,0.187,0.077,0.026,0,0,0.407778738115817,0.344425237683665,0.0929127052722558,0.154883318928263
"256",256,"42004","Buggenhout","Vlaanderen",14957,"Buggenhout",14957,0.494484188005616,0.505515811994384,1,0,0,0,0,0,0.0442602126094805,0.0515477702747877,0.0596376278665508,0.0561609948519088,0.0524837868556529,0.0510129036571505,0.0570301531055693,0.0594370528849368,0.0658554522965835,0.0635822691716253,0.0685966437119743,0.0753493347596443,0.0742127431971652,0.0615765193554857,0.053419803436518,0.0466002540616434,0.026609614227452,0.0326268636758708,0,0,0.11,0.255,0.345,0.187,0.077,0.026,0,0,0.361686390532544,0.345784023668639,0.0960613905325444,0.196468195266272
"257",257,"42006","Termonde","Vlaanderen",47185,"Termonde",47185,0.48983787220515,0.51016212779485,1,0,0,0,0,0,0.0453110098548267,0.0521775988131822,0.0551446434248172,0.0569460633675956,0.0533432234820388,0.0581116880364523,0.061926459679983,0.0625834481297022,0.0638762318533432,0.0628589594150683,0.0655081063897425,0.0708064003390908,0.0712514570308361,0.0643212885450885,0.0535763484158101,0.0441241920101727,0.0265550492741337,0.0315778319381159,0,0,0.11,0.255,0.345,0.187,0.077,0.026,0,0,0.387788004924664,0.351322037873014,0.091604619804186,0.169285337398136
"258",258,"42008","Hamme","Vlaanderen",25554,"Hamme",25554,0.492056038193629,0.507943961806371,1,0,0,0,0,0,0.0466071847851608,0.0529467011035454,0.0581513657353056,0.0606558660092353,0.0557251310949362,0.0570947796822415,0.0649996086718322,0.0635908272677467,0.0681302340142443,0.0660561947248963,0.0680128355639039,0.0694998826015497,0.0637082257180872,0.0543163496908507,0.0521640447679424,0.042772168740706,0.0257102606245598,0.0298583392032559,0,0,0.11,0.255,0.345,0.187,0.077,0.026,0,0,0.429181342726011,0.328210054434838,0.0980360764222436,0.144572526416907
"259",259,"42010","Laarne","Vlaanderen",12532,"Laarne",12532,0.495531439514842,0.504468560485158,1,0,0,0,0,0,0.0425311203319502,0.050111714012129,0.0557772103415257,0.0552984360038302,0.0466804979253112,0.0477976380466007,0.0581710820300032,0.0580912863070539,0.0637567826364507,0.0660708586019789,0.0702202361953399,0.0748483881263964,0.0745292052345994,0.0671082030003192,0.0560963932333227,0.048515799553144,0.031279923396106,0.0331152250239387,0,0,0.11,0.255,0.345,0.187,0.077,0.026,0,0,0.378669056688326,0.337329150795429,0.0916423930091866,0.192359399507058
"260",260,"42011","Lebbeke","Vlaanderen",20059,"Lebbeke",20059,0.494441397876265,0.505558602123735,1,0,0,0,0,0,0.0484570516974924,0.0535420509496984,0.0587766090034399,0.0590757266065108,0.0532927862804726,0.056583079914253,0.0605713146218655,0.0628146966448976,0.0676504312278778,0.0665536666832843,0.0710902836631936,0.0722867540754773,0.066453960815594,0.0541901390896854,0.0463632284759958,0.0433221995114412,0.0253252903933396,0.0336507303454808,0,0,0.11,0.255,0.345,0.187,0.077,0.026,0,0,0.373768216516308,0.357321304649549,0.0910478834142956,0.177862595419847
"261",261,"42023","Waasmunster","Vlaanderen",11296,"Waasmunster",11296,0.501504957507082,0.498495042492918,1,0,0,0,0,0,0.0509915014164306,0.0560375354107649,0.0579851274787535,0.0509915014164306,0.0493094900849858,0.0482471671388102,0.0593130311614731,0.0690509915014164,0.0648902266288952,0.0590474504249292,0.0691395184135977,0.0735658640226629,0.0749822946175637,0.0632967422096317,0.0501947592067989,0.0466536827195467,0.0287712464589235,0.0275318696883853,0,0,0.11,0.255,0.345,0.187,0.077,0.026,0,0,0.368128964059197,0.325449260042283,0.0954016913319239,0.211020084566596
"262",262,"42025","Wetteren","Vlaanderen",26960,"Wetteren",26960,0.490541543026706,0.509458456973294,1,0,0,0,0,0,0.0481083086053412,0.051446587537092,0.056973293768546,0.0550816023738872,0.0512611275964392,0.058419881305638,0.0670252225519288,0.0682121661721068,0.0662462908011869,0.0620548961424332,0.0653560830860534,0.072700296735905,0.0678783382789317,0.0581231454005935,0.0488872403560831,0.0423219584569733,0.0268175074183976,0.0330860534124629,0,0,0.11,0.255,0.345,0.187,0.077,0.026,0,0,0.402281328847771,0.347035323801514,0.084997897392767,0.165685449957948
"263",263,"42026","Wichelen","Vlaanderen",12032,"Wichelen",12032,0.495511968085106,0.504488031914894,1,0,0,0,0,0,0.0486203457446809,0.0483710106382979,0.05078125,0.058095079787234,0.0511968085106383,0.0519448138297872,0.0662400265957447,0.0611702127659574,0.0712267287234043,0.0637466755319149,0.0702293882978723,0.0733876329787234,0.0724734042553191,0.0633311170212766,0.0518617021276596,0.0413896276595745,0.0253490691489362,0.0305851063829787,0,0,0.11,0.255,0.345,0.187,0.077,0.026,0,0,0.356277595380958,0.369976225517944,0.0952111400430205,0.178535039058078
"264",264,"42028","Zele","Vlaanderen",21501,"Zele",21501,0.497883819357239,0.502116180642761,1,0,0,0,0,0,0.051392958467048,0.0539509790242314,0.0591600390679503,0.0612994744430492,0.0590205106739221,0.0572996604809079,0.0629738151713874,0.062694758383331,0.0667875912748244,0.0638574950002326,0.0687874982558951,0.0677642900330217,0.0651597600111623,0.0526487140133017,0.0525091856192735,0.0401841774801172,0.0254871866424817,0.0290219059578624,0,0,0.11,0.255,0.345,0.187,0.077,0.026,0,0,0.446843538276452,0.331539289558665,0.0859241436079276,0.135693028556956
"265",265,"43002","Assenede","Vlaanderen",14650,"Assenede",14650,0.49542662116041,0.50457337883959,1,0,0,0,0,0,0.0448464163822526,0.0473037542662116,0.05419795221843,0.051877133105802,0.0496928327645051,0.0565870307167236,0.0633447098976109,0.055358361774744,0.0619795221843003,0.0605460750853242,0.0731058020477816,0.0802730375426621,0.0738566552901024,0.0593856655290102,0.0518088737201365,0.0475767918088737,0.0287372013651877,0.0395221843003413,0,0,0.11,0.255,0.345,0.187,0.077,0.026,0,0,0.403944020356234,0.354416575790622,0.0973282442748092,0.144311159578335
"266",266,"43005","Eeklo","Vlaanderen",22401,"Eeklo",22401,0.495736797464399,0.504263202535601,1,0,0,0,0,0,0.0404892638721486,0.048435337708138,0.0553100308021963,0.055890362037409,0.0546404178384894,0.055890362037409,0.0604883710548636,0.0588366590777197,0.0657113521717781,0.0670952189634391,0.0691933395830543,0.0699075934110084,0.0665148877282264,0.059952680683898,0.0515601982054373,0.0468282665952413,0.0341502611490558,0.0391053970804875,0,0,0.11,0.255,0.345,0.187,0.077,0.026,0,0,0.440343659244918,0.331498063891578,0.0829501452081317,0.145208131655373
"267",267,"43007","Kaprijke","Vlaanderen",6660,"Kaprijke",6660,0.501201201201201,0.498798798798799,1,0,0,0,0,0,0.0433933933933934,0.0518018018018018,0.0539039039039039,0.0546546546546547,0.0566066066066066,0.0561561561561562,0.0552552552552553,0.0596096096096096,0.0597597597597598,0.0611111111111111,0.0720720720720721,0.0722222222222222,0.0713213213213213,0.0629129129129129,0.0509009009009009,0.048048048048048,0.0331831831831832,0.0370870870870871,0,0,0.11,0.255,0.345,0.187,0.077,0.026,0,0,0.392257271609996,0.343711593609177,0.10221220811143,0.161818926669398
"268",268,"43010","Maldegem","Vlaanderen",24744,"Maldegem",24744,0.499312964759134,0.500687035240866,1,0,0,0,0,0,0.0445764629809247,0.0469204655674103,0.0499919172324604,0.053750404138377,0.0530229550598125,0.0609036534109279,0.0632476559974135,0.0587213061752344,0.0617119301648885,0.0623989654057549,0.0720982864532816,0.0743210475266731,0.0699967668929842,0.0620756547041707,0.0541545425153573,0.0449806013579049,0.0318461041060459,0.0352812803103783,0,0,0.11,0.255,0.345,0.187,0.077,0.026,0,0,0.388375236550419,0.359124087591241,0.105271695052717,0.147228980805623
"269",269,"43014","Sint-Laureins","Vlaanderen",7016,"Sint-Laureins",7016,0.508836944127708,0.491163055872292,1,0,0,0,0,0,0.044042189281642,0.0493158494868871,0.0501710376282782,0.0534492588369441,0.048460661345496,0.0508836944127708,0.0595781071835804,0.0592930444697834,0.0607183580387685,0.0668472063854048,0.0684150513112885,0.0731185860889396,0.0776795895096921,0.0699828962371722,0.0571550741163056,0.0413340935005701,0.0275085518814139,0.0420467502850627,0,0,0.11,0.255,0.345,0.187,0.077,0.026,0,0,0.39063670411985,0.352996254681648,0.102247191011236,0.154119850187266
"270",270,"43018","Zelzate","Vlaanderen",13704,"Zelzate",13704,0.506713368359603,0.493286631640397,1,0,0,0,0,0,0.052466433158202,0.0596176298890835,0.0588879159369527,0.0567717454757735,0.0537799182720374,0.0542177466433158,0.0666228838295388,0.0656012842965557,0.0692498540572096,0.065820198482195,0.0655283129013427,0.0661850554582604,0.0623175715119673,0.0521015761821366,0.0487448920023351,0.0435639229422067,0.0259048453006421,0.0326182136602452,0,0,0.11,0.255,0.345,0.187,0.077,0.026,0,0,0.465106938447635,0.363088663520434,0.0717943568631389,0.100010041168792
"271",271,"44012","De Pinte","Vlaanderen",11091,"De Pinte",11091,0.487602560634749,0.512397439365251,1,0,0,0,0,0,0.0483274727256334,0.0542782436209539,0.0604995041024254,0.0584257506086016,0.0506717158056081,0.0358849517626905,0.0543684068163376,0.0612208096654945,0.0632043999639347,0.0686141916869534,0.0667207645838968,0.0690650076638716,0.0713190875484627,0.0614912992516455,0.0583355874132179,0.048417635921017,0.0320980975565774,0.0370570733026778,0,0,0.11,0.255,0.345,0.187,0.077,0.026,0,0,0.262679788039364,0.34337623012869,0.084330052990159,0.309613928841787
"272",272,"44013","Destelbergen","Vlaanderen",19110,"Destelbergen",19110,0.48974358974359,0.51025641025641,1,0,0,0,0,0,0.0490842490842491,0.0534798534798535,0.0563579277864992,0.0557299843014129,0.0485086342229199,0.0475667189952904,0.0591836734693878,0.0652014652014652,0.0664050235478807,0.06138147566719,0.0610151753008896,0.0683411826268969,0.0699110413396128,0.0627943485086342,0.0596546310832025,0.0469387755102041,0.0313971742543171,0.0370486656200942,0,0,0.11,0.255,0.345,0.187,0.077,0.026,0,0,0.345591816853385,0.334307517454132,0.0837798343886995,0.236320831303783
"273",273,"44019","Evergem","Vlaanderen",36860,"Evergem",36860,0.492864894194249,0.507135105805751,1,0,0,0,0,0,0.0467986977753663,0.0521432447097124,0.0551003798155182,0.0570808464460119,0.0521432447097124,0.0528757460661964,0.0638632664134563,0.0614758545849159,0.0650298426478568,0.0612588171459577,0.069994574064026,0.074633749321758,0.0719750406945198,0.0574877916440586,0.0481009224091156,0.0435973955507325,0.0288931090613131,0.0375474769397721,0,0,0.11,0.255,0.345,0.187,0.077,0.026,0,0,0.396749664529596,0.356605039510959,0.0933353213060981,0.153309974653347
"274",274,"44020","Gavere","Vlaanderen",13311,"Gavere",13311,0.494327999398993,0.505672000601007,1,0,0,0,0,0,0.0456765081511532,0.0480054090601758,0.0512358199984975,0.0543159792652693,0.0507850649838479,0.0518368266846969,0.0616783111712118,0.0573961385320412,0.066336112989257,0.0658102321388325,0.0673878746901059,0.0796333859214184,0.0733228157163248,0.0664112388250319,0.0562692509954173,0.0450003756291789,0.025392532491924,0.0335061227556157,0,0,0.11,0.255,0.345,0.187,0.077,0.026,0,0,0.352797277175069,0.354924484152308,0.0967879174643693,0.195490321208254
"275",275,"44021","Gand","Vlaanderen",269597,"Gand",269597,0.498210291657548,0.501789708342452,1,0,0,0,0,0,0.0512320240952236,0.0507386951635218,0.0534019295466938,0.0524560733242581,0.0661097860881241,0.100958096714726,0.0898823058120083,0.0737063097883137,0.0691810368809742,0.0629532227732504,0.0574079088417156,0.0543440765290415,0.0516734236656936,0.0453973894368261,0.0383461240295701,0.0323557012874772,0.021821459437605,0.0280344365849768,0,0,0.11,0.255,0.345,0.187,0.077,0.026,0,0,0.410665827906059,0.312191632129465,0.087385287152161,0.189757252812315
"276",276,"44034","Lochristi","Vlaanderen",23028,"Lochristi",23028,0.495223206531179,0.504776793468821,1,0,0,0,0,0,0.0405158936946326,0.0490272711481674,0.0560187597707139,0.0593625151988883,0.0604047246829946,0.0482021886399166,0.0512853916970644,0.0570175438596491,0.0626194198367205,0.0677001910717387,0.0782525620983151,0.0784262636789995,0.0692635052978982,0.059232239013375,0.0533698106652771,0.0463783220427306,0.0295292687163453,0.0333941288865729,0,0,0.11,0.255,0.345,0.187,0.077,0.026,0,0,0.360315712187959,0.354074889867841,0.0909202153695546,0.194689182574645
"277",277,"44040","Melle","Vlaanderen",11981,"Melle",11981,0.487104582255237,0.512895417744763,1,0,0,0,0,0,0.054336032050747,0.0560888072781905,0.0535013771805358,0.0570903931224439,0.0554210833820215,0.0514147400050079,0.0705283365328437,0.0689424922794424,0.0716968533511393,0.0625156497788165,0.0676070444871046,0.063600701110091,0.0638510975711543,0.0548368249728737,0.0459894833486353,0.0388949169518404,0.0291294549703698,0.0345547116267423,0,0,0.11,0.255,0.345,0.187,0.077,0.026,0,0,0.330306905370844,0.348209718670077,0.0878516624040921,0.233631713554987
"278",278,"44043","Merelbeke","Vlaanderen",25229,"Merelbeke",25229,0.492211344088153,0.507788655911848,1,0,0,0,0,0,0.0485155971302866,0.0527567481866106,0.0548178683261326,0.0539062190336518,0.053153117444211,0.0544611359942923,0.0642910935827817,0.0661143921677435,0.064568552063102,0.0647667366919022,0.069800626263427,0.0701969955210274,0.0667485829799041,0.0586230131990963,0.0474057632090055,0.0464148400650046,0.0298862420230687,0.0335724761187522,0,0,0.11,0.255,0.345,0.187,0.077,0.026,0,0,0.324451219512195,0.34859756097561,0.0866463414634146,0.24030487804878
"279",279,"44045","Moerbeke","Vlaanderen",6758,"Moerbeke",6758,0.4939331163066,0.5060668836934,1,0,0,0,0,0,0.0402485942586564,0.05060668836934,0.063924237940219,0.0637762651672092,0.0514945250073986,0.0470553418171057,0.0621485646641018,0.0600769458419651,0.0776857058301273,0.0671796389464339,0.0674755844924534,0.068363421130512,0.0662918023083753,0.0617046463450725,0.0547499260136135,0.0414323764427345,0.0245634803196212,0.0312222551050607,0,0,0.11,0.255,0.345,0.187,0.077,0.026,0,0,0.375506893755069,0.355636658556367,0.101784266017843,0.167072181670722
"280",280,"44048","Nazareth","Vlaanderen",12305,"Nazareth",12305,0.49199512393336,0.50800487606664,1,0,0,0,0,0,0.0459975619666802,0.0527427874847623,0.0518488419341731,0.0518488419341731,0.0518488419341731,0.047054043071922,0.0600568874441284,0.0632263307598537,0.0673709874034945,0.0628199918732223,0.0643640796424218,0.0748476229175132,0.079561154002438,0.057700121901666,0.0505485574969525,0.0483543275091426,0.0296627387240959,0.0401462819991873,0,0,0.11,0.255,0.345,0.187,0.077,0.026,0,0,0.34716756112105,0.338938580799046,0.095169946332737,0.218723911747168
"281",281,"44052","Oosterzele","Vlaanderen",14062,"Oosterzele",14062,0.502986772863035,0.497013227136965,1,0,0,0,0,0,0.0474327976105817,0.0546863888493813,0.0593798890627222,0.0561086616413028,0.0521974114635187,0.0473616839709856,0.062011093727777,0.0672023894182904,0.0662779121035415,0.0642867301948514,0.070615844118902,0.0678424121746551,0.0777272080785095,0.0613710709714123,0.0460816384582563,0.0376191153463234,0.0282321149196416,0.0335656378893472,0,0,0.11,0.255,0.345,0.187,0.077,0.026,0,0,0.306176222596965,0.374473018549747,0.0943296795952782,0.22502107925801
"282",282,"44064","Sint-Martens-Latem","Vlaanderen",8208,"Sint-Martens-Latem",8208,0.485867446393762,0.514132553606238,1,0,0,0,0,0,0.0426413255360624,0.0455653021442495,0.054093567251462,0.0589668615984405,0.0550682261208577,0.0356968810916179,0.0413011695906433,0.0510477582846004,0.0559210526315789,0.0598196881091618,0.0689571150097466,0.0715155945419103,0.0763888888888889,0.0739522417153996,0.060672514619883,0.0593323586744639,0.0415448343079922,0.0475146198830409,0,0,0.11,0.255,0.345,0.187,0.077,0.026,0,0,0.256740196078431,0.351102941176471,0.0727124183006536,0.319444444444444
"283",283,"44073","Wachtebeke","Vlaanderen",7897,"Wachtebeke",7897,0.494364948714702,0.505635051285298,1,0,0,0,0,0,0.045966822844118,0.0531847537039382,0.0560972521210586,0.0576168165125997,0.0498923641889325,0.0477396479675826,0.0629352918829935,0.0605293149297201,0.0587564898062555,0.0602760541977966,0.0706597442066608,0.0754716981132075,0.0672407243256933,0.0549575788274028,0.057996707610485,0.0493858427250855,0.0354565024692921,0.0358363935671774,0,0,0.11,0.255,0.345,0.187,0.077,0.026,0,0,0.391875746714456,0.360641747738522,0.0950674176480628,0.152415087898959
"284",284,"44081","Zulte","Vlaanderen",16095,"Zulte",16095,0.502454178316247,0.497545821683753,1,0,0,0,0,0,0.0465983224603914,0.0547996272134203,0.0602050326188257,0.0529978254116185,0.0538676607642125,0.0551724137931034,0.0640571606088848,0.0646784715750233,0.0710779745262504,0.0654861758310034,0.0689655172413793,0.0792171481826654,0.0717614165890028,0.0575333954644299,0.0431189810500155,0.0359739049394222,0.0259086672879776,0.0285803044423734,0,0,0.11,0.255,0.345,0.187,0.077,0.026,0,0,0.357580993520518,0.350323974082073,0.107127429805616,0.184967602591793
"285",285,"44083","Deinze","Vlaanderen",45471,"Deinze",45471,0.492753623188406,0.507246376811594,1,0,0,0,0,0,0.0467770667018539,0.0499879043786149,0.0581249587649271,0.0548041608937565,0.0497239999120318,0.0530887818609663,0.0645026500406853,0.0615777088693893,0.066635877812232,0.0667898220844054,0.0685931692727233,0.070704405005388,0.0679993842229113,0.0608079875085219,0.0489542785511645,0.0441820061137868,0.030678894240285,0.0360669437663566,0,0,0.11,0.255,0.345,0.187,0.077,0.026,0,0,0.359820186927978,0.340545260502571,0.09802399663659,0.201610555932861
"286",286,"44084","Aalter","Vlaanderen",29787,"Aalter",29787,0.500117500923221,0.499882499076778,1,0,0,0,0,0,0.0450867828247222,0.0457917883640514,0.0546547151441904,0.0548897169906335,0.0521704099103636,0.0574411656091584,0.0595897539194951,0.0601940443817773,0.0634504985396314,0.062208345922718,0.0723469970121194,0.074260583476013,0.0675798166985598,0.0603619028435223,0.0514989760633834,0.0476382314432471,0.0318259643468627,0.0390103065095511,0,0,0.11,0.255,0.345,0.187,0.077,0.026,0,0,0.371898482915072,0.341509523134364,0.100051987333995,0.18654000661657
"287",287,"44085","Lievegem","Vlaanderen",27225,"Lievegem",27225,0.490541781450872,0.509458218549128,1,0,0,0,0,0,0.0463544536271809,0.0525987144168962,0.0525252525252525,0.0536271808999082,0.0482644628099174,0.0510927456382002,0.0617447199265381,0.0594674012855831,0.064058769513315,0.0573002754820937,0.0623324150596878,0.0739393939393939,0.0734618916437098,0.0660422405876951,0.0566023875114784,0.0499908172635445,0.031404958677686,0.0391919191919192,0,0,0.11,0.255,0.345,0.187,0.077,0.026,0,0,0.393565244121113,0.334084737947641,0.091193196372765,0.181156821558481
"288",288,"45035","Audenarde","Vlaanderen",32702,"Audenarde",32702,0.495810653782643,0.504189346217357,1,0,0,0,0,0,0.044462112409027,0.0460828083909241,0.0565103051801113,0.0570301510610972,0.0540639716225307,0.0581310011620084,0.0622286098709559,0.0588954803987524,0.0639716225307321,0.0643691517338389,0.0705767231361996,0.0728701608464314,0.071280044034004,0.0602715430248914,0.0500886795914623,0.0435141581554645,0.0290502109962693,0.0366032658552994,0,0,0.11,0.255,0.345,0.187,0.077,0.026,0,0,0.354420432220039,0.351800916830386,0.0958742632612967,0.197904387688278
"289",289,"45041","Renaix","Vlaanderen",27356,"Renaix",27356,0.491263342593946,0.508736657406054,1,0,0,0,0,0,0.0520543939172394,0.0636057903202223,0.0724521128820003,0.0702588097675099,0.0584149729492616,0.0512867378271677,0.0569893259248428,0.0606448311156602,0.0644100014622021,0.0648486620851002,0.0646293317736511,0.0651045474484574,0.0598771750255885,0.0548325778622606,0.0464614709752888,0.0381269191402252,0.0254788711799971,0.030523468343325,0,0,0.11,0.255,0.345,0.187,0.077,0.026,0,0,0.43384744517889,0.347655020459553,0.0738117721120554,0.144685762249502
"290",290,"45059","Brakel","Vlaanderen",15073,"Brakel",15073,0.495123731174949,0.504876268825051,1,0,0,0,0,0,0.0437205599416175,0.0480329065215949,0.0553307238107875,0.0544019107012539,0.0500895641212765,0.0505539706760433,0.0565912558880117,0.0591786638359981,0.0667418562993432,0.06720626285411,0.0694619518344059,0.0751011742851456,0.0726464539242354,0.0647515424931998,0.0542692231141777,0.0419956213096265,0.0285941750149274,0.0413321833742453,0,0,0.11,0.255,0.345,0.187,0.077,0.026,0,0,0.35421686746988,0.388219544846051,0.0871932173136992,0.17037037037037
"291",291,"45060","Kluisbergen","Vlaanderen",6888,"Kluisbergen",6888,0.496515679442509,0.503484320557491,1,0,0,0,0,0,0.054732868757259,0.0515389082462253,0.0564750290360046,0.0599593495934959,0.0531358885017422,0.0525551684088269,0.0657665505226481,0.0637340301974448,0.0662020905923345,0.0657665505226481,0.0722996515679443,0.0651858304297329,0.0728803716608595,0.0542973286875726,0.0425377468060395,0.0386178861788618,0.0271486643437863,0.0371660859465738,0,0,0.11,0.255,0.345,0.187,0.077,0.026,0,0,0.336532570961813,0.36695936287523,0.106595875025526,0.189912191137431
"292",292,"45061","Wortegem-Petegem","Vlaanderen",6552,"Wortegem-Petegem",6552,0.501678876678877,0.498321123321123,1,0,0,0,0,0,0.050976800976801,0.0554029304029304,0.0576923076923077,0.0535714285714286,0.0518925518925519,0.0521978021978022,0.0634920634920635,0.0576923076923077,0.0662393162393162,0.0633394383394383,0.0688339438339438,0.076007326007326,0.0703601953601954,0.059981684981685,0.0523504273504274,0.043040293040293,0.0256410256410256,0.0312881562881563,0,0,0.11,0.255,0.345,0.187,0.077,0.026,0,0,0.301015901060071,0.35136925795053,0.1113074204947,0.2363074204947
"293",293,"45062","Horebeke","Vlaanderen",2012,"Horebeke",2012,0.483101391650099,0.516898608349901,1,0,0,0,0,0,0.0392644135188867,0.0407554671968191,0.0487077534791252,0.0621272365805169,0.0506958250497018,0.0457256461232604,0.0437375745526839,0.0492047713717694,0.0561630218687873,0.058648111332008,0.0775347912524851,0.0864811133200795,0.0666003976143141,0.0571570576540755,0.0621272365805169,0.0541749502982107,0.0407554671968191,0.0601391650099404,0,0,0.11,0.255,0.345,0.187,0.077,0.026,0,0,0.310368823938761,0.358385525400139,0.0897703549060543,0.241475295755045
"294",294,"45063","Lierde","Vlaanderen",6874,"Lierde",6874,0.499127145766657,0.500872854233343,1,0,0,0,0,0,0.0411696246726797,0.0510619726505674,0.055862670933954,0.0605178935117835,0.0490253127727669,0.046552225778295,0.0631364562118126,0.0565900494617399,0.0641547861507128,0.0691009601396567,0.0730288041897003,0.0688100087285423,0.0725923770730288,0.0661914460285132,0.0539714867617108,0.0397148676171079,0.0276403840558627,0.0408786732615653,0,0,0.11,0.255,0.345,0.187,0.077,0.026,0,0,0.322057646116894,0.393114491593275,0.0966773418734988,0.188150520416333
"295",295,"45064","Maarkedal","Vlaanderen",6323,"Maarkedal",6323,0.488059465443619,0.511940534556381,1,0,0,0,0,0,0.0412778744266962,0.0439664716115768,0.0534556381464495,0.0547208603510992,0.0551953186778428,0.0479202910011071,0.0510833465127313,0.0534556381464495,0.0574094575359798,0.0638937213348094,0.0714850545627076,0.0828720544045548,0.0787600822394433,0.0615214297010913,0.0532974853708683,0.041119721651115,0.0311560967894987,0.0574094575359798,0,0,0.11,0.255,0.345,0.187,0.077,0.026,0,0,0.329013837030529,0.341093784318032,0.0992752031627498,0.230617175488689
"296",296,"45065","Zwalin","Vlaanderen",8340,"Zwalin",8340,0.492565947242206,0.507434052757794,1,0,0,0,0,0,0.0456834532374101,0.0519184652278177,0.0495203836930456,0.0607913669064748,0.055515587529976,0.0429256594724221,0.0575539568345324,0.0591127098321343,0.0624700239808153,0.0678657074340528,0.0712230215827338,0.0866906474820144,0.0729016786570743,0.0648681055155875,0.0537170263788969,0.0407673860911271,0.0224220623501199,0.034052757793765,0,0,0.11,0.255,0.345,0.187,0.077,0.026,0,0,0.333556709666611,0.373931981906517,0.0978388339755403,0.194672474451332
"297",297,"45068","Kruisem","Vlaanderen",15961,"Kruisem",15961,0.496773385126245,0.503226614873755,1,0,0,0,0,0,0.047052189712424,0.0498715619322098,0.0552596955078003,0.0590815111835098,0.0508113526721383,0.0542572520518764,0.063592506735167,0.0637178121671574,0.0670384061149051,0.0667251425349289,0.0666624898189336,0.0795689493139528,0.0694192093227241,0.0575151932836288,0.0498089092162145,0.040223043668943,0.0251237391140906,0.0342710356493954,0,0,0.11,0.255,0.345,0.187,0.077,0.026,0,0,0.341537364009274,0.34430176565008,0.111467808097022,0.202693062243624
"298",298,"46003","Beveren","Vlaanderen",50838,"Beveren",50838,0.495908572327786,0.504091427672214,1,0,0,0,0,0,0.0464809787953893,0.0503953735394783,0.058499547582517,0.0562374601675912,0.053070537786695,0.0551162516228018,0.0603288878398049,0.0615681183366773,0.0636335024981313,0.0607026240214013,0.0672331720366655,0.0727015224831819,0.0676855895196507,0.0626893268814666,0.0548015264172469,0.0488610881623982,0.0285809827294543,0.0314135095794484,0,0,0.11,0.255,0.345,0.187,0.077,0.026,0,0,0.421777152473172,0.33691963916246,0.0862092747386135,0.155093933625755
"299",299,"46013","Kruibeke","Vlaanderen",17072,"Kruibeke",17072,0.490979381443299,0.509020618556701,1,0,0,0,0,0,0.0472703842549203,0.0543580131208997,0.0635543580131209,0.0631443298969072,0.0548851921274602,0.0530107778819119,0.0614456419868791,0.0576382380506092,0.0647258669165886,0.0647258669165886,0.071520618556701,0.0700562324273664,0.0643744142455483,0.055470946579194,0.0469775070290534,0.0445173383317713,0.0312207122774133,0.0311035613870665,0,0,0.11,0.255,0.345,0.187,0.077,0.026,0,0,0.411511609027439,0.342588082480922,0.0871894788114954,0.158710829680143
"300",300,"46014","Lokeren","Vlaanderen",43554,"Lokeren",43554,0.49655599944896,0.50344400055104,1,0,0,0,0,0,0.0507875281260045,0.0580199292831887,0.0615557698489232,0.0638747302199568,0.055700968912155,0.0595582495293199,0.0622904899664784,0.0639665702346512,0.0676401708224273,0.0657574505211921,0.0675942508150801,0.0666758506681361,0.0644716903154705,0.0543692886990862,0.0458970473435276,0.0403636864581898,0.0255085640813703,0.0259677641548423,0,0,0.11,0.255,0.345,0.187,0.077,0.026,0,0,0.410865482818832,0.332487727736962,0.0863835535202451,0.170263235923961
"301",301,"46020","Sint-Gillis-Waas","Vlaanderen",20144,"Sint-Gillis-Waas",20144,0.49458895949166,0.50541104050834,1,0,0,0,0,0,0.0492950754567117,0.0486497220015886,0.0557486100079428,0.0611596505162828,0.0592732327243844,0.0589753772835584,0.062698570293884,0.0559471803018268,0.0611100079428118,0.0627978554408261,0.0725277998411438,0.0745631453534551,0.0662728355837967,0.0551032565528197,0.0480043685464654,0.045522239872915,0.0303812549642573,0.0319698173153296,0,0,0.11,0.255,0.345,0.187,0.077,0.026,0,0,0.415175522469608,0.330829121704685,0.0968446933479033,0.157150662477804
"302",302,"46021","Sint-Niklaas","Vlaanderen",81863,"Sint-Niklaas",81863,0.491381943002333,0.508618056997667,1,0,0,0,0,0,0.0557150360968936,0.0609677143520272,0.0658783577440358,0.0636673466645493,0.0572908395734337,0.0587689188033666,0.0646690201922725,0.0643392008599734,0.0653775209801742,0.0618472325714914,0.0627267507909556,0.0609677143520272,0.0590010138890585,0.0524534893663804,0.044354592428814,0.0425711249282338,0.0271184784334803,0.0322856479728327,0,0,0.11,0.255,0.345,0.187,0.077,0.026,0,0,0.435348886796141,0.315677250839567,0.0888075481085307,0.160166314255761
"303",303,"46024","Stekene","Vlaanderen",19589,"Stekene",19589,0.495124814947164,0.504875185052836,1,0,0,0,0,0,0.04573995609781,0.0512022053193119,0.0549798356220328,0.0549287865638879,0.0526315789473684,0.054877737505743,0.059880545203941,0.0627392924600541,0.0626371943437644,0.0637092245648068,0.0692735719025984,0.0763183419265915,0.0700903568329164,0.0622288018786053,0.0562050130175098,0.04573995609781,0.0285364235029864,0.028281178212262,0,0,0.11,0.255,0.345,0.187,0.077,0.026,0,0,0.414866760168303,0.328611500701262,0.104838709677419,0.151683029453015
"304",304,"46025","Tamise","Vlaanderen",31271,"Tamise",31271,0.499472354577724,0.500527645422276,1,0,0,0,0,0,0.0512295737264558,0.0576892328355345,0.0580409964503853,0.0590643087844968,0.0537878545617345,0.0568577915640689,0.0650762687474017,0.0634133862044706,0.0640849349237313,0.0597038789933165,0.0681462057497362,0.0745738863483739,0.0648843976847558,0.0581369319817083,0.0480317226823575,0.043043075053564,0.0255828083527869,0.0286527453551214,0,0,0.11,0.255,0.345,0.187,0.077,0.026,0,0,0.417382562602815,0.334582343264485,0.0885121549990861,0.159522939133614
"305",305,"51004","Ath","Wallonie",30048,"Ath",30048,0.484191959531416,0.515808040468584,1,0,0,0,0,0,0.0434637912673056,0.0463258785942492,0.0530484558040469,0.0602702342917998,0.0638977635782748,0.0594382321618743,0.0619675186368477,0.0581735889243876,0.060636315228967,0.0666600106496273,0.0731496272630458,0.0715189030883919,0.0690561767838126,0.0609691160809372,0.0534145367412141,0.0435969116080937,0.0263245473908413,0.0280883919062833,0,0,0.11,0.255,0.345,0.187,0.077,0.026,0,0,0.382211756181505,0.372158318992845,0.026265736799203,0.219364188026447
"306",306,"51008","Beloeil","Wallonie",14244,"Beloeil",14244,0.492909295141814,0.507090704858186,1,0,0,0,0,0,0.0530047739399045,0.0494243190115136,0.0587615838247683,0.0584105588317888,0.0557427688851446,0.0592530188149396,0.0704858185902836,0.0650098286998034,0.0700645885987082,0.0699943836001123,0.073013198539736,0.0713984835720303,0.0642375737152485,0.0556725638865487,0.047037349059253,0.0401572591968548,0.0188851446222971,0.0194467846110643,0,0,0.11,0.255,0.345,0.187,0.077,0.026,0,0,0.413239815526518,0.363854727132975,0.0208493466564181,0.202056110684089
"307",307,"51009","Bernissart","Wallonie",11878,"Bernissart",11878,0.489560532076107,0.510439467923893,1,0,0,0,0,0,0.0509345007577033,0.05505977437279,0.057080316551608,0.0579222091261155,0.0525340966492676,0.059100858730426,0.0670146489307964,0.0682774877925577,0.0681091092776562,0.0633103216029635,0.0690351911096144,0.0713924903182354,0.0688668125947129,0.060784643879441,0.0522815288769153,0.0380535443677387,0.0186900151540663,0.0215524499073918,0,0,0.11,0.255,0.345,0.187,0.077,0.026,0,0,0.465027506455597,0.344560458066689,0.0212192657460424,0.169192769731672
"308",308,"51012","Brugelette","Wallonie",3853,"Brugelette",3853,0.494679470542434,0.505320529457566,1,0,0,0,0,0,0.0568388268881391,0.0622891253568648,0.0677394238255905,0.0542434466649364,0.0589151310667013,0.062548663379185,0.0747469504282377,0.0716324941603945,0.0716324941603945,0.0648845055800675,0.0669608097586296,0.068258499870231,0.0578769789774202,0.0539839086426161,0.0469763820399689,0.0262133402543473,0.0158318193615365,0.0184271995847392,0,0,0.11,0.255,0.345,0.187,0.077,0.026,0,0,0.392569896591344,0.386824971275373,0.0291076216009192,0.191497510532363
"309",309,"51014","Chièvres","Wallonie",7168,"Chièvres",7168,0.498604910714286,0.501395089285714,1,0,0,0,0,0,0.0518973214285714,0.0590122767857143,0.0629185267857143,0.0679408482142857,0.0555245535714286,0.0517578125,0.0673828125,0.0700334821428571,0.0680803571428571,0.0638950892857143,0.0710100446428571,0.0690569196428571,0.0697544642857143,0.0534319196428571,0.0426897321428571,0.0334821428571429,0.0181361607142857,0.0239955357142857,0,0,0.11,0.255,0.345,0.187,0.077,0.026,0,0,0.362976050255202,0.395759717314488,0.0247349823321555,0.216529250098155
"310",310,"51017","Ellezelles","Wallonie",5970,"Ellezelles",5970,0.499329983249581,0.500670016750419,1,0,0,0,0,0,0.0457286432160804,0.0527638190954774,0.0582914572864322,0.0586264656616415,0.0532663316582915,0.0396984924623116,0.0623115577889447,0.0591289782244556,0.0639865996649916,0.0638190954773869,0.0730318257956449,0.0733668341708543,0.0723618090452261,0.066499162479062,0.0608040201005025,0.0420435510887772,0.0226130653266332,0.0316582914572864,0,0,0.11,0.255,0.345,0.187,0.077,0.026,0,0,0.353436504324078,0.376422394173873,0.0382339553937187,0.23190714610833
"311",311,"51019","Flobecq","Wallonie",3434,"Flobecq",3434,0.497087944088527,0.502912055911473,1,0,0,0,0,0,0.0483401281304601,0.0468841001747234,0.0529994175888177,0.0658124635993011,0.0506697728596389,0.0529994175888177,0.0591147350029121,0.0559114735002912,0.0591147350029121,0.064065230052417,0.0728013977868375,0.0736750145602796,0.0716365754222481,0.0599883517763541,0.0620267909143856,0.0375655212580082,0.0259172976121142,0.0404775771694817,0,0,0.11,0.255,0.345,0.187,0.077,0.026,0,0,0.386327503974563,0.37241653418124,0.0349761526232114,0.206279809220986
"312",312,"51065","Frasnes-lez-Anvaing","Wallonie",12134,"Frasnes-lez-Anvaing",12134,0.491676281522993,0.508323718477007,1,0,0,0,0,0,0.0434316795780452,0.0572770726883138,0.0610680731827922,0.0624690951046646,0.0506840283500907,0.047799571452118,0.0559584638206692,0.0668369869787374,0.0696390308224823,0.0660952694906873,0.0773034448656667,0.06897972638866,0.06897972638866,0.0537333113565189,0.0512609197296852,0.0421130707104005,0.0267018295698039,0.0296686995220043,0,0,0.11,0.255,0.345,0.187,0.077,0.026,0,0,0.380941446613088,0.35556831228473,0.0346727898966705,0.228817451205511
"313",313,"51067","Enghien","Wallonie",14509,"Enghien",14509,0.484733613619133,0.515266386380867,1,0,0,0,0,0,0.0486594527534634,0.0538975808119099,0.0589289406575229,0.0658212144186367,0.0618236956371907,0.0556895719897994,0.0581707905438004,0.0609966227858571,0.0649941415673031,0.067957819284582,0.0738851747191398,0.0698876559376938,0.0643738369288028,0.0510028258322421,0.0485216072782411,0.0436280929078503,0.0229512716245089,0.0288097043214556,0,0,0.11,0.255,0.345,0.187,0.077,0.026,0,0,0.404742925468314,0.35003985651654,0.0282981267437226,0.216919091271423
"314",314,"51068","Silly","Wallonie",8475,"Silly",8475,0.497581120943953,0.502418879056047,1,0,0,0,0,0,0.0435398230088496,0.0490855457227139,0.056401179941003,0.0628908554572271,0.063598820058997,0.0446017699115044,0.0517994100294985,0.056165191740413,0.0600589970501475,0.0650147492625369,0.0743362831858407,0.079646017699115,0.0765781710914454,0.0666666666666667,0.0494395280235988,0.0466076696165192,0.0233628318584071,0.0302064896755162,0,0,0.11,0.255,0.345,0.187,0.077,0.026,0,0,0.344371968556615,0.366114734905503,0.0247533032279645,0.264759993309918
"315",315,"51069","Lessines","Wallonie",18735,"Lessines",18735,0.492607419268748,0.507392580731252,1,0,0,0,0,0,0.05161462503336,0.0507606084867894,0.0600480384307446,0.0599412863624233,0.0601014144649053,0.0549239391513211,0.0605817987723512,0.0641046170269549,0.0617026954897251,0.0659727782225781,0.070242860955431,0.0731251668001068,0.0730717907659461,0.0606351748065119,0.048145182812917,0.0382172404590339,0.0206031491860155,0.026207632772885,0,0,0.11,0.255,0.345,0.187,0.077,0.026,0,0,0.440898178223415,0.371840135574071,0.0285976556983477,0.158664030504166
"316",316,"52010","Chapelle-lez-Herlaimont","Wallonie",14839,"Chapelle-lez-Herlaimont",14839,0.482714468629962,0.517285531370038,1,0,0,0,0,0,0.0472403800795202,0.0534402587775457,0.0578206078576724,0.0580227778152167,0.0554619583529887,0.0581575577869129,0.0712312150414448,0.0689399555226093,0.0625379068670396,0.0615944470651661,0.0679291057348878,0.0709616550980524,0.0642226565132421,0.0591684075746344,0.0522272390322798,0.0421861311409125,0.020284385740279,0.0285733539995957,0,0,0.11,0.255,0.345,0.187,0.077,0.026,0,0,0.484029053994924,0.343397217117354,0.0203027916338497,0.152270937253872
"317",317,"52011","Charleroi","Wallonie",204322,"Charleroi",204322,0.490529654173315,0.509470345826685,1,0,0,0,0,0,0.0575904699444994,0.0622546764420865,0.0643200438523507,0.0630964849600141,0.0633754563874668,0.0632433120270945,0.0662483726666732,0.0647996789381467,0.0628321962392694,0.0624895997494151,0.0668063155215787,0.0624112919803056,0.060199097502961,0.0539834183298911,0.0449927075890017,0.0363984299292294,0.0211235207172992,0.0238349272227171,0,0,0.11,0.255,0.345,0.187,0.077,0.026,0,0,0.539747829126005,0.314084469177622,0.02019652122483,0.125971180471543
"318",318,"52012","Châtelet","Wallonie",35595,"Châtelet",35595,0.481275460036522,0.518724539963478,1,0,0,0,0,0,0.052732125298497,0.0556819778058716,0.0601769911504425,0.0635482511588706,0.0597274898159854,0.0598679589830032,0.0608512431521281,0.0630425621576064,0.0606545863183031,0.0619469026548673,0.0706840848433769,0.0664138221660346,0.0638853771597134,0.0584070796460177,0.0523107177974435,0.040117994100295,0.0241606967270684,0.0257901390644753,0,0,0.11,0.255,0.345,0.187,0.077,0.026,0,0,0.525705903923726,0.332673267326733,0.0240557389072241,0.117565089842318
"319",319,"52015","Courcelles","Wallonie",31337,"Courcelles",31337,0.485113444171427,0.514886555828573,1,0,0,0,0,0,0.0531639914478093,0.0551743944857517,0.0632479177968536,0.0603120911382711,0.0596738679516227,0.0612056035995788,0.0695025050260076,0.0673006350320707,0.0621948495388837,0.0628649838848645,0.0681941474933784,0.0662794779334333,0.0623544053355458,0.0567061301337078,0.0484411398666114,0.0401123272808501,0.0210294540000638,0.0222420780546957,0,0,0.11,0.255,0.345,0.187,0.077,0.026,0,0,0.486953922364094,0.342528931972499,0.0196438484861425,0.150873297177264
"320",320,"52018","Farciennes","Wallonie",11394,"Farciennes",11394,0.485430928558891,0.514569071441109,1,0,0,0,0,0,0.0565209759522556,0.0678427242408285,0.0758293838862559,0.0677549587502194,0.0611725469545375,0.0600315955766193,0.0618746708794102,0.0717921713182377,0.0687203791469194,0.058802878708092,0.059768299104792,0.0591539406705284,0.0606459540108829,0.0566087414428647,0.0454625241355099,0.0327365279971915,0.0186062840091276,0.0166754432157276,0,0,0.11,0.255,0.345,0.187,0.077,0.026,0,0,0.565138502479739,0.318011370509254,0.0211685012701101,0.0956816257408975
"321",321,"52021","Fleurus","Wallonie",22915,"Fleurus",22915,0.48356971416103,0.51643028583897,1,0,0,0,0,0,0.0491817586733581,0.0550294566877591,0.0593497708924285,0.0607025965524765,0.0575605498581715,0.0553785729871263,0.0632336897228889,0.0664630154920358,0.0610953523892647,0.0642373990835697,0.0688195505127646,0.066375736417194,0.0726598298058041,0.0630591315732053,0.0488762819114117,0.04106480471307,0.0232598734453415,0.0236526292821296,0,0,0.11,0.255,0.345,0.187,0.077,0.026,0,0,0.476107530627649,0.342565174475991,0.0250246763049411,0.156302618591418
"322",322,"52022","Fontaine-l’Evêque","Wallonie",18122,"Fontaine-l’Evêque",18122,0.483445535812824,0.516554464187176,1,0,0,0,0,0,0.0505462973181768,0.0542986425339367,0.0593753448846706,0.061582606776294,0.0594857079792517,0.0585476216753118,0.067983666262002,0.0628517823639775,0.0626862377221057,0.0642313210462421,0.0698598388698819,0.0679284847147114,0.0661626752014126,0.0586028032226024,0.0501600264871427,0.0402273479748372,0.0213000772541662,0.0241695177132767,0,0,0.11,0.255,0.345,0.187,0.077,0.026,0,0,0.475349791224086,0.346274998168632,0.0200717896124826,0.158303420994799
"323",323,"52025","Gerpinnes","Wallonie",12863,"Gerpinnes",12863,0.481225219622172,0.518774780377828,1,0,0,0,0,0,0.0373940760320299,0.043535722615253,0.0541864261836275,0.0521651247764907,0.054886107439944,0.0482780066858431,0.0534867449273109,0.0573738630179585,0.0587732255305916,0.0579180595506492,0.0744771826168079,0.0706678068879733,0.0721449117624193,0.0718339423151675,0.0665474617118868,0.0584622560833398,0.0326517919614398,0.0352172899012672,0,0,0.11,0.255,0.345,0.187,0.077,0.026,0,0,0.357883597883598,0.34962962962963,0.0248677248677249,0.267619047619048
"324",324,"52048","Montigny-le-Tilleul","Wallonie",10141,"Montigny-le-Tilleul",10141,0.469776156197614,0.530223843802386,1,0,0,0,0,0,0.0386549649935904,0.0456562469184499,0.0538408440982152,0.0564046938171778,0.0521644808204319,0.0442757124543931,0.0520658712158564,0.0561088650034513,0.0659698254609999,0.0647865102060941,0.0685336751799625,0.0674489695296322,0.0771127107780298,0.0709989152943497,0.0640962429740657,0.0508825559609506,0.0291884429543438,0.0418104723400059,0,0,0.11,0.255,0.345,0.187,0.077,0.026,0,0,0.36390492815899,0.342016919564925,0.0193366456291124,0.274741506646972
"325",325,"52055","Pont-à-Celles","Wallonie",17650,"Pont-à-Celles",17650,0.487875354107649,0.512124645892351,1,0,0,0,0,0,0.0495184135977337,0.055070821529745,0.061586402266289,0.0624362606232295,0.0551841359773371,0.0535410764872521,0.0660623229461756,0.0676487252124646,0.0677620396600567,0.0684985835694051,0.0706515580736544,0.0644759206798867,0.0648158640226629,0.060056657223796,0.0487818696883853,0.0420963172804533,0.0211331444759207,0.0206798866855524,0,0,0.11,0.255,0.345,0.187,0.077,0.026,0,0,0.406461488881727,0.34531098936513,0.0215920077344505,0.226635514018692
"326",326,"52074","Aiseau-Presles","Wallonie",10978,"Aiseau-Presles",10978,0.485698670067408,0.514301329932592,1,0,0,0,0,0,0.0510111131353616,0.0541082164328657,0.0591182364729459,0.061850974676626,0.0577518673711058,0.0538349426124977,0.0714155583895063,0.0654946256148661,0.063854982692658,0.06130442703589,0.0656768081617781,0.0671342685370741,0.0734195664055383,0.062944069958098,0.0514665695026416,0.0396247039533613,0.0213153579887047,0.0186737110584806,0,0,0.11,0.255,0.345,0.187,0.077,0.026,0,0,0.464897466827503,0.345597104945718,0.0258142340168878,0.163691194209891
"327",327,"52075","Les Bons Villers","Wallonie",9586,"Les Bons Villers",9586,0.485499687043605,0.514500312956395,1,0,0,0,0,0,0.0462132276236178,0.0520550803254747,0.0532025871061965,0.0574796578343417,0.0563321510536199,0.056123513457125,0.0607135405800125,0.0686417692468183,0.058940121009806,0.0646776549134154,0.0754224911329022,0.0691633632380555,0.0659294804923847,0.0611308157730023,0.0480909659920718,0.0446484456499061,0.0242019611934071,0.0370331733778427,0,0,0.11,0.255,0.345,0.187,0.077,0.026,0,0,0.384968190560734,0.338659565024412,0.0247077970113922,0.251664447403462
"328",328,"53014","Boussu","Wallonie",20283,"Boussu",20283,0.476063698663906,0.523936301336094,1,0,0,0,0,0,0.0535916777597002,0.0546270275600256,0.060839126361978,0.0611842429620865,0.0592121481043238,0.0603461026475373,0.0692698318789134,0.0658186658778287,0.0614307548193068,0.0602474979046492,0.0651284326776118,0.0663116895922694,0.0667061085638219,0.0625154069910763,0.0516688852733816,0.0372725928117142,0.020805600749396,0.023024207464379,0,0,0.11,0.255,0.345,0.187,0.077,0.026,0,0,0.500524865503215,0.351003805274898,0.0181078598609106,0.130363469360976
"329",329,"53020","Dour","Wallonie",16567,"Dour",16567,0.484275970302408,0.515724029697592,1,0,0,0,0,0,0.0495563469547896,0.0546870284300115,0.0609645681173417,0.0597573489467013,0.0630772016659625,0.0601195146978934,0.0648880304219231,0.061749260578258,0.0648880304219231,0.0636204502927507,0.0692943803947607,0.0621114263294501,0.0638618941268787,0.0627753968733023,0.0517897024204744,0.0399589545481982,0.0213677793203356,0.0255326854590451,0,0,0.11,0.255,0.345,0.187,0.077,0.026,0,0,0.45568226504129,0.361462839166339,0.019347227683838,0.163507668108533
"330",330,"53028","Frameries","Wallonie",21671,"Frameries",21671,0.475058834386969,0.524941165613031,1,0,0,0,0,0,0.0487287157953025,0.0577730607724609,0.0613261962992017,0.0614646301508929,0.0607263162752065,0.0541737806284897,0.0643717410364081,0.0602648701029025,0.0623875224955009,0.0653869226154769,0.0712011443865073,0.0674172857736145,0.0600341470167505,0.0639102948641041,0.0528355867288081,0.0465599187854737,0.0180425453370864,0.0233953209358128,0,0,0.11,0.255,0.345,0.187,0.077,0.026,0,0,0.467903343910178,0.34964608249939,0.0200146448620942,0.162435928728338
"331",331,"53039","Hensies","Wallonie",6816,"Hensies",6816,0.479460093896714,0.520539906103286,1,0,0,0,0,0,0.0441607981220657,0.0469483568075117,0.0605927230046948,0.0610328638497653,0.0608861502347418,0.0547241784037559,0.0619131455399061,0.0602992957746479,0.065580985915493,0.068075117370892,0.0773180751173709,0.0663145539906103,0.0664612676056338,0.0651408450704225,0.0578051643192488,0.0413732394366197,0.0211267605633803,0.0202464788732394,0,0,0.11,0.255,0.345,0.187,0.077,0.026,0,0,0.43980343980344,0.370818370818371,0.0185220185220185,0.170856170856171
"332",332,"53044","Jurbise","Wallonie",10868,"Jurbise",10868,0.488866396761134,0.511133603238866,1,0,0,0,0,0,0.041682002208318,0.0543798306956202,0.0658814869341185,0.0619249171880751,0.0513433934486566,0.0441663599558336,0.0547478836952521,0.0661575266838425,0.0756348914243651,0.0725984541774015,0.0773831431726169,0.0758189179241811,0.0656054471843946,0.0548398969451601,0.0548398969451601,0.041958041958042,0.0198748619801251,0.021163047478837,0,0,0.11,0.255,0.345,0.187,0.077,0.026,0,0,0.325297705489399,0.364072030206216,0.0168457740342724,0.293784490270113
"333",333,"53046","Lens","Wallonie",4636,"Lens",4636,0.485332182916307,0.514667817083693,1,0,0,0,0,0,0.0504745470232959,0.0562985332182916,0.0703192407247627,0.0610440034512511,0.0608283002588438,0.0537100949094047,0.0610440034512511,0.069672131147541,0.0804572907679034,0.0632010353753236,0.0742018981880932,0.0632010353753236,0.0597497842968076,0.0554357204486626,0.0493960310612597,0.0312769628990509,0.0181190681622088,0.0215703192407248,0,0,0.11,0.255,0.345,0.187,0.077,0.026,0,0,0.350843680356574,0.373447946513849,0.0257879656160458,0.249920407513531
"334",334,"53053","Mons","Wallonie",96358,"Mons",96358,0.490773988667262,0.509226011332738,1,0,0,0,0,0,0.0464413956288009,0.0528134664480375,0.0575458187176986,0.0575146848211877,0.0647688827082339,0.0667614520849333,0.0700824010460989,0.0671973266360863,0.0673322401876336,0.0666057826023786,0.0674463978081737,0.0639178895369352,0.0601506880591129,0.056518400132838,0.0485169887295295,0.0395504265343822,0.0218559953506715,0.0249797629672679,0,0,0.11,0.255,0.345,0.187,0.077,0.026,0,0,0.426457378621561,0.346573694867774,0.0190307994458231,0.207938127064842
"335",335,"53065","Quaregnon","Wallonie",18959,"Quaregnon",18959,0.480194103064508,0.519805896935492,1,0,0,0,0,0,0.0523234347803154,0.0565430666174376,0.059074845719711,0.0638219315364734,0.0594968089034232,0.0587056279339628,0.0631362413629411,0.0607099530565958,0.0651933118835382,0.0646131125059339,0.0656680204652144,0.066722928424495,0.0674086185980273,0.0619758426077325,0.0539585421172003,0.0375547233503877,0.0215201223693233,0.0215728677672873,0,0,0.11,0.255,0.345,0.187,0.077,0.026,0,0,0.506298281021644,0.346649036119424,0.0194168000556754,0.127635882803257
"336",336,"53068","Quiévrain","Wallonie",6865,"Quiévrain",6865,0.486234522942462,0.513765477057538,1,0,0,0,0,0,0.050109249817917,0.0546249089584851,0.0624908958485069,0.0588492352512746,0.0639475600873999,0.0575382374362709,0.0623452294246176,0.0630735615440641,0.0636562272396213,0.0640932265112892,0.0674435542607429,0.0652585579024035,0.0681718863801894,0.0569555717407138,0.051128914785142,0.0407865986890022,0.0203932993445011,0.0291332847778587,0,0,0.11,0.255,0.345,0.187,0.077,0.026,0,0,0.457281553398058,0.378058252427184,0.0209708737864078,0.14368932038835
"337",337,"53070","Saint-Ghislain","Wallonie",23743,"Saint-Ghislain",23743,0.481952575495936,0.518047424504064,1,0,0,0,0,0,0.0442235606283957,0.0502463884092153,0.055384744977467,0.0580381586151708,0.0525628606326075,0.0517626247736175,0.0624183970012214,0.065998399528282,0.0644821631638799,0.0680200480141515,0.0706313439750663,0.0661247525586489,0.0672198121551615,0.0614496904350756,0.0608179252832414,0.0453186202249084,0.0251021353662132,0.0301983742576759,0,0,0.11,0.255,0.345,0.187,0.077,0.026,0,0,0.419173252970944,0.35406834593734,0.0209814067208734,0.205776994370842
"338",338,"53082","Colfontaine","Wallonie",20745,"Colfontaine",20745,0.482911544950591,0.517088455049409,1,0,0,0,0,0,0.0567847674138347,0.063003133285129,0.0677271631718486,0.0690768859966257,0.0616534104603519,0.0614605929139552,0.0710532658471921,0.0679199807182454,0.0621836587129429,0.0609303446613642,0.064352856109906,0.0587611472644011,0.0569775849602314,0.0546637744034707,0.049120269944565,0.038177874186551,0.018414075680887,0.0177392142684984,0,0,0.11,0.255,0.345,0.187,0.077,0.026,0,0,0.519692168401992,0.339714156373278,0.0210825842333312,0.119511090991399
"339",339,"53083","Honnelles","Wallonie",5176,"Honnelles",5176,0.493431221020093,0.506568778979907,1,0,0,0,0,0,0.044629057187017,0.0481066460587326,0.053323029366306,0.0566074188562597,0.0519706336939722,0.0469474497681607,0.062210200927357,0.0620170015455951,0.0645285935085008,0.0674265842349304,0.0755409582689335,0.0790185471406492,0.0824961360123648,0.0687789799072643,0.053129829984544,0.0440494590417311,0.0191267387944359,0.0200927357032458,0,0,0.11,0.255,0.345,0.187,0.077,0.026,0,0,0.361779156969227,0.359710369795707,0.0237910524954745,0.254719420739591
"340",340,"53084","Quévy","Wallonie",8168,"Quévy",8168,0.489715964740451,0.510284035259549,1,0,0,0,0,0,0.0439520078354554,0.0503183153770813,0.0575416258570029,0.0599902056807052,0.0579089128305583,0.052154750244858,0.0614593535749265,0.0635406464250735,0.0659892262487757,0.07064152791381,0.0831292850146915,0.0711312438785504,0.0615817825661117,0.058643486777669,0.0525220372184133,0.0424828599412341,0.0222820763956905,0.0247306562193928,0,0,0.11,0.255,0.345,0.187,0.077,0.026,0,0,0.359514579470757,0.374009775830103,0.0235968312826563,0.242878813416484
"341",341,"55004","Braine-le-Comte","Wallonie",23443,"Braine-le-Comte",23443,0.489783730751184,0.510216269248816,1,0,0,0,0,0,0.050932047946082,0.0549844303203515,0.0612123021797552,0.0652220278974534,0.0627052851597492,0.0579277396237683,0.0615535554323252,0.0603165123917587,0.0645395213923133,0.0651367145843109,0.0703408266860043,0.0719617796357122,0.0666296975643049,0.0573732030883419,0.0458559058141023,0.0374952011261357,0.0223094313867679,0.0235038177707631,0,0,0.11,0.255,0.345,0.187,0.077,0.026,0,0,0.390753920765888,0.35938779366379,0.0222334194117277,0.227624866158594
"342",342,"55035","Le Roeulx","Wallonie",8708,"Le Roeulx",8708,0.49184657785944,0.50815342214056,1,0,0,0,0,0,0.0437528709232889,0.0540881947634359,0.0559255856683509,0.0582223242994947,0.0566146072576941,0.0524804777216353,0.0644235186035829,0.0692466697289848,0.0648828663298117,0.0684428112080845,0.0670647680293983,0.0686724850711989,0.0648828663298117,0.065112540192926,0.0556959118052366,0.0444418925126321,0.0204409738171796,0.0256086357372531,0,0,0.11,0.255,0.345,0.187,0.077,0.026,0,0,0.402833041540665,0.33694095177463,0.0208499124621996,0.239376094222505
"343",343,"55040","Soignies","Wallonie",29032,"Soignies",29032,0.485946541747038,0.514053458252962,1,0,0,0,0,0,0.0488082116285478,0.0540093689721686,0.0574882887847892,0.0642739046569303,0.0591416368145495,0.0536993662165886,0.0636538991457702,0.0620005511160099,0.0668917057040507,0.0670294847065307,0.0726784238082116,0.0693028382474511,0.0674428217139708,0.0543538164783687,0.0481537613667677,0.0406792504822265,0.0229057591623037,0.0274869109947644,0,0,0.11,0.255,0.345,0.187,0.077,0.026,0,0,0.405348955680082,0.342485990830362,0.0200203769740194,0.232144676515537
"344",344,"55050","Ecaussinnes","Wallonie",11572,"Ecaussinnes",11572,0.492395437262357,0.507604562737643,1,0,0,0,0,0,0.0526270307639129,0.0553059108192188,0.0652436916695472,0.0636882129277567,0.0580712063601797,0.0573798824749395,0.0687003110957484,0.0655893536121673,0.0703422053231939,0.0673176633252679,0.0712927756653992,0.0642067058416868,0.0604044244728655,0.0487383339094366,0.0450224680262703,0.0392326304873833,0.0198755617006568,0.0269616315243692,0,0,0.11,0.255,0.345,0.187,0.077,0.026,0,0,0.405415522835039,0.361367606688295,0.0229598203144497,0.210257050162216
"345",345,"55085","Seneffe","Wallonie",11624,"Seneffe",11624,0.484514796971783,0.515485203028217,1,0,0,0,0,0,0.047401927047488,0.055230557467309,0.0628011011699931,0.0579834824501032,0.0568651066758431,0.0523055746730902,0.0624569855471438,0.0668444597384721,0.0655540261527873,0.0628011011699931,0.0746730901582932,0.0708878183069511,0.0655540261527873,0.0566070199587061,0.0508430832759807,0.0411218169304886,0.0242601514108741,0.0258086717136958,0,0,0.11,0.255,0.345,0.187,0.077,0.026,0,0,0.405245983935743,0.341867469879518,0.0225903614457831,0.230296184738956
"346",346,"55086","Manage","Wallonie",24108,"Manage",24108,0.492243238758918,0.507756761241082,1,0,0,0,0,0,0.053177368508379,0.0594408495105359,0.0653310104529617,0.0621785299485648,0.0604363696698191,0.056080968972955,0.0671561307449809,0.0672390907582545,0.0632570101211216,0.0638377302140368,0.0703086112493778,0.0661191305790609,0.0608096897295504,0.0578231292517007,0.0500663680106189,0.0368342458934793,0.0185415629666501,0.0213622034179525,0,0,0.11,0.255,0.345,0.187,0.077,0.026,0,0,0.488837393319392,0.346182105917595,0.02034702989883,0.144633470864184
"347",347,"56001","Anderlues","Wallonie",12809,"Anderlues",12809,0.492466234678742,0.507533765321258,1,0,0,0,0,0,0.0555078460457491,0.0579280193613865,0.0595674916074635,0.0532438129440237,0.0576938090405184,0.0623780154578812,0.0758841439612772,0.0672183620891561,0.0644078382387384,0.0628464360996175,0.0664376610195956,0.0631587165274416,0.0626902958857054,0.0549613552970568,0.0510578499492544,0.0349754079163088,0.0224061206963854,0.0276368178624405,0,0,0.11,0.255,0.345,0.187,0.077,0.026,0,0,0.473829493576813,0.348656969954348,0.0202781611636055,0.157235375305234
"348",348,"56005","Beaumont","Wallonie",7140,"Beaumont",7140,0.494677871148459,0.505322128851541,1,0,0,0,0,0,0.0373949579831933,0.0466386554621849,0.0665266106442577,0.0668067226890756,0.065546218487395,0.0459383753501401,0.057703081232493,0.0645658263305322,0.0641456582633053,0.0624649859943978,0.0708683473389356,0.073249299719888,0.0696078431372549,0.0637254901960784,0.0525210084033613,0.0393557422969188,0.0226890756302521,0.0302521008403361,0,0,0.11,0.255,0.345,0.187,0.077,0.026,0,0,0.419060052219321,0.361245803804551,0.0214472211861246,0.198246922790004
"349",349,"56016","Chimay","Wallonie",9691,"Chimay",9691,0.498091012279435,0.501908987720565,1,0,0,0,0,0,0.0480858528531627,0.0491177381075224,0.0597461562274275,0.0621194923124549,0.0618099267361469,0.0529357135486534,0.058095139820452,0.0548962955319368,0.0500464348364462,0.0574760086678361,0.0692395005675369,0.0695490661438448,0.0743989268393355,0.0740893612630276,0.0566505004643484,0.0419977298524404,0.0296151068001238,0.0301310494273037,0,0,0.11,0.255,0.345,0.187,0.077,0.026,0,0,0.449218218898708,0.35581237253569,0.0214819850441876,0.173487423521414
"350",350,"56022","Erquelinnes","Wallonie",10039,"Erquelinnes",10039,0.493575057276621,0.506424942723379,1,0,0,0,0,0,0.0462197430022911,0.0552843908755852,0.0610618587508716,0.0680346648072517,0.0610618587508716,0.0561808945114055,0.0677358302619783,0.0657435999601554,0.0575754557226815,0.0609622472357805,0.070325729654348,0.0694292260185277,0.0686323338977986,0.0635521466281502,0.0442275127004682,0.0379519872497261,0.0216156987747784,0.0244048211973304,0,0,0.11,0.255,0.345,0.187,0.077,0.026,0,0,0.482267633487146,0.343441001977587,0.0152933421226104,0.158998022412657
"351",351,"56029","Froidchapelle","Wallonie",4084,"Froidchapelle",4084,0.501958863858962,0.498041136141038,1,0,0,0,0,0,0.0487267384916748,0.0443192948090108,0.0511753183153771,0.0582761998041136,0.0595004897159647,0.0528893241919687,0.0541136141038198,0.0651322233104799,0.0590107737512243,0.0629285014691479,0.0673359451518119,0.0783545543584721,0.0785994123408423,0.0732125367286974,0.0550930460333007,0.0465230166503428,0.0210577864838394,0.0237512242899119,0,0,0.11,0.255,0.345,0.187,0.077,0.026,0,0,0.447606727037516,0.36901681759379,0.0184346701164295,0.164941785252264
"352",352,"56044","Lobbes","Wallonie",5949,"Lobbes",5949,0.48814926878467,0.51185073121533,1,0,0,0,0,0,0.0420238695579089,0.043368633383762,0.0571524625987561,0.0601781812069255,0.0626996133804001,0.0529500756429652,0.0635400907715582,0.0591696083375357,0.0637081862497899,0.0645486636409481,0.077492015464784,0.0684148596402757,0.0783324928559422,0.0692553370314339,0.0542948394688183,0.0371491006891915,0.0176500252143217,0.0280719448646831,0,0,0.11,0.255,0.345,0.187,0.077,0.026,0,0,0.381981981981982,0.361261261261261,0.0157657657657658,0.240990990990991
"353",353,"56049","Merbes-le-Château","Wallonie",4171,"Merbes-le-Château",4171,0.502996883241429,0.497003116758571,1,0,0,0,0,0,0.0537041476864061,0.051306641093263,0.0690481898825222,0.0594581635099497,0.0575401582354351,0.0541836490050348,0.0623351714217214,0.0640134260369216,0.0664109326300647,0.0654519299928075,0.0740829537281227,0.0654519299928075,0.0695276912011508,0.0620954207624071,0.0517861424118916,0.0381203548309758,0.0187005514265164,0.0167825461520019,0,0,0.11,0.255,0.345,0.187,0.077,0.026,0,0,0.446909667194929,0.358478605388273,0.0228209191759113,0.171790808240887
"354",354,"56051","Momignies","Wallonie",5234,"Momignies",5234,0.495987772258311,0.504012227741689,1,0,0,0,0,0,0.0525410775697363,0.0555980129919755,0.0659151700420329,0.0672525792892625,0.0613297669086741,0.0504394344669469,0.0647688192586932,0.0554069545280856,0.0596102407336645,0.0588460068781047,0.0596102407336645,0.0760412686282002,0.0680168131448223,0.0632403515475736,0.0525410775697363,0.042414978983569,0.0219717233473443,0.0244554833779136,0,0,0.11,0.255,0.345,0.187,0.077,0.026,0,0,0.489040060468632,0.35575711766188,0.0246913580246914,0.130511463844797
"355",355,"56078","Thuin","Wallonie",14871,"Thuin",14871,0.486382892878757,0.513617107121243,1,0,0,0,0,0,0.0412884136910766,0.0457265819380001,0.0552081231927913,0.0574944522896913,0.0548718983256002,0.0456593369645619,0.0578979221303208,0.0609911909084796,0.0581669020240737,0.0630085401116267,0.0707417120570237,0.0689260977741914,0.0759868199852061,0.0714141617914061,0.0640172147132002,0.0535942438302737,0.0275031941362383,0.0275031941362383,0,0,0.11,0.255,0.345,0.187,0.077,0.026,0,0,0.396643030248631,0.344942105735571,0.0220806031774527,0.236334260838345
"356",356,"56086","Ham-sur-Heure-Nalinnes","Wallonie",13825,"Ham-sur-Heure-Nalinnes",13825,0.480361663652803,0.519638336347197,1,0,0,0,0,0,0.0436889692585895,0.0467269439421338,0.0552622061482821,0.0546112115732369,0.0549728752260398,0.0448462929475588,0.0577215189873418,0.0616998191681736,0.0587341772151899,0.0608318264014467,0.0701627486437613,0.068499095840868,0.0763110307414105,0.0733453887884268,0.0610488245931284,0.0499095840867993,0.0270524412296564,0.0345750452079566,0,0,0.11,0.255,0.345,0.187,0.077,0.026,0,0,0.333062220414803,0.350752338348922,0.0226718178121187,0.293513623424156
"357",357,"56088","Sivry-Rance","Wallonie",4871,"Sivry-Rance",4871,0.493122562102238,0.506877437897762,1,0,0,0,0,0,0.0564565797577499,0.0492711968794909,0.059125436255389,0.0615889960993636,0.0560459864504209,0.0466023403818518,0.063641962636009,0.0667214124409772,0.0609731061383699,0.0580989529870663,0.0650790392116608,0.0683637856702936,0.0776021350851981,0.0683637856702936,0.0539930199137754,0.0390063641962636,0.0207349620201191,0.0283309382057072,0,0,0.11,0.255,0.345,0.187,0.077,0.026,0,0,0.424972617743702,0.370208105147864,0.0268346111719606,0.177984665936473
"358",358,"57003","Antoing","Wallonie",7623,"Antoing",7623,0.491276400367309,0.508723599632691,1,0,0,0,0,0,0.0421094057457694,0.0552276006821461,0.0621802439984258,0.0633608815426997,0.0624426078971533,0.0543093270365998,0.059818968909878,0.0669027941755214,0.0648038829857012,0.0627049717958809,0.072805981896891,0.0729371638462548,0.0646727010363374,0.0556211465302374,0.050242686606323,0.0423717696444969,0.0199396563032927,0.0275482093663912,0,0,0.11,0.255,0.345,0.187,0.077,0.026,0,0,0.479567307692308,0.332417582417582,0.0214629120879121,0.166552197802198
"359",359,"57018","Celles","Wallonie",5722,"Celles",5722,0.498077595246417,0.501922404753583,1,0,0,0,0,0,0.0499825235931492,0.0480601188395666,0.0571478504019574,0.0630898287312129,0.0580216707444949,0.0540020971688221,0.0566235581964348,0.0608178958406152,0.064487941279273,0.0730513806361412,0.0732261447046487,0.076022369800769,0.0665851101013632,0.0611674239776302,0.0501572876616568,0.0400209716882209,0.0220202726319469,0.0255155540020972,0,0,0.11,0.255,0.345,0.187,0.077,0.026,0,0,0.388414055080722,0.346866096866097,0.0410731244064577,0.223646723646724
"360",360,"57027","Estaimpuis","Wallonie",10748,"Estaimpuis",10748,0.490882024562709,0.509117975437291,1,0,0,0,0,0,0.052102716784518,0.0601972459992557,0.0642910308894678,0.063732787495348,0.0533122441384444,0.0545217714923707,0.0597320431708225,0.0721064384071455,0.0653144771120208,0.0675474506885002,0.0751767770748046,0.0665240044659472,0.061406773353182,0.0560104205433569,0.0498697432080387,0.0366579828805359,0.0176777074804615,0.0238183848157797,0,0,0.11,0.255,0.345,0.187,0.077,0.026,0,0,0.469357471434931,0.32289657219172,0.0247811247959638,0.182964831577385
"361",361,"57062","Pecq","Wallonie",5966,"Pecq",5966,0.48809922896413,0.51190077103587,1,0,0,0,0,0,0.0460945357023131,0.0554810593362387,0.062185719074757,0.062185719074757,0.062018102581294,0.0611800201139792,0.0628561850486088,0.058330539725109,0.065705665437479,0.0662085149178679,0.0759302715387194,0.0636942675159236,0.0625209520616829,0.0558162923231646,0.0474354676500168,0.0408984244049614,0.0207844451894066,0.0306738183037211,0,0,0.11,0.255,0.345,0.187,0.077,0.026,0,0,0.425128685072532,0.336218998596163,0.0257370145063173,0.212915301824988
"362",362,"57064","Péruwelz","Wallonie",17318,"Péruwelz",17318,0.490530084305347,0.509469915694653,1,0,0,0,0,0,0.0470031181429726,0.05347037764176,0.059186973091581,0.062940293336413,0.0637487007737614,0.0563575470608615,0.0627093197828849,0.0624206028409747,0.0675597644069754,0.0637487007737614,0.070620163991223,0.0670400739115371,0.0670400739115371,0.0598798937521654,0.0500635177272202,0.0380528929437579,0.0223466913038457,0.0258112946067675,0,0,0.11,0.255,0.345,0.187,0.077,0.026,0,0,0.453764448609809,0.340830990315526,0.0218681661980631,0.183536394876601
"363",363,"57072","Rumes","Wallonie",5351,"Rumes",5351,0.498972154737432,0.501027845262568,1,0,0,0,0,0,0.0474677630349467,0.0538217155671837,0.0607363109699122,0.0642870491496916,0.0510185012147262,0.0560642870491497,0.0547561203513362,0.0663427396748271,0.0695197159409456,0.0639132872360307,0.0683984301999626,0.0697065968977761,0.0650345729770136,0.0655952158475051,0.0553167632218277,0.0422350962436928,0.0224257148196599,0.0233601196038124,0,0,0.11,0.255,0.345,0.187,0.077,0.026,0,0,0.446405730365822,0.333333333333333,0.0278843694039396,0.192376566896905
"364",364,"57081","Tournai","Wallonie",68554,"Tournai",68554,0.492516848032208,0.507483151967792,1,0,0,0,0,0,0.0424774630218514,0.0455699156869038,0.0519152784666103,0.0583481634915541,0.0634244537153193,0.0613093327887505,0.0616010736062082,0.0612218105435131,0.0607987863581994,0.0628555591212767,0.0705429296612889,0.0706450389473991,0.0686320273069405,0.0624471219768358,0.0551973626630102,0.0458178953817429,0.0253231029553345,0.0318726843072614,0,0,0.11,0.255,0.345,0.187,0.077,0.026,0,0,0.422052471604543,0.327627579587266,0.0231362981922892,0.227183650615901
"365",365,"57093","Brunehaut","Wallonie",8099,"Brunehaut",8099,0.497345351277936,0.502654648722064,1,0,0,0,0,0,0.0497592295345104,0.0533399185084578,0.0634646252623781,0.0555624151129769,0.0593900481540931,0.0607482405235214,0.0642054574638844,0.0638350413631313,0.0648228176318064,0.0663044820348191,0.0793925175947648,0.0708729472774417,0.0560563032473145,0.0546981108778862,0.0500061736016792,0.0400049388813434,0.0206198296085937,0.0269169033213977,0,0,0.11,0.255,0.345,0.187,0.077,0.026,0,0,0.403981264637002,0.34576781532285,0.0257611241217799,0.224489795918367
"366",366,"57094","Leuze-en-Hainaut","Wallonie",14201,"Leuze-en-Hainaut",14201,0.486233363847616,0.513766636152384,1,0,0,0,0,0,0.0505598197310049,0.0519681712555454,0.053587775508767,0.0587986761495669,0.061544961622421,0.0567565664389832,0.0668262798394479,0.0633758186043236,0.0639391592141399,0.0634462361805507,0.0729526089711992,0.0705584113794803,0.0645024998239561,0.0584465882684318,0.0512639954932751,0.0386592493486374,0.0237307231885079,0.0290824589817618,0,0,0.11,0.255,0.345,0.187,0.077,0.026,0,0,0.41661123253825,0.355887104437898,0.0223320345908961,0.205169628432956
"367",367,"57095","Mont-de-l’Enclus","Wallonie",3879,"Mont-de-l’Enclus",3879,0.503480278422274,0.496519721577726,1,0,0,0,0,0,0.0523330755349317,0.0551688579530807,0.0556844547563805,0.0634184068058778,0.0590358339778293,0.0474349059035834,0.0636762052075277,0.060067027584429,0.0621294147976283,0.0680587780355762,0.088424851765919,0.0763083268883733,0.0592936323794792,0.0531064707398814,0.0507862851250322,0.0337715906161382,0.0195926785253931,0.0317092034029389,0,0,0.11,0.255,0.345,0.187,0.077,0.026,0,0,0.385490753911807,0.369487908961593,0.0597439544807966,0.185277382645804
"368",368,"57096","Mouscron","Wallonie",59987,"Mouscron",59987,0.487205561204928,0.512794438795072,1,0,0,0,0,0,0.0541784053211529,0.0608131761881741,0.0651474486138663,0.0669978495340657,0.0619467551302782,0.0559621251271109,0.0610298898094587,0.0638805074432794,0.0653141513994699,0.0646306699784953,0.068514844883058,0.060996549252338,0.0559621251271109,0.0529948155433677,0.0488939270175205,0.0408421824728691,0.0230549952489706,0.0288395819094137,0,0,0.11,0.255,0.345,0.187,0.077,0.026,0,0,0.515034044033597,0.306644798966254,0.0188360419462253,0.159485115053924
"369",369,"57097","Comines-Warneton","Wallonie",18391,"Comines-Warneton",18391,0.487466695666359,0.512533304333641,1,0,0,0,0,0,0.0520363221140775,0.0574193899189821,0.0583437550976021,0.0623130879234408,0.0572562666521668,0.0517644500027187,0.0601381110325703,0.0629112065684302,0.0648143113479419,0.0599206133434832,0.0693273883964983,0.0692186395519548,0.0619324669675385,0.0546462943831222,0.0487738567777717,0.0465445054646294,0.0251209830895547,0.0375183513675167,0,0,0.11,0.255,0.345,0.187,0.077,0.026,0,0,0.509328358208955,0.33054834523037,0.026930564568462,0.133192731992213
"370",370,"58001","La Louvière","Wallonie",81241,"La Louvière",81241,0.487697098755554,0.512302901244446,1,0,0,0,0,0,0.0499501483241221,0.0556861683140286,0.0621114954271858,0.0613852611366182,0.060745190236457,0.0593173397668665,0.0635024187294593,0.0654472495414877,0.0622222769291368,0.062640784825396,0.0682660233133516,0.0660873204416489,0.0663704287244126,0.0590096133725582,0.0499009121010327,0.0403613938774757,0.0230425524058049,0.0239534225329575,0,0,0.11,0.255,0.345,0.187,0.077,0.026,0,0,0.507310975509466,0.331123867168868,0.0176318689452129,0.143933288376454
"371",371,"58002","Binche","Wallonie",33651,"Binche",33651,0.479094231969332,0.520905768030668,1,0,0,0,0,0,0.0480520638316841,0.0508454429288877,0.0575317226828326,0.0573534218893941,0.0547977771834418,0.056996820302517,0.0679623190989867,0.0668033639416362,0.0597901993997207,0.063267064871772,0.0688241062672729,0.0682594870880509,0.0671005319307004,0.0607411369647262,0.052628450863273,0.0438322783869722,0.0255861638584292,0.0296276485097025,0,0,0.11,0.255,0.345,0.187,0.077,0.026,0,0,0.463617544818967,0.346131312736789,0.019880482755927,0.170370659688318
"372",372,"58003","Estinnes","Wallonie",7955,"Estinnes",7955,0.495411690760528,0.504588309239472,1,0,0,0,0,0,0.0453802639849151,0.0554368321810182,0.0592080452545569,0.0634820867379007,0.0613450659962288,0.0499057196731615,0.062727844123193,0.0634820867379007,0.0651162790697674,0.0705216844751728,0.0756756756756757,0.0700188560653677,0.0649905719673162,0.0566939032055311,0.052294154619736,0.0414833438089252,0.0208673790069139,0.021370207416719,0,0,0.11,0.255,0.345,0.187,0.077,0.026,0,0,0.40578956491593,0.349280637892182,0.0234009360374415,0.221528861154446
"373",373,"58004","Morlanwelz","Wallonie",19172,"Morlanwelz",19172,0.484665136657626,0.515334863342374,1,0,0,0,0,0,0.0482474441894429,0.0502295013561444,0.0590965992071771,0.0582098894220739,0.0587314834133111,0.0604527435843939,0.062121844356353,0.065512205299395,0.0620696849572293,0.0627999165449614,0.0687982474441894,0.0669726684748592,0.0702587106196537,0.0608700187773837,0.0505946171500104,0.0395889839349051,0.0240976423951596,0.031347798873357,0,0,0.11,0.255,0.345,0.187,0.077,0.026,0,0,0.46877336051648,0.355963302752294,0.0194359497111791,0.155827387020048
"374",374,"61003","Amay","Wallonie",14531,"Amay",14531,0.490675108388962,0.509324891611038,1,0,0,0,0,0,0.0476223246851559,0.0580139013144312,0.0640699194824857,0.0633129172114789,0.0576698093730645,0.0581515380909779,0.0656527424127727,0.0663409262955062,0.065721560801046,0.0642763746473058,0.0699194824857202,0.0661344711306861,0.0626247333287454,0.0562246232193242,0.0507191521574565,0.0387447525978942,0.0220218842474709,0.0227788865184777,0,0,0.11,0.255,0.345,0.187,0.077,0.026,0,0,0.442585271674175,0.356532132021697,0.0254665808586927,0.175416015445435
"375",375,"61010","Burdinne","Wallonie",3295,"Burdinne",3295,0.501669195751138,0.498330804248862,1,0,0,0,0,0,0.0591805766312595,0.0631259484066768,0.0640364188163885,0.0561456752655539,0.0540212443095599,0.0515933232169954,0.0649468892261001,0.0737481031866464,0.0779969650986343,0.0591805766312595,0.0755690440060698,0.0770864946889226,0.0710166919575114,0.0552352048558422,0.0352048558421851,0.0288315629742033,0.0182094081942337,0.0148710166919575,0,0,0.11,0.255,0.345,0.187,0.077,0.026,0,0,0.319301388266906,0.368114643976713,0.0286609941782356,0.283922973578146
"376",376,"61012","Clavier","Wallonie",4946,"Clavier",4946,0.498180347755762,0.501819652244238,1,0,0,0,0,0,0.0570157703194501,0.0523655479175091,0.0667205822887182,0.0651031136271735,0.0558026688232915,0.0517589971694298,0.0667205822887182,0.0725839061868176,0.0669227658714112,0.0697533360291144,0.0697533360291144,0.0665183987060251,0.0596441568944602,0.0533764658309745,0.0448847553578649,0.035584310553983,0.0226445612616256,0.0228467448443186,0,0,0.11,0.255,0.345,0.187,0.077,0.026,0,0,0.359356376638856,0.363528009535161,0.0300953516090584,0.247020262216925
"377",377,"61019","Ferrières","Wallonie",5122,"Ferrières",5122,0.510152284263959,0.489847715736041,1,0,0,0,0,0,0.0474424053104256,0.0536899648574775,0.0595470519328387,0.059156579461148,0.0532994923857868,0.0435376805935182,0.0663803201874268,0.0681374463100351,0.0681374463100351,0.0601327606403749,0.065989847715736,0.0712612260835611,0.0763373682155408,0.0640374853572823,0.0585708707536119,0.0368996485747755,0.0240140570089809,0.0234283483014447,0,0,0.11,0.255,0.345,0.187,0.077,0.026,0,0,0.347482993197279,0.363809523809524,0.0323809523809524,0.256326530612245
"378",378,"61024","Hamoir","Wallonie",3780,"Hamoir",3780,0.493386243386243,0.506613756613757,1,0,0,0,0,0,0.0367724867724868,0.0462962962962963,0.0584656084656085,0.0558201058201058,0.064021164021164,0.0526455026455026,0.0582010582010582,0.0576719576719577,0.0608465608465608,0.0600529100529101,0.0753968253968254,0.0711640211640212,0.0759259259259259,0.0669312169312169,0.0574074074074074,0.0505291005291005,0.0267195767195767,0.0251322751322751,0,0,0.11,0.255,0.345,0.187,0.077,0.026,0,0,0.42627345844504,0.340817694369973,0.0328418230563003,0.200067024128686
"379",379,"61028","Héron","Wallonie",5598,"Héron",5598,0.495891389782065,0.504108610217935,1,0,0,0,0,0,0.0603787066809575,0.0702036441586281,0.0710968202929618,0.060735977134691,0.0500178635226867,0.049124687388353,0.0773490532332976,0.0805644873168989,0.0809217577706324,0.0710968202929618,0.0693104680242944,0.0628795998570918,0.0571632725973562,0.0432297249017506,0.0385852090032154,0.0276884601643444,0.0155412647374062,0.0141121829224723,0,0,0.11,0.255,0.345,0.187,0.077,0.026,0,0,0.328175026680896,0.372998932764141,0.0298826040554963,0.268943436499466
"380",380,"61031","Huy","Wallonie",21706,"Huy",21706,0.483921496360453,0.516078503639547,1,0,0,0,0,0,0.0439509812954943,0.0463927024785774,0.0551921127798765,0.0576338339629595,0.0671703676402838,0.0656039804662305,0.0632543997051506,0.0629779784391413,0.0597530636690316,0.061411591265088,0.0658343315212384,0.0706717036764028,0.0650972081452133,0.0592923615590159,0.053441444761817,0.0406799963143831,0.026352160692896,0.0352897816271999,0,0,0.11,0.255,0.345,0.187,0.077,0.026,0,0,0.436964735516373,0.345654911838791,0.0227329974811083,0.194647355163728
"381",381,"61039","Marchin","Wallonie",5612,"Marchin",5612,0.494654312188168,0.505345687811832,1,0,0,0,0,0,0.0500712758374911,0.0559515324305061,0.0678902352102637,0.0620099786172488,0.0564861012116892,0.0538132573057733,0.0668210976478974,0.0686029935851746,0.0741268709907341,0.0652173913043478,0.0646828225231647,0.0751960085531005,0.0664647184604419,0.063791874554526,0.0450819672131148,0.033856022808268,0.0179971489665004,0.0119387027797577,0,0,0.11,0.255,0.345,0.187,0.077,0.026,0,0,0.369477911646586,0.360190763052209,0.027359437751004,0.242971887550201
"382",382,"61041","Modave","Wallonie",4207,"Modave",4207,0.497741858806751,0.502258141193249,1,0,0,0,0,0,0.0477775136676967,0.0541953886379843,0.0622771571190872,0.0572854765866413,0.0530068932731162,0.0520560969812218,0.0708343237461374,0.0765391014975042,0.0691704302353221,0.058711671024483,0.0663180413596387,0.0729736154028999,0.0739244116947944,0.0672688376515332,0.0492037081055384,0.0301877822676492,0.0204421202757309,0.0178274304730212,0,0,0.11,0.255,0.345,0.187,0.077,0.026,0,0,0.325527704485488,0.389511873350923,0.0277044854881266,0.257255936675462
"383",383,"61043","Nandrin","Wallonie",5745,"Nandrin",5745,0.484595300261097,0.515404699738903,1,0,0,0,0,0,0.0374238468233246,0.0459530026109661,0.0565709312445605,0.051348999129678,0.0550043516100957,0.0482158398607485,0.0510008703220191,0.0572671888598782,0.0607484769364665,0.0616187989556136,0.0718885987815492,0.0856396866840731,0.0793733681462141,0.0762402088772846,0.0633594429939077,0.0438642297650131,0.0257615317667537,0.0287206266318538,0,0,0.11,0.255,0.345,0.187,0.077,0.026,0,0,0.303705558337506,0.347771657486229,0.0292939409113671,0.319228843264897
"384",384,"61048","Ouffet","Wallonie",2788,"Ouffet",2788,0.492467718794835,0.507532281205165,1,0,0,0,0,0,0.0426829268292683,0.0484218077474892,0.0728120516499283,0.0570301291248207,0.0591822094691535,0.0408895265423242,0.0613342898134864,0.0670731707317073,0.0685078909612626,0.063845050215208,0.0746054519368723,0.0703012912482066,0.0749641319942611,0.0663558106169297,0.0505738880918221,0.0419655667144907,0.0233142037302726,0.0161406025824964,0,0,0.11,0.255,0.345,0.187,0.077,0.026,0,0,0.372059529524724,0.365338454152664,0.028804608737398,0.233797407585214
"385",385,"61063","Verlaine","Wallonie",4361,"Verlaine",4361,0.499656042192158,0.500343957807842,1,0,0,0,0,0,0.0522815867920202,0.0561797752808989,0.0591607429488649,0.0632882366429718,0.0582435221279523,0.0483833983031415,0.0630589314377436,0.0731483604677826,0.0717725292364137,0.0632882366429718,0.0703966980050447,0.0710846136207292,0.0690208667736758,0.0623710158220592,0.0552625544599862,0.0334785599633112,0.0171978903921119,0.0123824810823206,0,0,0.11,0.255,0.345,0.187,0.077,0.026,0,0,0.325719960278054,0.3733862959285,0.0264812975835816,0.274412446209864
"386",386,"61068","Villers-Le-Bouillet","Wallonie",6836,"Villers-Le-Bouillet",6836,0.491369221767115,0.508630778232885,1,0,0,0,0,0,0.0516383850204798,0.056173200702165,0.0693387946167349,0.0680222352252779,0.0569046225863078,0.0504681100058514,0.0684610883557636,0.0765067290813341,0.0683148039789351,0.0727033352837917,0.07489760093622,0.0643651258045641,0.0607080163838502,0.0550029256875366,0.0465184318314804,0.0264774722059684,0.0172615564657695,0.0162375658279696,0,0,0.11,0.255,0.345,0.187,0.077,0.026,0,0,0.369918699186992,0.370774497218656,0.0316645271715875,0.227642276422764
"387",387,"61072","Wanze","Wallonie",14010,"Wanze",14010,0.489578872234119,0.510421127765882,1,0,0,0,0,0,0.0469664525339044,0.0526766595289079,0.0572448251249108,0.0633119200571021,0.0602426837972877,0.0517487508922198,0.0589578872234119,0.0616702355460385,0.0629550321199144,0.0661670235546039,0.0687366167023555,0.0718058529621699,0.0689507494646681,0.0629550321199144,0.049678800856531,0.0423982869379015,0.0246966452533904,0.028836545324768,0,0,0.11,0.255,0.345,0.187,0.077,0.026,0,0,0.387809187279152,0.361896348645465,0.0242442088731841,0.226050255202199
"388",388,"61079","Anthisnes","Wallonie",4220,"Anthisnes",4220,0.492890995260663,0.507109004739337,1,0,0,0,0,0,0.0447867298578199,0.0478672985781991,0.0627962085308057,0.0571090047393365,0.0552132701421801,0.0509478672985782,0.0578199052132701,0.0684834123222749,0.0680094786729858,0.0630331753554502,0.0713270142180095,0.0751184834123223,0.0725118483412322,0.0635071090047393,0.0616113744075829,0.0353080568720379,0.0222748815165877,0.0222748815165877,0,0,0.11,0.255,0.345,0.187,0.077,0.026,0,0,0.345182724252492,0.376744186046512,0.0295681063122924,0.248504983388704
"389",389,"61080","Engis","Wallonie",6296,"Engis",6296,0.498570520965692,0.501429479034307,1,0,0,0,0,0,0.0605146124523507,0.0546378653113088,0.056861499364676,0.0670266836086404,0.0613087674714104,0.0668678526048285,0.0819567979669631,0.0670266836086404,0.0651207115628971,0.0630559085133418,0.0703621346886912,0.0665501905972046,0.0613087674714104,0.0466963151207116,0.0439961880559085,0.0297013977128335,0.0184243964421855,0.0185832274459975,0,0,0.11,0.255,0.345,0.187,0.077,0.026,0,0,0.466878306878307,0.355343915343915,0.0241269841269841,0.153650793650794
"390",390,"61081","Tinlot","Wallonie",2777,"Tinlot",2777,0.486856319769535,0.513143680230465,1,0,0,0,0,0,0.0435722002160605,0.0561757292041772,0.0565358300324091,0.0640979474252791,0.0612171407994238,0.0500540151242348,0.0655383507382067,0.0601368383147281,0.0622974432841196,0.064458048253511,0.0669787540511343,0.0727403673028448,0.0749009722722362,0.06049693914296,0.0500540151242348,0.0345696795102629,0.0187252430680591,0.0374504861361181,0,0,0.11,0.255,0.345,0.187,0.077,0.026,0,0,0.341013824884793,0.339477726574501,0.0225294418842806,0.296979006656426
"391",391,"62003","Ans","Wallonie",28989,"Ans",28989,0.480734071544379,0.519265928455621,1,0,0,0,0,0,0.0519162440925868,0.058056504191245,0.0631618889923764,0.0599882714132947,0.0569526372072165,0.0545034323364035,0.0637483183276415,0.0627479388733658,0.0646452102521646,0.0581599917209976,0.0649556728414226,0.0624374762841078,0.0633343682086309,0.0625409638138604,0.0568836455207148,0.0417054744903239,0.025940874124668,0.0283210873089793,0,0,0.11,0.255,0.345,0.187,0.077,0.026,0,0,0.458996212121212,0.341382575757576,0.0261363636363636,0.173484848484848
"392",392,"62006","Awans","Wallonie",9344,"Awans",9344,0.486622431506849,0.513377568493151,1,0,0,0,0,0,0.0446275684931507,0.0527611301369863,0.0557577054794521,0.0543664383561644,0.0565068493150685,0.0495505136986301,0.0607876712328767,0.0664597602739726,0.0599315068493151,0.0621789383561644,0.0641053082191781,0.0639982876712329,0.069777397260274,0.0599315068493151,0.0644263698630137,0.0502996575342466,0.0286815068493151,0.0358518835616438,0,0,0.11,0.255,0.345,0.187,0.077,0.026,0,0,0.385419692128957,0.371914028463549,0.0243973279117049,0.218268951495789
"393",393,"62009","Aywaille","Wallonie",12880,"Aywaille",12880,0.493478260869565,0.506521739130435,1,0,0,0,0,0,0.0453416149068323,0.0497670807453416,0.0579968944099379,0.0583850931677019,0.0608695652173913,0.0541149068322981,0.0638975155279503,0.0706521739130435,0.0661490683229814,0.0649844720496894,0.068167701863354,0.0659937888198758,0.0707298136645963,0.0624223602484472,0.0506987577639752,0.0421583850931677,0.021195652173913,0.0264751552795031,0,0,0.11,0.255,0.345,0.187,0.077,0.026,0,0,0.395604395604396,0.363391510450334,0.0297349709114415,0.211269123033829
"394",394,"62011","Bassenge","Wallonie",9028,"Bassenge",9028,0.49368630926008,0.50631369073992,1,0,0,0,0,0,0.0500664599025255,0.0556047851129818,0.055715551617191,0.0573770491803279,0.057487815684537,0.0525033229951263,0.0621400088613203,0.069672131147541,0.0702259636685866,0.0645768719539211,0.0674568010633584,0.069672131147541,0.0655737704918033,0.0623615418697386,0.0536109880372175,0.040097474523704,0.0238147984049623,0.0220425343376163,0,0,0.11,0.255,0.345,0.187,0.077,0.026,0,0,0.400810324129652,0.359543817527011,0.0312124849939976,0.20843337334934
"395",395,"62015","Beyne-Heusay","Wallonie",12018,"Beyne-Heusay",12018,0.482276585122317,0.517723414877683,1,0,0,0,0,0,0.0480113163587951,0.0575802962223332,0.0606590114827758,0.0654851056748211,0.0612414711266434,0.0574970877017807,0.063488101181561,0.0650690630720586,0.0586620069895157,0.0648194375104011,0.0666500249625562,0.0655683141953736,0.063155267099351,0.062988850058246,0.0488434015643202,0.0430188051256449,0.0250457646863039,0.0222166749875187,0,0,0.11,0.255,0.345,0.187,0.077,0.026,0,0,0.45339827319017,0.357095417312375,0.0243524463139252,0.165153863183529
"396",396,"62022","Chaudfontaine","Wallonie",20600,"Chaudfontaine",20600,0.479368932038835,0.520631067961165,1,0,0,0,0,0,0.0391747572815534,0.0496116504854369,0.0530097087378641,0.0522330097087379,0.055,0.0462135922330097,0.0533980582524272,0.0574271844660194,0.061504854368932,0.055873786407767,0.0626699029126214,0.0693203883495146,0.0707281553398058,0.0696116504854369,0.0664563106796116,0.0550485436893204,0.0331067961165049,0.0496116504854369,0,0,0.11,0.255,0.345,0.187,0.077,0.026,0,0,0.335203567831967,0.345849518054956,0.0265429434613725,0.292403970651705
"397",397,"62026","Comblain-au-Pont","Wallonie",5319,"Comblain-au-Pont",5319,0.481293476217334,0.518706523782666,1,0,0,0,0,0,0.0456852791878173,0.0535815002820079,0.0620417371686407,0.0718180109043053,0.0548975371310397,0.0471893213009964,0.0637337845459673,0.0663658582440308,0.0590336529422824,0.0644858056025569,0.0680579056213574,0.0746380898665163,0.0635457792818199,0.0639217898101147,0.04982139499906,0.0374130475653318,0.0221846211693927,0.0315848843767626,0,0,0.11,0.255,0.345,0.187,0.077,0.026,0,0,0.437655240933929,0.348236462990561,0.0295578738201689,0.18455042225534
"398",398,"62027","Dalhem","Wallonie",7712,"Dalhem",7712,0.486384854771784,0.513615145228216,1,0,0,0,0,0,0.0513485477178423,0.0571836099585062,0.0573132780082988,0.0562759336099585,0.0547199170124481,0.0526452282157676,0.0675570539419087,0.068594398340249,0.0724844398340249,0.0661307053941909,0.0718360995850622,0.0654823651452282,0.0676867219917012,0.0614626556016597,0.0521265560165975,0.0416234439834025,0.0206172199170124,0.0149118257261411,0,0,0.11,0.255,0.345,0.187,0.077,0.026,0,0,0.332146204311153,0.362136832239925,0.0309278350515464,0.274789128397376
"399",399,"62032","Esneux","Wallonie",12827,"Esneux",12827,0.486473844234817,0.513526155765183,1,0,0,0,0,0,0.0401496842597646,0.0462306073126998,0.053636859748967,0.0524674514695564,0.0561315974117097,0.0558197552038668,0.0594059405940594,0.0615888360489592,0.06057534887347,0.0604973883215093,0.0650191003352304,0.0686832462773836,0.0749200904342403,0.0678256802058159,0.0649411397832697,0.0519217276058314,0.029625009745069,0.0305605363685975,0,0,0.11,0.255,0.345,0.187,0.077,0.026,0,0,0.333641511614469,0.349243037096961,0.0273893447359297,0.289726106552641
"400",400,"62038","Fléron","Wallonie",16380,"Fléron",16380,0.46996336996337,0.53003663003663,1,0,0,0,0,0,0.0392551892551893,0.0484737484737485,0.0553724053724054,0.0604395604395604,0.0575091575091575,0.0518315018315018,0.0566544566544567,0.0551282051282051,0.056959706959707,0.0597680097680098,0.0654456654456654,0.0699023199023199,0.0681929181929182,0.0680708180708181,0.0626373626373626,0.0561050061050061,0.0355921855921856,0.0326617826617827,0,0,0.11,0.255,0.345,0.187,0.077,0.026,0,0,0.449417436721575,0.339333065488148,0.0229811169144235,0.188268380875854
"401",401,"62051","Herstal","Wallonie",40814,"Herstal",40814,0.485323663448817,0.514676336551183,1,0,0,0,0,0,0.0557896800117607,0.0619150291566619,0.0658352526093987,0.0632381045719606,0.0592688783260646,0.0595383936884402,0.0648061939530553,0.0648796981427941,0.0656147400401823,0.0619150291566619,0.0652227176949086,0.0635566227274955,0.0617190179840251,0.0559856911843975,0.0468466702602048,0.0351840054883128,0.0211447052481991,0.0275395697554761,0,0,0.11,0.255,0.345,0.187,0.077,0.026,0,0,0.502871343654498,0.340799946267253,0.0234409107700574,0.132887799308191
"402",402,"62060","Juprelle","Wallonie",9733,"Juprelle",9733,0.493167574231994,0.506832425768006,1,0,0,0,0,0,0.0444878249255111,0.0556868385903627,0.055275865611836,0.0610294873112093,0.0576389602383643,0.0520908250282544,0.0593855953971026,0.0671940819891092,0.0633925819377376,0.0668858522552142,0.0697626631049009,0.0707900955512175,0.0670913387444775,0.056508784547416,0.0604130278434193,0.0479810952429878,0.0240419192438097,0.0203431624370698,0,0,0.11,0.255,0.345,0.187,0.077,0.026,0,0,0.36644371709122,0.36544755941369,0.0303116550448271,0.237797068450263
"403",403,"62063","Liège","Wallonie",195778,"Liège",195778,0.496174238167721,0.503825761832279,1,0,0,0,0,0,0.050761576888108,0.0527536291105231,0.0554301300452553,0.0548018674212629,0.067566325123354,0.0829306663670075,0.0791559827968413,0.0715146747847051,0.0654874398553464,0.061758726721082,0.061089601487399,0.0592661075299574,0.0574477213987271,0.0512519282043948,0.0435748654087793,0.0357956460889375,0.0223314161958954,0.0270816945724239,0,0,0.11,0.255,0.345,0.187,0.077,0.026,0,0,0.462195820957741,0.325867035887358,0.0221904613025451,0.189746681852356
"404",404,"62079","Oupeye","Wallonie",25743,"Oupeye",25743,0.485063900866255,0.514936099133745,1,0,0,0,0,0,0.0466923047041914,0.0542671794274172,0.0599386240919862,0.0585401856815445,0.055471390280853,0.0515868391407373,0.0611428349454221,0.0618032086392417,0.06409509381191,0.06409509381191,0.0671250437012003,0.069261546828264,0.0631239560268811,0.0654935322223517,0.0583848036359399,0.0475857514664181,0.0240453715573166,0.0273472400264149,0,0,0.11,0.255,0.345,0.187,0.077,0.026,0,0,0.436037726017404,0.354020113594914,0.0270439268407066,0.182898233546975
"405",405,"62093","Saint-Nicolas","Wallonie",24491,"Saint-Nicolas",24491,0.480053897350047,0.519946102649953,1,0,0,0,0,0,0.0567555428524764,0.0672083622555224,0.0698215671062839,0.0619002899024131,0.0564697235719244,0.0585929525131681,0.0655342778980034,0.0679433261197991,0.0677800008166265,0.0632068923277939,0.0573680127393736,0.0622269405087583,0.0603078681964803,0.0550814584949573,0.0456902535625332,0.0354415907884529,0.0224980605120248,0.0261728798334082,0,0,0.11,0.255,0.345,0.187,0.077,0.026,0,0,0.519129361606642,0.330808930775272,0.0244025580612588,0.125659149556827
"406",406,"62096","Seraing","Wallonie",64266,"Seraing",64266,0.484392991628544,0.515607008371456,1,0,0,0,0,0,0.0551924812498055,0.0614166122055208,0.0666760028631002,0.0628948433075032,0.0613232502411851,0.0612610089316279,0.0650577288146143,0.064559798338157,0.0618211807176423,0.0596738555379205,0.064450876046432,0.0661002707496966,0.0616344567889708,0.0564373074409486,0.0456073195780039,0.0372047427877883,0.0230915258457038,0.0255967385553792,0,0,0.11,0.255,0.345,0.187,0.077,0.026,0,0,0.51076831674765,0.33614122939167,0.021812472150905,0.131277981709775
"407",407,"62099","Soumagne","Wallonie",17351,"Soumagne",17351,0.486023860296237,0.513976139703763,1,0,0,0,0,0,0.0425335715520719,0.0505446371967034,0.0596507405913204,0.0663362342228114,0.0640308915912628,0.0579793671834476,0.0628782202754885,0.0612644804334044,0.0620713503544464,0.0659327992622904,0.0712350873148522,0.0659904328280791,0.0633392888017982,0.0643190594202063,0.0530228805256181,0.0414385338020863,0.0250129675523025,0.0224194570918103,0,0,0.11,0.255,0.345,0.187,0.077,0.026,0,0,0.397986057319907,0.363439194422928,0.0269558481797057,0.211618900077459
"408",408,"62100","Sprimont","Wallonie",15141,"Sprimont",15141,0.486559672412654,0.513440327587346,1,0,0,0,0,0,0.0453074433656958,0.0510534310811703,0.059507298064857,0.0604319397661977,0.0560068687669242,0.0522422561257513,0.0632058648702199,0.0673007066904432,0.064592827422231,0.0675648900336834,0.0695462651079849,0.0692160359289347,0.0667062941681527,0.0616868106465887,0.0540915395284327,0.040552143187372,0.0219272174889373,0.029060167756423,0,0,0.11,0.255,0.345,0.187,0.077,0.026,0,0,0.333075135553834,0.352633617350891,0.031855151045701,0.282436096049574
"409",409,"62108","Visé","Wallonie",18154,"Visé",18154,0.48628401454225,0.51371598545775,1,0,0,0,0,0,0.0454996144100474,0.056020711688884,0.0604274540046271,0.0595461055414785,0.0610333810730418,0.0523300649994492,0.0574529029415005,0.0605376225625207,0.0630164151151261,0.06929602291506,0.0648341963203702,0.0658257133414124,0.0698468657045279,0.0610333810730418,0.054974110388895,0.0430759061363887,0.0272667180786604,0.0279828137049686,0,0,0.11,0.255,0.345,0.187,0.077,0.026,0,0,0.430056137156729,0.343953876498255,0.0227583067819754,0.203231679563041
"410",410,"62118","Grâce-Hollogne","Wallonie",23261,"Grâce-Hollogne",23261,0.491939297536649,0.508060702463351,1,0,0,0,0,0,0.0553716521215769,0.0597136838485018,0.0671510253213533,0.0619061949185332,0.0538669876617514,0.0567043549288509,0.0639697347491509,0.0667641116031125,0.0677099006921456,0.0624650702893255,0.0671940157344912,0.064958514251322,0.0634968402046344,0.0596706934353639,0.0491810326297236,0.0397231417393921,0.019560637977731,0.0205924078930399,0,0,0.11,0.255,0.345,0.187,0.077,0.026,0,0,0.479280961830279,0.354558188397339,0.0256799346328937,0.140480915139489
"411",411,"62119","Blegny","Wallonie",13482,"Blegny",13482,0.488948227265984,0.511051772734016,1,0,0,0,0,0,0.0453938584779706,0.0514018691588785,0.0522919448153093,0.0605993176086634,0.0603026257231865,0.0510310043020323,0.0605993176086634,0.062379468921525,0.063343717549325,0.0605251446372942,0.0709093606289868,0.0720219551995253,0.0702418038866637,0.0610443554368788,0.0521435988725708,0.0462097611630322,0.0284824210057855,0.0310784750037086,0,0,0.11,0.255,0.345,0.187,0.077,0.026,0,0,0.369807905058835,0.361460323845922,0.0263501961178719,0.242381574977371
"412",412,"62120","Flémalle","Wallonie",27002,"Flémalle",27002,0.482742019109696,0.517257980890304,1,0,0,0,0,0,0.0535145544774461,0.0589956299533368,0.0634027109103029,0.0601066587660173,0.0563661950966595,0.0539219317087623,0.0671802088734168,0.0714761869491149,0.0634027109103029,0.0606992074661136,0.0683653062736094,0.0654025627731279,0.0631064365602548,0.0551810976964669,0.0482186504703355,0.038960077031331,0.0234797422413155,0.0282201318420858,0,0,0.11,0.255,0.345,0.187,0.077,0.026,0,0,0.458404159584042,0.357914208579142,0.0279472052794721,0.155734426557344
"413",413,"62121","Neupré","Wallonie",10010,"Neupré",10010,0.487012987012987,0.512987012987013,1,0,0,0,0,0,0.0388611388611389,0.044955044955045,0.0515484515484516,0.0558441558441558,0.0542457542457542,0.0447552447552448,0.0551448551448551,0.0518481518481518,0.0581418581418581,0.0628371628371628,0.0669330669330669,0.0689310689310689,0.0799200799200799,0.069030969030969,0.0712287712287712,0.0573426573426573,0.0328671328671329,0.0355644355644356,0,0,0.11,0.255,0.345,0.187,0.077,0.026,0,0,0.311379863033659,0.350429841177328,0.0287046481130701,0.309485647675943
"414",414,"62122","Trooz","Wallonie",8058,"Trooz",8058,0.498634896996773,0.501365103003227,1,0,0,0,0,0,0.0584512285927029,0.0575825266815587,0.0546041201290643,0.0563415239513527,0.0548523206751055,0.0600645321419707,0.0760734673616282,0.075204765450484,0.0620501365103003,0.0646562422437329,0.0652767436088359,0.072102258624969,0.0646562422437329,0.0563415239513527,0.0483991064780342,0.0367336808140978,0.0189873417721519,0.0176222387689253,0,0,0.11,0.255,0.345,0.187,0.077,0.026,0,0,0.388750208021301,0.35912797470461,0.0264603095356965,0.225661507738392
"415",415,"63001","Amblève","Wallonie",5612,"Amblève",5612,0.507127583749109,0.492872416250891,1,0,0,0,0,0,0.054704205274412,0.052744119743407,0.058624376336422,0.0486457590876693,0.0607626514611547,0.0650392017106201,0.0632573057733428,0.0557733428367783,0.0577334283677833,0.0511404133998574,0.0661083392729865,0.0908766928011404,0.0789379900213828,0.0552387740555952,0.0438346400570207,0.0308267997148967,0.0308267997148967,0.0349251603706344,0,0,0.11,0.255,0.345,0.187,0.077,0.026,0,0,0.496563573883162,0.334315169366716,0.0211094747177221,0.148011782032401
"416",416,"63003","Aubel","Wallonie",4252,"Aubel",4252,0.495061147695202,0.504938852304798,1,0,0,0,0,0,0.0437441204139229,0.0510348071495767,0.049623706491063,0.0517403574788335,0.0667920978363123,0.0559736594543744,0.0609125117591722,0.0547977422389464,0.0524459078080903,0.0557384760112888,0.0750235183443086,0.0700846660395108,0.0792568203198495,0.0646754468485419,0.0531514581373471,0.048447789275635,0.0333960489181562,0.0331608654750706,0,0,0.11,0.255,0.345,0.187,0.077,0.026,0,0,0.410509554140127,0.322929936305732,0.0245222929936306,0.24203821656051
"417",417,"63004","Baelen","Wallonie",4487,"Baelen",4487,0.505237352351237,0.494762647648763,1,0,0,0,0,0,0.0494762647648763,0.0512591932248719,0.058390907064854,0.0606195676398485,0.0581680410073546,0.0548250501448629,0.0661912190773345,0.0630710942723423,0.0586137731223535,0.0597281034098507,0.0655226209048362,0.0835747715622911,0.0795631825273011,0.064408290617339,0.0490305326498774,0.033207042567417,0.021618007577446,0.0227323378649432,0,0,0.11,0.255,0.345,0.187,0.077,0.026,0,0,0.418717714980249,0.334548769371012,0.0303859009419629,0.216347614706776
"418",418,"63012","Bullange","Wallonie",5544,"Bullange",5544,0.518939393939394,0.481060606060606,1,0,0,0,0,0,0.0523088023088023,0.0535714285714286,0.0487012987012987,0.0526695526695527,0.0597041847041847,0.0607864357864358,0.0618686868686869,0.0528499278499278,0.0528499278499278,0.0503246753246753,0.0670995670995671,0.0836940836940837,0.0781024531024531,0.0647546897546898,0.0532106782106782,0.0335497835497836,0.0380591630591631,0.0358946608946609,0,0,0.11,0.255,0.345,0.187,0.077,0.026,0,0,0.512477943029997,0.322914040836904,0.0201663725737333,0.144441643559365
"419",419,"63013","Butgenbach","Wallonie",5652,"Butgenbach",5652,0.500176928520878,0.499823071479122,1,0,0,0,0,0,0.0521939136588818,0.0479476291578202,0.0525477707006369,0.0562632696390658,0.0495399858457183,0.0599787685774947,0.0633404104741684,0.0564401981599434,0.0557324840764331,0.0546709129511677,0.0690021231422505,0.0842179759377212,0.0774946921443737,0.0651096956829441,0.0479476291578202,0.0348549186128804,0.0362703467799009,0.0364472753007785,0,0,0.11,0.255,0.345,0.187,0.077,0.026,0,0,0.521933962264151,0.310377358490566,0.0181603773584906,0.149528301886792
"420",420,"63020","Dison","Wallonie",15260,"Dison",15260,0.492922673656619,0.507077326343381,1,0,0,0,0,0,0.0634993446920052,0.0680209698558322,0.0778505897771953,0.073394495412844,0.0673656618610747,0.0604849279161206,0.0641546526867628,0.0680209698558322,0.0623853211009174,0.0607470511140236,0.0594364351245085,0.0636304062909567,0.0600262123197903,0.0496068152031455,0.0374836173001311,0.0283748361730013,0.018610747051114,0.0169069462647444,0,0,0.11,0.255,0.345,0.187,0.077,0.026,0,0,0.549228508449669,0.30134092578986,0.022226304188097,0.127204261572373
"421",421,"63023","Eupen","Wallonie",20093,"Eupen",20093,0.488727417508585,0.511272582491415,1,0,0,0,0,0,0.0536505250584781,0.0541482108196885,0.056238491016772,0.056188722440651,0.0592743741601553,0.0603195142586971,0.0615139600856019,0.0608669685960285,0.0624097944557806,0.0541979793958095,0.0631563230975962,0.0745035584531926,0.0766436072263973,0.0583287712138556,0.046881998706017,0.0380729607325934,0.0352859204698154,0.0283183198128702,0,0,0.11,0.255,0.345,0.187,0.077,0.026,0,0,0.47295733911786,0.354880694143167,0.0202458423716558,0.151916124367317
"422",422,"63035","Herve","Wallonie",17850,"Herve",17850,0.493501400560224,0.506498599439776,1,0,0,0,0,0,0.0477871148459384,0.0503641456582633,0.0625770308123249,0.061344537815126,0.0578711484593838,0.0557983193277311,0.0630812324929972,0.0622408963585434,0.0642016806722689,0.0610084033613445,0.0694677871148459,0.0684593837535014,0.0666106442577031,0.0604481792717087,0.0582072829131653,0.0431372549019608,0.0251540616246499,0.0222408963585434,0,0,0.11,0.255,0.345,0.187,0.077,0.026,0,0,0.385980061229296,0.32710573828401,0.0292801632781223,0.257634037208572
"423",423,"63038","Jalhay","Wallonie",8777,"Jalhay",8777,0.496980745129315,0.503019254870685,1,0,0,0,0,0,0.0465990657400023,0.0471687364703202,0.0567392047396605,0.0568531388857241,0.0570810071778512,0.0597014925373134,0.0623219778967757,0.056055599863279,0.0592457559530591,0.0586760852227413,0.0723481827503703,0.0714367095818617,0.0738293266491968,0.0687022900763359,0.0600432949755042,0.0429531730659679,0.0235843682351601,0.0266605901788766,0,0,0.11,0.255,0.345,0.187,0.077,0.026,0,0,0.33439136644977,0.357244881764799,0.0279320742739248,0.280431677511506
"424",424,"63040","La Calamine","Wallonie",11352,"La Calamine",11352,0.485553206483439,0.514446793516561,1,0,0,0,0,0,0.0512684989429175,0.0599013389711064,0.0595489781536293,0.0541754756871036,0.0484496124031008,0.0451021846370684,0.0552325581395349,0.0599894291754757,0.0626321353065539,0.0524136715997181,0.0675651867512333,0.0847427766032417,0.0809548978153629,0.0677413671599718,0.0536469344608879,0.040169133192389,0.0318886539816772,0.0245771670190275,0,0,0.11,0.255,0.345,0.187,0.077,0.026,0,0,0.55916572077185,0.322360953461975,0.0204313280363224,0.0980419977298524
"425",425,"63045","Lierneux","Wallonie",3644,"Lierneux",3644,0.509330406147091,0.490669593852909,1,0,0,0,0,0,0.044456641053787,0.0504939626783754,0.0611964873765093,0.059549945115258,0.0510428100987925,0.0540614709110867,0.0669593852908891,0.0710757409440176,0.0721734357848518,0.0677826564215148,0.0699780461031833,0.0735455543358946,0.0699780461031833,0.0603732162458836,0.050768386388584,0.0384193194291987,0.0189352360043908,0.0192096597145993,0,0,0.11,0.255,0.345,0.187,0.077,0.026,0,0,0.388677811550152,0.358282674772036,0.0311550151975684,0.221884498480243
"426",426,"63046","Limbourg","Wallonie",5654,"Limbourg",5654,0.491687301025822,0.508312698974178,1,0,0,0,0,0,0.0477538026176158,0.0551821719136894,0.058188892819243,0.0604881499823134,0.0675627874071454,0.0583657587548638,0.0645560665015918,0.0596038203042094,0.0613724796604174,0.0610187477891758,0.0716307039264238,0.0711001061195614,0.063494870887867,0.063494870887867,0.0459851432614079,0.0383799080297135,0.0242306331800495,0.0275910859568447,0,0,0.11,0.255,0.345,0.187,0.077,0.026,0,0,0.441427289048474,0.339991023339318,0.0314183123877917,0.187163375224417
"427",427,"63048","Lontzen","Wallonie",6058,"Lontzen",6058,0.501815780785738,0.498184219214262,1,0,0,0,0,0,0.0619016176956091,0.0594255529877847,0.0615714757345659,0.0564542753383955,0.0511720039617035,0.053152855727963,0.0648728953449983,0.0699900957411687,0.0648728953449983,0.0533179267084846,0.0680092439749092,0.0742819412347309,0.0714757345658633,0.0604159788709145,0.049191152195444,0.0308682733575437,0.0255860019808518,0.0234400792340707,0,0,0.11,0.255,0.345,0.187,0.077,0.026,0,0,0.452369439071567,0.36968085106383,0.0236943907156673,0.154255319148936
"428",428,"63049","Malmedy","Wallonie",12950,"Malmedy",12950,0.485328185328185,0.514671814671815,1,0,0,0,0,0,0.044015444015444,0.050965250965251,0.0526640926640927,0.0571428571428571,0.0593050193050193,0.062007722007722,0.0631660231660232,0.0583011583011583,0.0572972972972973,0.0589189189189189,0.068030888030888,0.0734362934362934,0.0701158301158301,0.0629343629343629,0.0511969111969112,0.0420849420849421,0.0331274131274131,0.0352895752895753,0,0,0.11,0.255,0.345,0.187,0.077,0.026,0,0,0.431964992706814,0.329026880600125,0.0250052094186289,0.214002917274432
"429",429,"63057","Olne","Wallonie",4142,"Olne",4142,0.500241429261227,0.499758570738774,1,0,0,0,0,0,0.0473201352003863,0.0475615644616127,0.0531144374698213,0.0651859005311444,0.0591501690004829,0.048768710767745,0.0637373249637856,0.0673587638821825,0.0671173346209561,0.0659101883148238,0.0719459198454853,0.0683244809270884,0.0750845002414293,0.0663930468372767,0.0605987445678416,0.0391115403186866,0.0178657653307581,0.0154514727184935,0,0,0.11,0.255,0.345,0.187,0.077,0.026,0,0,0.30998613037448,0.359916782246879,0.0312066574202497,0.298890429958391
"430",430,"63058","Pepinster","Wallonie",9274,"Pepinster",9274,0.492128531378046,0.507871468621954,1,0,0,0,0,0,0.0499245201638991,0.0546689670045288,0.0665300841061031,0.0668535691179642,0.0645891740349364,0.0584429588095752,0.0646970023722234,0.0630795773129178,0.0622169506146215,0.0639422040112141,0.071813672633168,0.0654518007332327,0.0637265473366401,0.0540219969808066,0.0494932068147509,0.0418373948673711,0.01930127237438,0.019409100711667,0,0,0.11,0.255,0.345,0.187,0.077,0.026,0,0,0.426874231872184,0.355865082616414,0.0253994264645637,0.191861259046839
"431",431,"63061","Raeren","Wallonie",11136,"Raeren",11136,0.493085488505747,0.506914511494253,1,0,0,0,0,0,0.0514547413793103,0.0583692528735632,0.0560344827586207,0.0591774425287356,0.0464260057471264,0.0390625,0.0502873563218391,0.0639367816091954,0.0672593390804598,0.0570222701149425,0.0654633620689655,0.0919540229885057,0.0844109195402299,0.0687859195402299,0.0511853448275862,0.0360093390804598,0.0290948275862069,0.024066091954023,0,0,0.11,0.255,0.345,0.187,0.077,0.026,0,0,0.471885336273429,0.372814616475035,0.0255158292644511,0.129784217987085
"432",432,"63067","Saint-Vith","Wallonie",10071,"Saint-Vith",10071,0.497964452388045,0.502035547611955,1,0,0,0,0,0,0.0548108430145964,0.0562009730910535,0.052427762883527,0.0488531426869228,0.0536193029490617,0.0635488034951842,0.0707973388938536,0.0666269486644822,0.0576903981729719,0.0573925131565882,0.0669248336808659,0.07536490914507,0.0748684341177639,0.0641445735279515,0.048058782643233,0.0318736967530533,0.0255188164035349,0.031277926720286,0,0,0.11,0.255,0.345,0.187,0.077,0.026,0,0,0.461139896373057,0.347010222657891,0.0225458619241003,0.169304019044952
"433",433,"63072","Spa","Wallonie",9812,"Spa",9812,0.481043620057073,0.518956379942927,1,0,0,0,0,0,0.0389319200978394,0.0408683245006115,0.0511618426416633,0.0529963310232369,0.0583978801467591,0.0559518956379943,0.056665307786384,0.0526905829596413,0.0555442315532002,0.054932735426009,0.0613534447615165,0.0710354667753771,0.0735833673053404,0.0773542600896861,0.0687933143090094,0.0530982470444354,0.033122706889523,0.0435181410517733,0,0,0.11,0.255,0.345,0.187,0.077,0.026,0,0,0.431532004197272,0.338929695697796,0.0243966421825813,0.20514165792235
"434",434,"63073","Stavelot","Wallonie",7271,"Stavelot",7271,0.505570072892312,0.494429927107688,1,0,0,0,0,0,0.0486865630587264,0.0547380002750653,0.0606519048273965,0.0603768394993811,0.0547380002750653,0.0512996836748728,0.0607894374914042,0.0694539953238894,0.0709668546279741,0.0603768394993811,0.0645028194196122,0.0640902214275891,0.0690413973318663,0.0602393068353734,0.0547380002750653,0.0409847338742951,0.0290193921056251,0.0253060101774171,0,0,0.11,0.255,0.345,0.187,0.077,0.026,0,0,0.384066140548666,0.367155204810222,0.026869597895528,0.221909056745584
"435",435,"63075","Stoumont","Wallonie",3150,"Stoumont",3150,0.49968253968254,0.50031746031746,1,0,0,0,0,0,0.046031746031746,0.0536507936507937,0.0561904761904762,0.0552380952380952,0.0526984126984127,0.0450793650793651,0.0565079365079365,0.0736507936507936,0.0701587301587302,0.0631746031746032,0.0720634920634921,0.0717460317460318,0.0793650793650794,0.0746031746031746,0.0568253968253968,0.0380952380952381,0.0168253968253968,0.0180952380952381,0,0,0.11,0.255,0.345,0.187,0.077,0.026,0,0,0.35,0.349107142857143,0.0258928571428571,0.275
"436",436,"63076","Theux","Wallonie",12052,"Theux",12052,0.489794225024892,0.510205774975108,1,0,0,0,0,0,0.0439761035512778,0.0482077663458347,0.0552605376700962,0.0637238632592101,0.0628941254563558,0.0504480584135413,0.059077331563226,0.0627281778957849,0.060238964487222,0.0615665449717889,0.0740126120146034,0.0749253235977431,0.0745934284766014,0.0633919681380684,0.0521905077995353,0.0409060736807169,0.0234815798207766,0.028377032857617,0,0,0.11,0.255,0.345,0.187,0.077,0.026,0,0,0.362166440524649,0.351990049751244,0.0287200361827228,0.257123473541384
"437",437,"63079","Verviers","Wallonie",55770,"Verviers",55770,0.487430518199749,0.512569481800251,1,0,0,0,0,0,0.0577729962345347,0.0643177335485028,0.0671687287071902,0.0654653039268424,0.0651604805450959,0.063259817105971,0.0672404518558365,0.0611260534337457,0.0587412587412587,0.0594405594405594,0.0608929532006455,0.0615563923256231,0.0584185045723507,0.0522323830016138,0.0470862470862471,0.0380491303568227,0.0248700017930787,0.027201004124081,0,0,0.11,0.255,0.345,0.187,0.077,0.026,0,0,0.499372111713884,0.30985031143259,0.0220514366083986,0.168726140245128
"438",438,"63080","Waimes","Wallonie",7563,"Waimes",7563,0.507073912468597,0.492926087531403,1,0,0,0,0,0,0.0514346158931641,0.0522279518709507,0.060293534311781,0.05936797567103,0.0567235224117414,0.0556657411080259,0.0663757768081449,0.0617479836043898,0.0626735422451408,0.0601613116488166,0.0641279915377496,0.075895808541584,0.0753669178897263,0.0595001983339944,0.0444268147560492,0.0317334391114637,0.0300145444929261,0.0322623297633214,0,0,0.11,0.255,0.345,0.187,0.077,0.026,0,0,0.409539178769948,0.366146673838982,0.0247444862829478,0.199569661108123
"439",439,"63084","Welkenraedt","Wallonie",10464,"Welkenraedt",10464,0.491112385321101,0.508887614678899,1,0,0,0,0,0,0.0498853211009174,0.0565749235474006,0.0601108562691132,0.0634556574923547,0.0572438837920489,0.0594418960244648,0.0617354740061162,0.0625,0.0650802752293578,0.0581039755351682,0.0656536697247706,0.0689984709480122,0.0683295107033639,0.0623088685015291,0.0504587155963303,0.0365061162079511,0.0270451070336391,0.0265672782874618,0,0,0.11,0.255,0.345,0.187,0.077,0.026,0,0,0.452352231604343,0.321672698029755,0.0286824822409865,0.197292588124916
"440",440,"63086","Trois-Ponts","Wallonie",2547,"Trois-Ponts",2547,0.499803690616411,0.500196309383588,1,0,0,0,0,0,0.0416175893207695,0.0530035335689046,0.0596780526109148,0.0475068708284256,0.0573223400078524,0.0510404397330192,0.0639968590498626,0.0592854338437377,0.0636042402826855,0.0541813898704358,0.0745975657636435,0.0781311346682371,0.0820573223400079,0.0687082842559874,0.0604632901452689,0.0404397330192383,0.0204161758932077,0.0239497447978013,0,0,0.11,0.255,0.345,0.187,0.077,0.026,0,0,0.410585817060637,0.363309352517986,0.0231243576567318,0.202980472764645
"441",441,"63087","Burg-Reuland","Wallonie",3961,"Burg-Reuland",3961,0.508709921736935,0.491290078263065,1,0,0,0,0,0,0.0527644534208533,0.0542792224185812,0.0555415299166877,0.0550366069174451,0.0570562989144155,0.0482201464276698,0.0633678364049483,0.0643776824034335,0.0562989144155516,0.0638727594041909,0.0752335268871497,0.0888664478667003,0.0739712193890432,0.0555415299166877,0.0502398384246402,0.029537995455693,0.0305478414541782,0.0252461499621308,0,0,0.11,0.255,0.345,0.187,0.077,0.026,0,0,0.502484031227821,0.347409510290986,0.0205819730305181,0.129524485450674
"442",442,"63088","Plombières","Wallonie",10771,"Plombières",10771,0.494661591309999,0.505338408690001,1,0,0,0,0,0,0.0525485098876613,0.0621112245845325,0.061739857023489,0.0531984031194875,0.0518057747655742,0.051155881533748,0.0655463745241853,0.0642465880605329,0.065824900194968,0.0573762881812274,0.0660105839754897,0.0746448797697521,0.0770587689165351,0.0611828056819237,0.049577569399313,0.0363011790920063,0.0254386779314827,0.0242317333580912,0,0,0.11,0.255,0.345,0.187,0.077,0.026,0,0,0.497689589562381,0.311225876596901,0.027724925251427,0.163359608589291
"443",443,"63089","Thimister-Clermont","Wallonie",5587,"Thimister-Clermont",5587,0.500447467334885,0.499552532665115,1,0,0,0,0,0,0.0468945766959012,0.0563808841954537,0.0624664399498837,0.0612135314122069,0.0669411132987292,0.0572758188652228,0.0562018972614999,0.0642563092894219,0.0633613746196528,0.0613925183461607,0.0710578127796671,0.0730266690531591,0.0706998389117594,0.0628244138177913,0.0517272239126544,0.0349024521209952,0.017003758725613,0.0223733667442277,0,0,0.11,0.255,0.345,0.187,0.077,0.026,0,0,0.360505450941526,0.334489593657086,0.0284935579781962,0.276511397423191
"444",444,"64008","Berloz","Wallonie",3344,"Berloz",3344,0.505980861244019,0.494019138755981,1,0,0,0,0,0,0.0526315789473684,0.0613038277511962,0.0672846889952153,0.0607057416267943,0.0601076555023923,0.0466507177033493,0.0714712918660287,0.0750598086124402,0.0645933014354067,0.0714712918660287,0.0852272727272727,0.0732655502392345,0.0613038277511962,0.0442583732057416,0.0391746411483254,0.0334928229665072,0.0170454545454545,0.0149521531100478,0,0,0.11,0.255,0.345,0.187,0.077,0.026,0,0,0.364232619151727,0.412330564057718,0.0240489724529952,0.19938784433756
"445",445,"64015","Braives","Wallonie",6554,"Braives",6554,0.497711321330485,0.502288678669515,1,0,0,0,0,0,0.049282880683552,0.056759231003967,0.0714067744888618,0.0598108025633201,0.0561489166920964,0.0451632590784254,0.0620994812328349,0.0732377174244736,0.0714067744888618,0.0680500457735734,0.0721696673787,0.0718645102227647,0.0639304241684468,0.0595056454073848,0.0485199877937138,0.0306682941714983,0.0164784864205066,0.0234971010070186,0,0,0.11,0.255,0.345,0.187,0.077,0.026,0,0,0.352720863626349,0.363956818682529,0.0337078651685393,0.249614452522582
"446",446,"64021","Crisnée","Wallonie",3539,"Crisnée",3539,0.497315625883018,0.502684374116982,1,0,0,0,0,0,0.0387115004238485,0.0412545916925685,0.0531223509465951,0.0678157671658661,0.0587736648770839,0.0573608363944617,0.0584910991805595,0.0624470189319017,0.0590562305736084,0.0649901102006216,0.0830743147781859,0.0791183950268437,0.0630121503249506,0.0596213619666572,0.0584910991805595,0.0469059056230574,0.0186493359706132,0.0291042667420175,0,0,0.11,0.255,0.345,0.187,0.077,0.026,0,0,0.359782185919876,0.353558926487748,0.0283936211590821,0.258265266433294
"447",447,"64023","Donceel","Wallonie",3119,"Donceel",3119,0.49887784546329,0.50112215453671,1,0,0,0,0,0,0.0538634177621032,0.0509778775248477,0.0525809554344341,0.051298493106765,0.0580314203270279,0.0599551138185316,0.0654055787111254,0.0644437319653735,0.0666880410387945,0.0618788073100353,0.074062199422892,0.0913754408464251,0.0702148124398846,0.0612375761462007,0.0480923372875922,0.0336646361013145,0.0211606284065406,0.0150689323501122,0,0,0.11,0.255,0.345,0.187,0.077,0.026,0,0,0.317040951122853,0.36151475121092,0.0308234258036107,0.290620871862616
"448",448,"64025","Fexhe-le-Haut-Clocher","Wallonie",3426,"Fexhe-le-Haut-Clocher",3426,0.500875656742557,0.499124343257443,1,0,0,0,0,0,0.049620548744892,0.053415061295972,0.0621716287215412,0.0618797431406889,0.0522475189725628,0.0513718622300058,0.0633391710449504,0.070636310566258,0.067717454757735,0.0691768826619965,0.0642148277875073,0.067717454757735,0.0732632807939288,0.0700525394045534,0.0525394045534151,0.0338587273788675,0.0186806771745476,0.018096906012843,0,0,0.11,0.255,0.345,0.187,0.077,0.026,0,0,0.348953974895397,0.363179916317992,0.0313807531380753,0.256485355648536
"449",449,"64029","Geer","Wallonie",3558,"Geer",3558,0.497470489038786,0.502529510961214,1,0,0,0,0,0,0.0446880269814503,0.0550871275997752,0.0618324901630129,0.0694210230466554,0.0646430578976953,0.0528386734120292,0.0609893198426082,0.0697020798201237,0.0733558178752108,0.0730747611017425,0.0781337830241709,0.0792580101180438,0.0598650927487352,0.0581787521079258,0.0449690837549185,0.0267003934794829,0.016301292861158,0.0109612141652614,0,0,0.11,0.255,0.345,0.187,0.077,0.026,0,0,0.341224489795918,0.381224489795918,0.0277551020408163,0.249795918367347
"450",450,"64034","Hannut","Wallonie",17134,"Hannut",17134,0.485292401073888,0.514707598926112,1,0,0,0,0,0,0.0423135286564725,0.0511264153145792,0.060114392436092,0.0641414730944321,0.0598809384848839,0.0527605929730361,0.0578382164118128,0.0622154779969651,0.0649585619236606,0.0675265553869499,0.073304540679351,0.0684020077039804,0.0658923777284931,0.0570794910703864,0.0549200420217112,0.0444146142173456,0.0252713902182794,0.0278393836815688,0,0,0.11,0.255,0.345,0.187,0.077,0.026,0,0,0.378532473971244,0.368038340770121,0.027929267889605,0.22549991736903
"451",451,"64047","Lincent","Wallonie",3375,"Lincent",3375,0.491259259259259,0.508740740740741,1,0,0,0,0,0,0.0441481481481481,0.0471111111111111,0.0687407407407407,0.0619259259259259,0.0580740740740741,0.0500740740740741,0.0598518518518519,0.0684444444444444,0.0625185185185185,0.0696296296296296,0.0728888888888889,0.0708148148148148,0.0693333333333333,0.0642962962962963,0.0444444444444444,0.0352592592592593,0.024,0.0284444444444444,0,0,0.11,0.255,0.345,0.187,0.077,0.026,0,0,0.408753096614368,0.360033030553262,0.0293146160198183,0.201899256812552
"452",452,"64056","Oreye","Wallonie",4028,"Oreye",4028,0.488331678252234,0.511668321747766,1,0,0,0,0,0,0.0456802383316783,0.0585898709036743,0.0650446871896723,0.0593346573982125,0.0603277060575968,0.0551142005958292,0.0558589870903674,0.0754716981132075,0.0692651439920556,0.0695134061569017,0.0816782522343595,0.0675273088381331,0.0583416087388282,0.0628103277060576,0.048162859980139,0.0342601787487587,0.0173783515392254,0.0156405163853029,0,0,0.11,0.255,0.345,0.187,0.077,0.026,0,0,0.385910652920962,0.367697594501718,0.0298969072164948,0.216494845360825
"453",453,"64063","Remicourt","Wallonie",6009,"Remicourt",6009,0.485771342985522,0.514228657014478,1,0,0,0,0,0,0.0475952737560326,0.0495922782492927,0.0637377267432185,0.0634048926610085,0.0585787984689632,0.0497586952903977,0.0627392244965884,0.0672324846064237,0.0700615743052089,0.073556332168414,0.072724246962889,0.0700615743052089,0.0685638209352638,0.0509236145781328,0.0447661840572475,0.0396072557829922,0.0191379597270761,0.0279580629056415,0,0,0.11,0.255,0.345,0.187,0.077,0.026,0,0,0.352995604904002,0.371038630580615,0.029146426092991,0.246819338422392
"454",454,"64065","Saint-Georges-sur-Meuse","Wallonie",7230,"Saint-Georges-sur-Meuse",7230,0.489764868603043,0.510235131396957,1,0,0,0,0,0,0.0535269709543568,0.0567081604426003,0.062655601659751,0.0515905947441217,0.0533886583679115,0.0586445366528354,0.0702627939142462,0.069432918395574,0.0636237897648686,0.0683264177040111,0.0654218533886584,0.0737206085753804,0.0681881051175657,0.05283540802213,0.0510373443983402,0.034716459197787,0.0211618257261411,0.0247579529737206,0,0,0.11,0.255,0.345,0.187,0.077,0.026,0,0,0.423069662072871,0.36303568057391,0.0245421936945441,0.189352463658675
"455",455,"64074","Waremme","Wallonie",15489,"Waremme",15489,0.475046807411712,0.524953192588288,1,0,0,0,0,0,0.0403512169927045,0.0448059913486991,0.0557815223707147,0.0625605268254891,0.0550067790044548,0.0513913099619085,0.0549422170572665,0.0619149073536058,0.0584931241526244,0.0654012525017754,0.0683711020724385,0.0715346374846665,0.073213248111563,0.0630770224029957,0.0617212215120408,0.0505520046484602,0.0278907611853574,0.0329911550132352,0,0,0.11,0.255,0.345,0.187,0.077,0.026,0,0,0.41962091962092,0.350912600912601,0.0230782730782731,0.206388206388206
"456",456,"64075","Wasseiges","Wallonie",3138,"Wasseiges",3138,0.492351816443595,0.507648183556405,1,0,0,0,0,0,0.0605481198215424,0.0615041427660931,0.0611854684512428,0.0640535372848948,0.0525812619502868,0.0599107711918419,0.0688336520076482,0.0729764181007011,0.0675589547482473,0.065646908859146,0.0701083492670491,0.0653282345442957,0.0627788400254939,0.047163798597833,0.0398342893562779,0.0315487571701721,0.0178457616316125,0.0305927342256214,0,0,0.11,0.255,0.345,0.187,0.077,0.026,0,0,0.394386298763083,0.366793529971456,0.027592768791627,0.211227402473834
"457",457,"64076","Faimes","Wallonie",4128,"Faimes",4128,0.504602713178295,0.495397286821705,1,0,0,0,0,0,0.0462693798449612,0.0537790697674419,0.061046511627907,0.0666182170542636,0.0632267441860465,0.0484496124031008,0.0617732558139535,0.0683139534883721,0.064922480620155,0.0743701550387597,0.0804263565891473,0.0654069767441861,0.0680717054263566,0.0562015503875969,0.0469961240310078,0.0339147286821705,0.0181686046511628,0.0220445736434109,0,0,0.11,0.255,0.345,0.187,0.077,0.026,0,0,0.346676197283774,0.356683345246605,0.0307362401715511,0.26590421729807
"458",458,"71002","As","Vlaanderen",8259,"As",8259,0.49449085845744,0.50550914154256,1,0,0,0,0,0,0.0462525729507204,0.0517011744763289,0.0564232957985228,0.0503692941034024,0.0531541348831578,0.0513379343746216,0.0681680590870565,0.0645356580699843,0.0707107397990071,0.0645356580699843,0.066230778544618,0.0714372200024216,0.0750696210194939,0.0628405375953505,0.0506114541712072,0.0411672115268192,0.0263954473907253,0.0290592081365783,0,0,0.11,0.255,0.345,0.187,0.077,0.026,0,0,0.351036269430052,0.349902849740933,0.110751295336788,0.188309585492228
"459",459,"71004","Beringen","Vlaanderen",48353,"Beringen",48353,0.500258515500589,0.499741484499411,1,0,0,0,0,0,0.0483527392302442,0.0591897090149525,0.0621264451016483,0.0581142845325006,0.0536057742022212,0.0538746303228342,0.0629123322234401,0.0670692614729179,0.0750935826112134,0.0672760738733894,0.0654354435091928,0.0671313051930594,0.0649804562281554,0.057638616011416,0.049945194713875,0.0363989824829897,0.024693400616301,0.0261617686596488,0,0,0.11,0.255,0.345,0.187,0.077,0.026,0,0,0.392475895316804,0.35324839302112,0.097824839302112,0.156450872359963
"460",460,"71011","Diepenbeek","Vlaanderen",19607,"Diepenbeek",19607,0.497271382669455,0.502728617330545,1,0,0,0,0,0,0.0400367215790279,0.0462589891365329,0.0519712347630948,0.0540623246799612,0.0539093181006783,0.05890753302392,0.0609986229407865,0.0600295812719947,0.0660988422502168,0.0658438312847452,0.0673738970775743,0.0748712194624369,0.0711990615596471,0.0665578619880655,0.0561534145968277,0.0452899474677411,0.0296322741877901,0.030805324628959,0,0,0.11,0.255,0.345,0.187,0.077,0.026,0,0,0.365617602005292,0.331082022002507,0.0985935106531124,0.204706865339089
"461",461,"71016","Genk","Vlaanderen",67877,"Genk",67877,0.49473312020272,0.50526687979728,1,0,0,0,0,0,0.0465547976486881,0.0517406485260103,0.0577515211338156,0.0602413188561663,0.0579135789737319,0.0582966247771705,0.0623186057132755,0.0605654345359989,0.064130707014158,0.0633498828763793,0.0669888180090458,0.0677549096159229,0.071717960428422,0.0637918588034238,0.0504883833993842,0.0379657321331231,0.0279770761819173,0.0304521413733665,0,0,0.11,0.255,0.345,0.187,0.077,0.026,0,0,0.436876442838502,0.331546722874636,0.0921409214092141,0.139435912877647
"462",462,"71017","Gingelom","Vlaanderen",8732,"Gingelom",8732,0.501259734310582,0.498740265689418,1,0,0,0,0,0,0.0443197434722858,0.0529088410444343,0.0610398534127348,0.0579477782867613,0.0497022446174989,0.0472972972972973,0.0625286303252405,0.0661933119560238,0.076271186440678,0.0692853870819972,0.0703160787906551,0.0696289509848832,0.0722629409070087,0.0609253321117728,0.0453504351809437,0.0368758589097572,0.0256527714154833,0.0314933577645442,0,0,0.11,0.255,0.345,0.187,0.077,0.026,0,0,0.37024661893397,0.379315831344471,0.086873508353222,0.163564041368337
"463",463,"71020","Halen","Vlaanderen",9545,"Halen",9545,0.49869041382923,0.50130958617077,1,0,0,0,0,0,0.0349921424829754,0.049345206914615,0.0534311157674175,0.0577265584075432,0.0495547407019382,0.0485070717653222,0.0620220010476689,0.0577265584075432,0.064641173389209,0.0652697747511786,0.0724986904138292,0.0751178627553693,0.0739654269250917,0.0638030382399162,0.0496595075955998,0.0469355683603981,0.0321634363541121,0.0426401257202724,0,0,0.11,0.255,0.345,0.187,0.077,0.026,0,0,0.364632237871674,0.357376582728695,0.0921895006402049,0.185801678759425
"464",464,"71022","Hasselt","Vlaanderen",80828,"Hasselt",80828,0.488951848369377,0.511048151630623,1,0,0,0,0,0,0.0408645518879596,0.0442420943237492,0.0504651853318157,0.0485599049834216,0.0520735388726679,0.0625525807888355,0.0669941109516504,0.0629979710001485,0.0680333547780472,0.064074330677488,0.0624659771366358,0.0651878062057703,0.0700623546295838,0.0661033305290246,0.0589399712970753,0.0471371306972831,0.0309422477359331,0.0383035581729104,0,0,0.11,0.255,0.345,0.187,0.077,0.026,0,0,0.347556950960629,0.325953939739908,0.0893019605044865,0.237187148794977
"465",465,"71024","Herck-la-Ville","Vlaanderen",12841,"Herck-la-Ville",12841,0.496378786698855,0.503621213301145,1,0,0,0,0,0,0.042442177400514,0.0461802040339537,0.0555252706175531,0.0560703995015965,0.0490615995638969,0.0477377151312203,0.0597305505801729,0.0556031461724165,0.0702437504867222,0.0689198660540456,0.0688419904991823,0.0767074215403785,0.074215403784752,0.067829608285959,0.0540456350751499,0.0462580795888171,0.0283467019702515,0.032240479713418,0,0,0.11,0.255,0.345,0.187,0.077,0.026,0,0,0.34810260758957,0.338350646597414,0.0990036039855841,0.214543141827433
"466",466,"71034","Bourg-Léopold","Vlaanderen",16607,"Bourg-Léopold",16607,0.501957006081773,0.498042993918227,1,0,0,0,0,0,0.0478111639670019,0.0537122899981935,0.057626302161739,0.0558198350093334,0.0493165532606732,0.0537122899981935,0.0694285542241224,0.0656951887758174,0.0712952369482748,0.062985488047209,0.0603360028903474,0.0688263985066538,0.0705124345155657,0.0663575600650328,0.0462455591015837,0.0379358102005179,0.0278195941470464,0.034563738182694,0,0,0.11,0.255,0.345,0.187,0.077,0.026,0,0,0.402603782854336,0.371407516580693,0.0892491607303693,0.136739539834602
"467",467,"71037","Lummen","Vlaanderen",15320,"Lummen",15320,0.506005221932115,0.493994778067885,1,0,0,0,0,0,0.0442558746736292,0.0491514360313316,0.0539817232375979,0.0503263707571802,0.0418407310704961,0.0465404699738903,0.0617493472584856,0.0648172323759791,0.0704960835509138,0.0625979112271541,0.0635770234986945,0.0733028720626632,0.0808746736292428,0.0670365535248042,0.0575065274151436,0.0429503916449086,0.0296997389033943,0.0392950391644909,0,0,0.11,0.255,0.345,0.187,0.077,0.026,0,0,0.352712125328262,0.343022729330798,0.0966222946663044,0.207642850674636
"468",468,"71045","Nieuwerkerken","Vlaanderen",7295,"Nieuwerkerken",7295,0.487320082248115,0.512679917751885,1,0,0,0,0,0,0.0405757368060315,0.0500342700479781,0.0526387936943112,0.055106237148732,0.0501713502398903,0.0509938313913639,0.0618231665524332,0.0603152844413982,0.0666209732693626,0.0723783413296779,0.0729266620973269,0.0688142563399589,0.0756682659355723,0.0620973269362577,0.0568882796435915,0.0453735435229609,0.0272789581905415,0.0302947224126114,0,0,0.11,0.255,0.345,0.187,0.077,0.026,0,0,0.36785046728972,0.349345794392523,0.0960747663551402,0.186728971962617
"469",469,"71053","Saint-Trond","Vlaanderen",41469,"Saint-Trond",41469,0.493694084737997,0.506305915262003,1,0,0,0,0,0,0.0391135547035135,0.0444428368178639,0.0497962333309219,0.0523282451952061,0.050109720514119,0.0489040005787456,0.0613229159130917,0.0579710144927536,0.0648677325230895,0.062625093443295,0.0689912947020666,0.0767320166871639,0.0780583086160747,0.071378620174106,0.0581157008849984,0.0496756613373846,0.0318551206925655,0.0337119293930406,0,0,0.11,0.255,0.345,0.187,0.077,0.026,0,0,0.39489948604515,0.356645631383775,0.0821351896428339,0.166319692928242
"470",470,"71057","Tessenderlo","Vlaanderen",19011,"Tessenderlo",19011,0.496291620640682,0.503708379359318,1,0,0,0,0,0,0.0390826363684183,0.0457629793277576,0.0588606596181158,0.0564936089632318,0.0523907211614329,0.0500762716322129,0.054810372941981,0.0574930303508495,0.0694860870022618,0.0682236599863237,0.0729051601704276,0.0782178738625007,0.072536952290779,0.0632791541738993,0.0576508337278418,0.0445531534374836,0.0309820630161485,0.0271947819683341,0,0,0.11,0.255,0.345,0.187,0.077,0.026,0,0,0.35591322603219,0.378236529041288,0.0895731280615815,0.176277116864941
"471",471,"71066","Zonhoven","Vlaanderen",21845,"Zonhoven",21845,0.494758525978485,0.505241474021515,1,0,0,0,0,0,0.040009155413138,0.0513618677042802,0.0563057907988098,0.0554360265506981,0.0503547722590982,0.0510872053101396,0.0604715037766079,0.0610666056305791,0.0712291142137789,0.067704280155642,0.0633554589150835,0.0728770885786221,0.0761272602426184,0.0652323186083772,0.0563057907988098,0.0430304417486839,0.0292973220416571,0.0287479972533761,0,0,0.11,0.255,0.345,0.187,0.077,0.026,0,0,0.359601219202438,0.332232664465329,0.107950215900432,0.200215900431801
"472",472,"71067","Zutendaal","Vlaanderen",7384,"Zutendaal",7384,0.507583965330444,0.492416034669556,1,0,0,0,0,0,0.0398158179848321,0.0459100758396533,0.0464517876489707,0.0488894907908992,0.0515980498374865,0.0533586132177681,0.0567443120260022,0.0595882990249187,0.0628385698808234,0.0562026002166847,0.0709642470205851,0.0751625135427952,0.0809859154929577,0.0761105092091008,0.0694745395449621,0.0468580715059588,0.0312838569880823,0.027762730227519,0,0,0.11,0.255,0.345,0.187,0.077,0.026,0,0,0.345699218039644,0.340971085651937,0.103473358792508,0.209856337515912
"473",473,"71069","Ham","Vlaanderen",11338,"Ham",11338,0.499735403069324,0.500264596930676,1,0,0,0,0,0,0.0452460751455283,0.0503616158052567,0.0580349267948492,0.056800141118363,0.0472746516140413,0.0539777738578232,0.0657964367613336,0.0672958193684953,0.0754101252425472,0.0680014111836303,0.068883400952549,0.0751455283118716,0.0642088551772799,0.0563591462339037,0.0500970188745811,0.0382783559710707,0.0276944787440466,0.0311342388428294,0,0,0.11,0.255,0.345,0.187,0.077,0.026,0,0,0.36136996248336,0.374319254508048,0.0985114365242648,0.165799346484328
"474",474,"71070","Heusden-Zolder","Vlaanderen",35017,"Heusden-Zolder",35017,0.496130450923837,0.503869549076163,1,0,0,0,0,0,0.0490904417854185,0.0527743667361567,0.0595710654824799,0.0579432846902933,0.0541165719507668,0.0536882085844019,0.0643972927435246,0.0649113287831625,0.0710512037010595,0.0669389153839564,0.0651397892452237,0.0665676671331068,0.0693377502355998,0.062598166604792,0.0504897621155439,0.0369820372961704,0.025073535711226,0.0293286118171174,0,0,0.11,0.255,0.345,0.187,0.077,0.026,0,0,0.405745629612091,0.333491180300698,0.0974310406061323,0.163332149481078
"475",475,"72003","Bocholt","Vlaanderen",13753,"Bocholt",13753,0.505053442885189,0.494946557114811,1,0,0,0,0,0,0.0496618919508471,0.0498073147676871,0.0529339053297462,0.0520613684287065,0.0493710463171672,0.053733730822366,0.0677670326474224,0.0630407911001236,0.0634043481422235,0.0590416636370246,0.0637679051843234,0.0718388715189413,0.0799825492619792,0.0631135025085436,0.0572238784265251,0.0436268450519887,0.0263942412564531,0.0332291136479314,0,0,0.11,0.255,0.345,0.187,0.077,0.026,0,0,0.368520545219381,0.3603621530196,0.112924087155507,0.158193214605512
"476",476,"72004","Bree","Vlaanderen",16967,"Bree",16967,0.495373371839453,0.504626628160547,1,0,0,0,0,0,0.043024694996169,0.0464430954205222,0.0512760063652973,0.05080450285849,0.0502151234749808,0.059291565981022,0.0629457181587788,0.0639476631107444,0.067778629103554,0.0602935109329876,0.0680143808569576,0.0740260505687511,0.0737313608769965,0.0690163258089232,0.0555784758649142,0.0410797430305888,0.0291153415453527,0.0334178110449696,0,0,0.11,0.255,0.345,0.187,0.077,0.026,0,0,0.346932006633499,0.354311774461028,0.100829187396352,0.197927031509121
"477",477,"72018","Kinrooi","Vlaanderen",12406,"Kinrooi",12406,0.504513944865388,0.495486055134612,1,0,0,0,0,0,0.0439303562792197,0.0458649040786716,0.0527970336933742,0.0517491536353377,0.055054006126068,0.0513461228437853,0.0589231017249718,0.055860067709173,0.0603740125745607,0.0568273416088989,0.0681122037723682,0.0846364662260197,0.086812832500403,0.0738352410124133,0.0602128002579397,0.0425600515879413,0.0247460906013219,0.0263582137675318,0,0,0.11,0.255,0.345,0.187,0.077,0.026,0,0,0.38516057585825,0.366888150609081,0.100442967884828,0.147508305647841
"478",478,"72020","Lommel","Vlaanderen",34913,"Lommel",34913,0.501904734626071,0.49809526537393,1,0,0,0,0,0,0.0411880961246527,0.0492939592701859,0.0520436513619569,0.0532466416521067,0.0535330679116661,0.0540772778048291,0.0586028127058689,0.058516884828001,0.0630997049809527,0.0620685704465385,0.0677398103858162,0.0793687165239309,0.0784235098673846,0.0652479019276487,0.057428465041675,0.0460000572852519,0.0297596883682296,0.0303611835133045,0,0,0.11,0.255,0.345,0.187,0.077,0.026,0,0,0.371256542442249,0.363149817008382,0.0955098185825036,0.170083821966865
"479",479,"72021","Maaseik","Vlaanderen",25823,"Maaseik",25823,0.497657127367076,0.502342872632924,1,0,0,0,0,0,0.041126127870503,0.04678000232351,0.0560353173527475,0.052317701274058,0.0517755489292491,0.0511172210819812,0.0572745227123107,0.0610308639584866,0.0632381985052085,0.0604499864461914,0.0655229833869032,0.0792316926770708,0.0804321728691477,0.0697440266429152,0.0560740425202339,0.04434031677187,0.0302830809743252,0.0332261937032878,0,0,0.11,0.255,0.345,0.187,0.077,0.026,0,0,0.378249450608351,0.352414643297422,0.0962105375998285,0.173125368494399
"480",480,"72030","Peer","Vlaanderen",16585,"Peer",16585,0.502502261079289,0.497497738920711,1,0,0,0,0,0,0.0429303587579138,0.0511908350919506,0.0577027434428701,0.0527585167319867,0.0486584262888152,0.0508290624057884,0.057521857099789,0.0625866747060597,0.0674706059692493,0.060717515827555,0.0668676514923123,0.0788664455833585,0.0813385589388001,0.0694603557431414,0.0551703346397347,0.0367802230931565,0.0280976786252638,0.031052155562255,0,0,0.11,0.255,0.345,0.187,0.077,0.026,0,0,0.355104984773201,0.353662445904792,0.104744350056099,0.186488219265908
"481",481,"72037","Hamont-Achel","Vlaanderen",14507,"Hamont-Achel",14507,0.506789825601434,0.493210174398566,1,0,0,0,0,0,0.0447370235058937,0.0513545185083063,0.0536292824153857,0.0524574343420418,0.0515613152271317,0.0531467567381264,0.0583856069483698,0.0576273523126766,0.0563865719997243,0.0556972496036396,0.065830288826084,0.0790652788309092,0.0792031433101262,0.0685875784104226,0.0570069621562005,0.0418418694423382,0.0356379678775763,0.0378437995450472,0,0,0.11,0.255,0.345,0.187,0.077,0.026,0,0,0.403291365123426,0.348666600574998,0.0922970159611381,0.155745018340438
"482",482,"72038","Hechtel-Eksel","Vlaanderen",12965,"Hechtel-Eksel",12965,0.507751639028153,0.492248360971847,1,0,0,0,0,0,0.0492865406864636,0.0564596991901273,0.0588507520246818,0.0553027381411492,0.0479753181642885,0.0553798688777478,0.0643270343231778,0.0684149633629001,0.0691091399922869,0.0567682221365214,0.0589278827612804,0.0748168145005785,0.0791361357500964,0.0640956421133822,0.0495950636328577,0.0371770150404936,0.0266872348630929,0.0276899344388739,0,0,0.11,0.255,0.345,0.187,0.077,0.026,0,0,0.356122560244248,0.350125395267692,0.108821284483699,0.184930760004362
"483",483,"72039","Houthalen-Helchteren","Vlaanderen",30896,"Houthalen-Helchteren",30896,0.5,0.5,1,0,0,0,0,0,0.0489383738995339,0.0528547384774728,0.0571918694976696,0.0580981356809943,0.0536315380631797,0.051657172449508,0.0623381667529777,0.0645390989124806,0.0714331952356292,0.0635357327809425,0.0614966338684619,0.0705269290523045,0.0760616261004661,0.0675491973070948,0.0528547384774728,0.0365095805282237,0.0248899533920249,0.0258933195235629,0,0,0.11,0.255,0.345,0.187,0.077,0.026,0,0,0.421450670333448,0.333404950154692,0.101968030250945,0.143176349260914
"484",484,"72041","Dilsen-Stokkem","Vlaanderen",21346,"Dilsen-Stokkem",21346,0.496392766794716,0.503607233205284,1,0,0,0,0,0,0.0453012273962335,0.0503138761360442,0.0579499672069709,0.0570598707017708,0.051812986039539,0.0522814578843811,0.0645085730347606,0.0613698116743184,0.0664293075986133,0.064602267403729,0.0695680689590556,0.0758924388644242,0.0755645085730348,0.0658202942003186,0.0542021924482339,0.0381804553546332,0.0244542303007589,0.02468846622318,0,0,0.11,0.255,0.345,0.187,0.077,0.026,0,0,0.381615776081425,0.357697201017812,0.100636132315522,0.160050890585242
"485",485,"72042","Oudsbergen","Vlaanderen",23875,"Oudsbergen",23875,0.504,0.496,1,0,0,0,0,0,0.0418429319371728,0.0470785340314136,0.0562513089005236,0.0573403141361257,0.0514764397905759,0.0534031413612565,0.0604816753926702,0.0587643979057592,0.0693612565445026,0.0650890052356021,0.0673507853403141,0.0780732984293194,0.0757277486910995,0.064,0.0536544502617801,0.0425968586387435,0.0281047120418848,0.0294031413612565,0,0,0.11,0.255,0.345,0.187,0.077,0.026,0,0,0.35383064516129,0.346438172043011,0.108086917562724,0.191644265232975
"486",486,"72043","Pelt","Vlaanderen",34433,"Pelt",34433,0.500653442918131,0.499346557081869,1,0,0,0,0,0,0.0471350158278396,0.0520430981906892,0.0563413004966166,0.0497778294078355,0.0514041762262945,0.0569511805535388,0.0641535736067145,0.0633694421049575,0.0622077658060581,0.0595359103185897,0.0631080649377051,0.0731856068306566,0.0743763250370284,0.0644730345889118,0.0574739348880434,0.040542502831586,0.02947753608457,0.0344437022623646,0,0,0.11,0.255,0.345,0.187,0.077,0.026,0,0,0.353981211798006,0.362924067768798,0.0970587028756615,0.186036017557534
"487",487,"73001","Alken","Vlaanderen",11918,"Alken",11918,0.496559825474073,0.503440174525927,1,0,0,0,0,0,0.0406947474408458,0.0468199362309112,0.0522738714549421,0.0545393522403088,0.0537002852827656,0.0518543379761705,0.0587346870280248,0.0566370196341668,0.0612518879006545,0.064524249035073,0.0703138110421212,0.0776136935727471,0.0816412149689545,0.0634334619902668,0.0528612183252224,0.0472394697096828,0.0312971975163618,0.0345695586507803,0,0,0.11,0.255,0.345,0.187,0.077,0.026,0,0,0.355752418696818,0.319967362163422,0.103275440027975,0.221004779111785
"488",488,"73006","Bilzen","Vlaanderen",32782,"Bilzen",32782,0.493197486425477,0.506802513574523,1,0,0,0,0,0,0.041791226892807,0.0486242450125069,0.0569824903910683,0.0541455676895857,0.0490208040998109,0.0540235495088768,0.0590873040082972,0.0629308767006284,0.0657067903117565,0.0644866085046672,0.0667744493929596,0.0731193947898237,0.0765969129400281,0.0633274357879324,0.0560063449453969,0.0458483314013788,0.0291928497346105,0.0323348178878653,0,0,0.11,0.255,0.345,0.187,0.077,0.026,0,0,0.360771227289581,0.335352037243027,0.106332138590203,0.197544596877189
"489",489,"73009","Looz","Vlaanderen",11580,"Looz",11580,0.49559585492228,0.50440414507772,1,0,0,0,0,0,0.0437823834196891,0.0427461139896373,0.0499136442141623,0.0513816925734024,0.0488773747841105,0.0524179620034542,0.0589810017271157,0.0616580310880829,0.0689982728842832,0.0636442141623489,0.0710708117443869,0.0760794473229706,0.0780656303972366,0.0663212435233161,0.0576856649395509,0.046545768566494,0.0287564766839378,0.0330742659758204,0,0,0.11,0.255,0.345,0.187,0.077,0.026,0,0,0.365432390867148,0.351946054655152,0.0967703773808115,0.185851177096889
"490",490,"73022","Heers","Vlaanderen",7593,"Heers",7593,0.49874884762281,0.50125115237719,1,0,0,0,0,0,0.0418806795732912,0.0503094955880416,0.0526801000921902,0.0524166995917292,0.0466218885815883,0.0514947978401159,0.0662452258659291,0.0628210193599368,0.0675622283682339,0.0663769261161596,0.072303437376531,0.0762544448834453,0.0699328328723825,0.0696694323719215,0.056499407348874,0.0435927828262874,0.0254181482944818,0.0279204530488608,0,0,0.11,0.255,0.345,0.187,0.077,0.026,0,0,0.370357206326639,0.377998933712458,0.0936555891238671,0.157988270837036
"491",491,"73028","Herstappe","Vlaanderen",76,"Herstappe",76,0.526315789473684,0.473684210526316,1,0,0,0,0,0,0.0263157894736842,0.0526315789473684,0.0921052631578947,0.0657894736842105,0.0394736842105263,0.0131578947368421,0.0526315789473684,0.0526315789473684,0.0657894736842105,0.0657894736842105,0.0526315789473684,0.131578947368421,0.0657894736842105,0.105263157894737,0.0657894736842105,0.0526315789473684,NA,NA,0,0,0.11,0.255,0.345,0.187,0.077,0.026,0,0,0.241935483870968,0.419354838709677,0.0645161290322581,0.274193548387097
"492",492,"73032","Hoeselt","Vlaanderen",10080,"Hoeselt",10080,0.498511904761905,0.501488095238095,1,0,0,0,0,0,0.0395833333333333,0.0466269841269841,0.0592261904761905,0.0571428571428571,0.0510912698412698,0.0518849206349206,0.0575396825396825,0.0608134920634921,0.0675595238095238,0.0669642857142857,0.0685515873015873,0.0755952380952381,0.0790674603174603,0.0635912698412698,0.0561507936507937,0.0428571428571429,0.0284722222222222,0.027281746031746,0,0,0.11,0.255,0.345,0.187,0.077,0.026,0,0,0.353569497025419,0.352352623039481,0.106138453217956,0.187939426717144
"493",493,"73040","Kortessem","Vlaanderen",8757,"Kortessem",8757,0.498572570515017,0.501427429484983,1,0,0,0,0,0,0.0438506337786913,0.048190019413041,0.056982985040539,0.0516158501770013,0.0476190476190476,0.0521868219709946,0.0641772296448555,0.0600662327281032,0.0690875870731986,0.0628068973392714,0.0631494804156675,0.0713714742491721,0.0735411670663469,0.0723992234783602,0.0674888660500171,0.0445357999314834,0.0248943702181112,0.026036313806098,0,0,0.11,0.255,0.345,0.187,0.077,0.026,0,0,0.34819734345351,0.341872232764073,0.0983554712207464,0.21157495256167
"494",494,"73042","Lanaken","Vlaanderen",26366,"Lanaken",26366,0.502237730410377,0.497762269589623,1,0,0,0,0,0,0.0438443449897595,0.0455890161571721,0.0487370097853296,0.0472578320564363,0.0520367139497838,0.0530607600697868,0.0626943791246302,0.0614427672001821,0.0596222407646211,0.0572327998179474,0.0702040506713191,0.0809375711143139,0.0755139194417052,0.0695213532579838,0.0585223393764697,0.0477508912994007,0.0326936205719487,0.0333383903512099,0,0,0.11,0.255,0.345,0.187,0.077,0.026,0,0,0.403238157750793,0.346187506837326,0.090744995077125,0.159829340334755
"495",495,"73066","Riemst","Vlaanderen",16896,"Riemst",16896,0.502722537878788,0.497277462121212,1,0,0,0,0,0,0.0433830492424242,0.0528527462121212,0.0557528409090909,0.0511363636363636,0.0508404356060606,0.0500118371212121,0.0591264204545455,0.0632102272727273,0.0668797348484848,0.0642755681818182,0.0693655303030303,0.076171875,0.0707859848484848,0.0636837121212121,0.0559303977272727,0.0458688446969697,0.0282315340909091,0.0324928977272727,0,0,0.11,0.255,0.345,0.187,0.077,0.026,0,0,0.355869492095526,0.348385469223007,0.102421796165489,0.193323242515977
"496",496,"73083","Tongres","Vlaanderen",32138,"Tongres",32138,0.493465679258199,0.506534320741801,1,0,0,0,0,0,0.0398282407119298,0.0494430269462941,0.0533325035783185,0.0535814300827681,0.0489762897504512,0.051496670608003,0.0551994523616902,0.0570041695189495,0.0674901985188873,0.0647831227829983,0.067116808762213,0.0730910448690024,0.0762648578007343,0.0691393366108656,0.0602090982637376,0.0476071939759786,0.0313336237475885,0.0341029311095899,0,0,0.11,0.255,0.345,0.187,0.077,0.026,0,0,0.374916163648558,0.357771629778672,0.0872317236753856,0.180080482897384
"497",497,"73098","Wellen","Vlaanderen",7490,"Wellen",7490,0.501068090787717,0.498931909212283,1,0,0,0,0,0,0.0387182910547397,0.041388518024032,0.0530040053404539,0.0507343124165554,0.0433911882510013,0.0484646194926569,0.0532710280373832,0.058611481975968,0.0724966622162884,0.0682242990654206,0.0740987983978638,0.0777036048064085,0.0815754339118825,0.0700934579439252,0.0590120160213618,0.0485981308411215,0.0300400534045394,0.0305740987983979,0,0,0.11,0.255,0.345,0.187,0.077,0.026,0,0,0.383838383838384,0.338906304423546,0.0996168582375479,0.177638453500522
"498",498,"73107","Maasmechelen","Vlaanderen",40219,"Maasmechelen",40219,0.499465426788334,0.500534573211666,1,0,0,0,0,0,0.0489569606404933,0.0549491533852159,0.058778189412964,0.0555956140132773,0.0547502424227355,0.0557696611054477,0.0628061364031925,0.0676048633730326,0.0680524130386136,0.0634774609015639,0.0670578582262115,0.0699172033118675,0.0719560406772918,0.0632039583281534,0.0498520599716552,0.0379671299634501,0.0250379174022228,0.0242671374226112,0,0,0.11,0.255,0.345,0.187,0.077,0.026,0,0,0.442347502070108,0.34681203422578,0.0884626000552029,0.12237786364891
"499",499,"73109","Fourons","Vlaanderen",4406,"Fourons",4406,0.497276441216523,0.502723558783477,1,0,0,0,0,0,0.0558329550612801,0.0483431684067181,0.0517476168860645,0.0483431684067181,0.051520653654108,0.054698138901498,0.0624148887880163,0.066500226963232,0.0571947344530186,0.0553790285973672,0.0628688152519292,0.0735360871538811,0.0880617339990921,0.0701316386745347,0.0560599182932365,0.039718565592374,0.0288243304584657,0.0288243304584657,0,0,0.11,0.255,0.345,0.187,0.077,0.026,0,0,0.404620231011551,0.332516625831292,0.0679033951697585,0.194959747987399
"500",500,"81001","Arlon","Wallonie",31310,"Arlon",31310,0.49821143404663,0.50178856595337,1,0,0,0,0,0,0.0492494410731396,0.0523794314915363,0.0580325774512935,0.060811242414564,0.0626636857234111,0.0791440434366017,0.0782178217821782,0.0703928457361865,0.0696263174704567,0.0679655062280422,0.0711593740019163,0.0628872564675822,0.0560843181092303,0.0440753752794634,0.0402107952730757,0.032258064516129,0.0200574896199297,0.0247844139252635,0,0,0.11,0.255,0.345,0.187,0.077,0.026,0,0,0.391891891891892,0.323529411764706,0.0195018547959724,0.26507684154743
"501",501,"81003","Attert","Wallonie",5797,"Attert",5797,0.500776263584613,0.499223736415387,1,0,0,0,0,0,0.0496808694152148,0.060548559599793,0.0759013282732448,0.0702087286527514,0.0671036743143005,0.0515784026220459,0.0576160082801449,0.06158357771261,0.0707262377091599,0.0795238916681042,0.0819389339313438,0.0662411592202864,0.0600310505433845,0.0446782818699327,0.0362256339485941,0.0279454890460583,0.0143177505606348,0.0241504226323961,0,0,0.11,0.255,0.345,0.187,0.077,0.026,0,0,0.334108752544344,0.342541436464088,0.0197731898807793,0.303576621110788
"502",502,"81004","Aubange","Wallonie",17845,"Aubange",17845,0.496553656486411,0.503446343513589,1,0,0,0,0,0,0.0535724292518913,0.052843933875035,0.063883440739703,0.0672457270944242,0.0662370411880078,0.061193611655926,0.0688147940599608,0.0676940319417204,0.0662930792939199,0.0752031381339311,0.0745306808629868,0.069487251330905,0.0580554777248529,0.0437097226113757,0.0351358924068366,0.0312692630989073,0.019445222751471,0.0253852619781451,0,0,0.11,0.255,0.345,0.187,0.077,0.026,0,0,0.500132637722168,0.322132814572464,0.017242903881864,0.160491643823503
"503",503,"81013","Martelange","Wallonie",2064,"Martelange",2064,0.503875968992248,0.496124031007752,1,0,0,0,0,0,0.0625,0.064437984496124,0.0746124031007752,0.064437984496124,0.0523255813953488,0.0750968992248062,0.0794573643410853,0.0697674418604651,0.0794573643410853,0.0731589147286822,0.0678294573643411,0.0581395348837209,0.0523255813953488,0.0373062015503876,0.0256782945736434,0.0237403100775194,0.0203488372093023,0.0193798449612403,0,0,0.11,0.255,0.345,0.187,0.077,0.026,0,0,0.423930269413629,0.341521394611727,0.0293185419968304,0.205229793977813
"504",504,"81015","Messancy","Wallonie",8549,"Messancy",8549,0.494911685577261,0.505088314422739,1,0,0,0,0,0,0.0535735173704527,0.061059773072874,0.062814364253129,0.0594221546379694,0.0560299450228097,0.05614691776816,0.0651538191601357,0.0683120832845947,0.0760322844777167,0.074745584278863,0.069481810738098,0.0658556556322377,0.0619955550356767,0.0520528716808984,0.0409404608726167,0.0334542051701953,0.0205872031816587,0.0223417943619137,0,0,0.11,0.255,0.345,0.187,0.077,0.026,0,0,0.411251392499072,0.336242109171927,0.0209803193464538,0.231526178982547
"505",505,"82003","Bastogne","Wallonie",16921,"Bastogne",16921,0.495892677737722,0.504107322262278,1,0,0,0,0,0,0.0522427752496897,0.0576798061580285,0.064121505821169,0.0607529105844808,0.068908456946989,0.0781868683883931,0.0710359907806867,0.066367235978961,0.0639442113350275,0.0601028308019621,0.0654216653862065,0.0644169966314048,0.0597482418296791,0.0508244193605579,0.0437917380769458,0.0326812836120797,0.0182022339105254,0.0215708291472135,0,0,0.11,0.255,0.345,0.187,0.077,0.026,0,0,0.420327304048234,0.35693367786391,0.0213608957795004,0.201378122308355
"506",506,"82005","Bertogne","Wallonie",3767,"Bertogne",3767,0.505441996283515,0.494558003716485,1,0,0,0,0,0,0.0591983010353066,0.0822936023360765,0.0668967348022299,0.0695513671356517,0.0605256172020175,0.0514998672683833,0.0682240509689408,0.0881337934696045,0.0692859039023095,0.0661003451022033,0.0642421024688081,0.0658348818688612,0.0581364481019379,0.0424741173347491,0.032121051234404,0.0252190071675073,0.0169896469338997,0.0132731616671091,0,0,0.11,0.255,0.345,0.187,0.077,0.026,0,0,0.367292225201072,0.402144772117962,0.0287246265798545,0.201838376101111
"507",507,"82009","Fauvillers","Wallonie",2453,"Fauvillers",2453,0.502242152466368,0.497757847533632,1,0,0,0,0,0,0.0582959641255605,0.0697105584997962,0.0725642070933551,0.069302894415002,0.0607419486343253,0.0497350183448838,0.0684875662454138,0.0635955972278842,0.0701182225845903,0.0676722380758255,0.0811251528740318,0.0709335507541786,0.0640032613126783,0.0456583774969425,0.034651447207501,0.0256828373420302,0.0134529147982063,0.0142682429677945,0,0,0.11,0.255,0.345,0.187,0.077,0.026,0,0,0.391468005018821,0.363864491844417,0.0282308657465496,0.216436637390213
"508",508,"82014","Houffalize","Wallonie",5307,"Houffalize",5307,0.515168645185604,0.484831354814396,1,0,0,0,0,0,0.0608630111173921,0.054456378368193,0.0580365554927454,0.0569059732428868,0.0495571886188053,0.059543998492557,0.0704729602411909,0.0687770868664029,0.0635010363670624,0.0650084793668739,0.0567175428679103,0.0691539476163558,0.0749952892406256,0.0604861503674392,0.0516299227435463,0.0348596193706425,0.0209157716223855,0.0241190879969851,0,0,0.11,0.255,0.345,0.187,0.077,0.026,0,0,0.395990627440771,0.372819578234835,0.0257745378807602,0.205415256443634
"509",509,"82032","Vielsalm","Wallonie",7940,"Vielsalm",7940,0.501889168765743,0.498110831234257,1,0,0,0,0,0,0.0454659949622166,0.0565491183879093,0.057808564231738,0.0622166246851385,0.0642317380352645,0.0623425692695214,0.0612090680100756,0.059823677581864,0.0609571788413098,0.0595717884130982,0.0671284634760705,0.0721662468513854,0.0671284634760705,0.0656171284634761,0.0487405541561713,0.0365239294710327,0.0240554156171285,0.028463476070529,0,0,0.11,0.255,0.345,0.187,0.077,0.026,0,0,0.40290442418102,0.377406281661601,0.0211077338736913,0.198581560283688
"510",510,"82036","Vaux-sur-Sûre","Wallonie",6269,"Vaux-sur-Sûre",6269,0.498644121869517,0.501355878130483,1,0,0,0,0,0,0.0634869995214548,0.0599776678896156,0.0738554793427979,0.0743340245653214,0.0631679693731058,0.066677301004945,0.0767267506779391,0.0736959642686234,0.0697080874142606,0.0663582708565959,0.0641250598181528,0.0607752432604881,0.0535970649226352,0.0417929494337215,0.0319030148349019,0.0258414420162705,0.0153134471207529,0.0186632636784176,0,0,0.11,0.255,0.345,0.187,0.077,0.026,0,0,0.362993661628474,0.39176011701609,0.0277913213066797,0.217454900048757
"511",511,"82037","Gouvy","Wallonie",5474,"Gouvy",5474,0.502922908293752,0.497077091706248,1,0,0,0,0,0,0.051150895140665,0.0622944830105955,0.0599196200219218,0.0677749360613811,0.0639386189258312,0.0615637559371575,0.0632078918523931,0.0639386189258312,0.0643039824625502,0.0659481183777859,0.0652173913043478,0.0685056631348192,0.0628425283156741,0.0537084398976982,0.0456704420898794,0.0369017172086226,0.0182681768359518,0.0248447204968944,0,0,0.11,0.255,0.345,0.187,0.077,0.026,0,0,0.401469098277609,0.392350557244174,0.0235562310030395,0.182624113475177
"512",512,"82038","Sainte-Ode","Wallonie",2720,"Sainte-Ode",2720,0.50625,0.49375,1,0,0,0,0,0,0.0632352941176471,0.0602941176470588,0.0610294117647059,0.0702205882352941,0.0636029411764706,0.0613970588235294,0.0658088235294118,0.0544117647058824,0.0625,0.0650735294117647,0.0665441176470588,0.06875,0.0621323529411765,0.0455882352941176,0.0426470588235294,0.0393382352941176,0.0257352941176471,0.0216911764705882,0,0,0.11,0.255,0.345,0.187,0.077,0.026,0,0,0.40531914893617,0.361702127659574,0.0292553191489362,0.203723404255319
"513",513,"83012","Durbuy","Wallonie",11506,"Durbuy",11506,0.496958108812793,0.503041891187207,1,0,0,0,0,0,0.0468451242829828,0.0460629236919868,0.0507561272379628,0.0588388666782548,0.0539718407787241,0.0564922649052668,0.0590996002085868,0.0582304884408135,0.0569268207891535,0.0620545802190162,0.0698765861289762,0.0737006779071789,0.0816095949939162,0.0743090561446202,0.0581435772640362,0.0450199895706588,0.0228576394924387,0.0252042412654267,0,0,0.11,0.255,0.345,0.187,0.077,0.026,0,0,0.417908762420958,0.354110207768744,0.028003613369467,0.199977416440831
"514",514,"83013","Erezée","Wallonie",3345,"Erezée",3345,0.49745889387145,0.50254110612855,1,0,0,0,0,0,0.0502242152466368,0.0406576980568012,0.0502242152466368,0.0532137518684604,0.0484304932735426,0.0582959641255605,0.0585949177877429,0.0588938714499253,0.0585949177877429,0.0505231689088191,0.066965620328849,0.08101644245142,0.0878923766816144,0.0729446935724963,0.0612855007473842,0.0418535127055306,0.0245142002989537,0.0358744394618834,0,0,0.11,0.255,0.345,0.187,0.077,0.026,0,0,0.411904761904762,0.366269841269841,0.026984126984127,0.19484126984127
"515",515,"83028","Hotton","Wallonie",5706,"Hotton",5706,0.492814581142657,0.507185418857343,1,0,0,0,0,0,0.0499474237644585,0.052751489660007,0.0646687697160883,0.0630914826498423,0.0667718191377497,0.0618647038205398,0.0606379249912373,0.0615141955835962,0.0601121626358219,0.0594111461619348,0.0660708026638626,0.0678233438485804,0.0685243603224676,0.0632667367683141,0.0522257273045917,0.0369786189975464,0.0199789695057834,0.024360322467578,0,0,0.11,0.255,0.345,0.187,0.077,0.026,0,0,0.424654323880947,0.376611202249824,0.0248418092336536,0.173892664635575
"516",516,"83031","La Roche-en-Ardenne","Wallonie",4100,"La Roche-en-Ardenne",4100,0.5,0.5,1,0,0,0,0,0,0.0419512195121951,0.0470731707317073,0.0534146341463415,0.0485365853658537,0.0602439024390244,0.0541463414634146,0.0619512195121951,0.0546341463414634,0.0534146341463415,0.0526829268292683,0.0775609756097561,0.0817073170731707,0.0809756097560976,0.0739024390243902,0.0536585365853659,0.0421951219512195,0.0319512195121951,0.03,0,0,0.11,0.255,0.345,0.187,0.077,0.026,0,0,0.418540190945488,0.378195257160456,0.0292577764089929,0.174006775485063
"517",517,"83034","Marche-en-Famenne","Wallonie",17972,"Marche-en-Famenne",17972,0.491653683507679,0.508346316492321,1,0,0,0,0,0,0.0489650567549521,0.0481860672156688,0.0577008680169152,0.0582016470064545,0.0690518584464723,0.0652681949699533,0.0653238370799021,0.0625973736924104,0.0602604050745604,0.0559203204985533,0.0673269530380592,0.067104384598264,0.069719563765858,0.0625973736924104,0.0514689517026486,0.0402292454929891,0.0226463387491654,0.027431560204763,0,0,0.11,0.255,0.345,0.187,0.077,0.026,0,0,0.431857737419599,0.363374952705259,0.0251986379114642,0.179568671963678
"518",518,"83040","Nassogne","Wallonie",5735,"Nassogne",5735,0.515605928509154,0.484394071490846,1,0,0,0,0,0,0.0531822144725371,0.0587619877942459,0.0653879686137751,0.0655623365300785,0.0584132519616391,0.0500435919790759,0.0645161290322581,0.0671316477768091,0.0716652136006975,0.0552746294681779,0.0648648648648649,0.0648648648648649,0.0688753269398431,0.0603312990409765,0.050566695727986,0.0326068003487358,0.020924149956408,0.027027027027027,0,0,0.11,0.255,0.345,0.187,0.077,0.026,0,0,0.388902468834026,0.384747005622097,0.0273771693962356,0.198973356147641
"519",519,"83044","Rendeux","Wallonie",2707,"Rendeux",2707,0.509420022164758,0.490579977835242,1,0,0,0,0,0,0.0561507203546361,0.0639083856667898,0.0591060214259328,0.0561507203546361,0.0458071666050979,0.050978943479867,0.0642777983007019,0.0679719246398227,0.0550424824528999,0.0594754340598448,0.0690801625415589,0.073882526782416,0.0801625415589213,0.0698189878093831,0.0439601034355375,0.0402659770964167,0.0199482822312523,0.0240118212042852,0,0,0.11,0.255,0.345,0.187,0.077,0.026,0,0,0.375378405650858,0.404641775983855,0.0282542885973764,0.191725529767911
"520",520,"83049","Tenneville","Wallonie",2881,"Tenneville",2881,0.499132245748004,0.500867754251996,1,0,0,0,0,0,0.0506768483165567,0.0600485942381118,0.0610898993405068,0.0590072891357168,0.0583130857341201,0.0485942381117667,0.0579659840333218,0.0787920860812218,0.0600485942381118,0.0607427976397084,0.0631725095452968,0.0690732384588685,0.0669906282540784,0.0784449843804235,0.0551891704269351,0.0308920513710517,0.0211732037486984,0.019784796945505,0,0,0.11,0.255,0.345,0.187,0.077,0.026,0,0,0.379616643291258,0.380551659654044,0.0285179990649836,0.211313697989715
"521",521,"83055","Manhay","Wallonie",3715,"Manhay",3715,0.515746971736205,0.484253028263795,1,0,0,0,0,0,0.0605652759084791,0.0635262449528937,0.0567967698519515,0.0554508748317631,0.0489905787348587,0.053028263795424,0.0769851951547779,0.0732166890982503,0.0651413189771198,0.0543741588156124,0.0672947510094213,0.0772543741588156,0.0710632570659489,0.0659488559892328,0.0379542395693136,0.0331090174966353,0.0185733512786003,0.0207267833109018,0,0,0.11,0.255,0.345,0.187,0.077,0.026,0,0,0.363532979529947,0.38855193328279,0.0295678544351782,0.218347232752085
"522",522,"84009","Bertrix","Wallonie",9017,"Bertrix",9017,0.493290451369635,0.506709548630365,1,0,0,0,0,0,0.0466895863369192,0.0595541754463791,0.0592214705556172,0.0688699123877121,0.062770322723744,0.0553399134967284,0.0631030276145059,0.0715315515138073,0.0607740933791727,0.0573361428412998,0.062881224353998,0.062770322723744,0.0674281911944106,0.0605522901186647,0.053565487412665,0.0394809803704114,0.0242874570256183,0.0238438505046024,0,0,0.11,0.255,0.345,0.187,0.077,0.026,0,0,0.435084541062802,0.361865942028986,0.0256642512077295,0.177385265700483
"523",523,"84010","Bouillon","Wallonie",5377,"Bouillon",5377,0.499349079412312,0.500650920587688,1,0,0,0,0,0,0.0487260554212386,0.049655941975079,0.0522596243258322,0.0556072159196578,0.0438906453412684,0.0457504184489492,0.0591407848242514,0.0585828528919472,0.0548633066765855,0.0556072159196578,0.0608145806211642,0.0708573554026409,0.0747628789287707,0.077552538590292,0.0665798772549749,0.0487260554212386,0.0271526873721406,0.049469964664311,0,0,0.11,0.255,0.345,0.187,0.077,0.026,0,0,0.475709475709476,0.343193843193843,0.0238095238095238,0.157287157287157
"524",524,"84016","Daverdisse","Wallonie",1426,"Daverdisse",1426,0.503506311360449,0.496493688639551,1,0,0,0,0,0,0.0455820476858345,0.0568022440392707,0.0659186535764376,0.0673211781206171,0.0497896213183731,0.0511921458625526,0.0511921458625526,0.0490883590462833,0.0638148667601683,0.0511921458625526,0.0680224403927069,0.0757363253856942,0.0673211781206171,0.0701262272089762,0.0610098176718093,0.0497896213183731,0.0245441795231417,0.0315568022440393,0,0,0.11,0.255,0.345,0.187,0.077,0.026,0,0,0.44349477682811,0.346628679962013,0.0284900284900285,0.181386514719848
"525",525,"84029","Herbeumont","Wallonie",1750,"Herbeumont",1750,0.521714285714286,0.478285714285714,1,0,0,0,0,0,0.06,0.0542857142857143,0.0491428571428571,0.0582857142857143,0.0685714285714286,0.0531428571428571,0.0702857142857143,0.0628571428571429,0.0485714285714286,0.0662857142857143,0.072,0.0737142857142857,0.0634285714285714,0.0662857142857143,0.0514285714285714,0.0394285714285714,0.0171428571428571,0.0251428571428571,0,0,0.11,0.255,0.345,0.187,0.077,0.026,0,0,0.401153212520593,0.387973640856672,0.028830313014827,0.182042833607908
"526",526,"84033","Léglise","Wallonie",5839,"Léglise",5839,0.511046412056859,0.488953587943141,1,0,0,0,0,0,0.0690186675800651,0.0678198321630416,0.0777530399040932,0.0717588628189759,0.058057886624422,0.0597705086487412,0.0772392532967974,0.0794656619284124,0.0719301250214078,0.0693611919849289,0.0741565336530228,0.0611406062681966,0.049152252097962,0.033567391676657,0.0320260318547697,0.0232916595307416,0.0107895187532112,0.0137009761945539,0,0,0.11,0.255,0.345,0.187,0.077,0.026,0,0,0.355688297583492,0.368721151235406,0.0252511539505838,0.250339397230519
"527",527,"84035","Libin","Wallonie",5351,"Libin",5351,0.498598392823771,0.501401607176229,1,0,0,0,0,0,0.0541954774808447,0.0596150252289292,0.0592412633152682,0.0695197159409456,0.0556905251354887,0.0504578583442347,0.0695197159409456,0.0712016445524201,0.0639132872360307,0.0598019061857597,0.0680246682863016,0.0663427396748271,0.0646608110633526,0.0573724537469632,0.0463464772939637,0.0368155484956083,0.0222388338628294,0.0250420482152869,0,0,0.11,0.255,0.345,0.187,0.077,0.026,0,0,0.387803590285111,0.378035902851109,0.027455121436114,0.206705385427666
"528",528,"84043","Neufchâteau","Wallonie",8260,"Neufchâteau",8260,0.500121065375303,0.499878934624697,1,0,0,0,0,0,0.0612590799031477,0.0631961259079903,0.0732445520581114,0.0663438256658596,0.0612590799031477,0.0665859564164649,0.0690072639225182,0.0699757869249395,0.0684019370460048,0.0730024213075061,0.0624697336561743,0.0565375302663438,0.0541162227602906,0.0478208232445521,0.037409200968523,0.0299031476997579,0.0173123486682809,0.0221549636803874,0,0,0.11,0.255,0.345,0.187,0.077,0.026,0,0,0.391505078485688,0.359926131117267,0.0301015697137581,0.218467220683287
"529",529,"84050","Paliseul","Wallonie",5530,"Paliseul",5530,0.501084990958409,0.498915009041591,1,0,0,0,0,0,0.0566003616636528,0.0591320072332731,0.0638336347197107,0.0560578661844485,0.0582278481012658,0.0551537070524412,0.0676311030741411,0.0669077757685353,0.0654611211573237,0.0582278481012658,0.0607594936708861,0.0688969258589512,0.0683544303797468,0.0529837251356239,0.049005424954792,0.0412296564195298,0.0206148282097649,0.0309222423146474,0,0,0.11,0.255,0.345,0.187,0.077,0.026,0,0,0.445524806781351,0.356270256793817,0.0289204687110446,0.169284467713787
"530",530,"84059","Saint-Hubert","Wallonie",5693,"Saint-Hubert",5693,0.496047777972949,0.503952222027051,1,0,0,0,0,0,0.0544528368171439,0.0591955032496048,0.0590198489372914,0.0591955032496048,0.0511154048831899,0.0590198489372914,0.0714913051115405,0.0662216757421395,0.0493588617600562,0.0567363428772176,0.067451255928333,0.0699104163007202,0.0678025645529598,0.0613033549973652,0.0533989109432637,0.0405761461443878,0.0266994554716318,0.0270507640962586,0,0,0.11,0.255,0.345,0.187,0.077,0.026,0,0,0.428062678062678,0.363485280151947,0.0287274453941121,0.179724596391263
"531",531,"84068","Tellin","Wallonie",2539,"Tellin",2539,0.490744387554155,0.509255612445845,1,0,0,0,0,0,0.0476565576998818,0.0496258369436786,0.063410791650256,0.0752264671130366,0.0586845214651438,0.0610476565576999,0.0582906656163844,0.0575029539188657,0.0618353682552186,0.068924773532887,0.0681370618353683,0.0661677825915715,0.0661677825915715,0.0697124852304057,0.044505710909807,0.0342654588420638,0.0248129184718393,0.0240252067743206,0,0,0.11,0.255,0.345,0.187,0.077,0.026,0,0,0.40630092341119,0.388375882672461,0.022270505160239,0.183052688756111
"532",532,"84075","Wellin","Wallonie",3147,"Wellin",3147,0.491897044804576,0.508102955195424,1,0,0,0,0,0,0.0463933905306641,0.0476644423260248,0.0540197013028281,0.0699078487448364,0.0680012710517954,0.0514775977121068,0.0657769304099142,0.0597394343819511,0.0537019383539879,0.0578328566889101,0.0657769304099142,0.0664124563075945,0.0619637750238322,0.0664124563075945,0.0540197013028281,0.046075627581824,0.0263743247537337,0.03844931680966,0,0,0.11,0.255,0.345,0.187,0.077,0.026,0,0,0.410869565217391,0.359130434782609,0.0282608695652174,0.201739130434783
"533",533,"84077","Libramont-Chevigny","Wallonie",11972,"Libramont-Chevigny",11972,0.498914132976946,0.501085867023054,1,0,0,0,0,0,0.0549615770130304,0.054209822920147,0.0632308720347477,0.0682425659873037,0.0677413965920481,0.0694954894754427,0.0647343802205145,0.0628967591045773,0.0669896424991647,0.062145005011694,0.0669896424991647,0.0633979284998329,0.0593050451052456,0.0547109923154026,0.0427664550618109,0.0354994988306047,0.0201303040427665,0.0225526227865018,0,0,0.11,0.255,0.345,0.187,0.077,0.026,0,0,0.392045454545455,0.363878143133462,0.0268375241779497,0.217238878143133
"534",534,"85007","Chiny","Wallonie",5308,"Chiny",5308,0.5,0.5,1,0,0,0,0,0,0.0553880934438583,0.0533157498116051,0.0561416729464959,0.0614167294649586,0.0582140165787491,0.0580256217030897,0.0661266013564431,0.065561416729465,0.0653730218538056,0.056706857573474,0.0687641296156744,0.0712132629992464,0.0738507912584778,0.0578372268274303,0.047852298417483,0.0327807083647325,0.0227957799547852,0.0286360211002261,0,0,0.11,0.255,0.345,0.187,0.077,0.026,0,0,0.39514687100894,0.363473818646232,0.0286079182630907,0.212771392081737
"535",535,"85009","Etalle","Wallonie",6024,"Etalle",6024,0.495185922974768,0.504814077025232,1,0,0,0,0,0,0.0509628154050465,0.0576029216467463,0.0574369189907038,0.073539176626826,0.0717131474103586,0.0632470119521912,0.0718791500664011,0.0634130146082337,0.0612549800796813,0.0682270916334661,0.0710491367861886,0.077191235059761,0.0630810092961487,0.048472775564409,0.0415006640106242,0.025066401062417,0.0157702523240372,0.0185922974767596,0,0,0.11,0.255,0.345,0.187,0.077,0.026,0,0,0.324615008555365,0.365925201662185,0.0271327303837692,0.28232705939868
"536",536,"85011","Florenville","Wallonie",5787,"Florenville",5787,0.48729911871436,0.51270088128564,1,0,0,0,0,0,0.0407810609987904,0.0495939174010714,0.0539139450492483,0.0585795749092794,0.0559875583203732,0.0502851218247797,0.0520131328840505,0.0570243649559357,0.0537411439433212,0.0587523760152065,0.0648004147226542,0.0622083981337481,0.0819077242094349,0.0708484534301019,0.0672196302056333,0.0528771384136858,0.0283393813720408,0.0411266632106446,0,0,0.11,0.255,0.345,0.187,0.077,0.026,0,0,0.449350649350649,0.342148760330579,0.0255017709563164,0.182998819362456
"537",537,"85024","Meix-devant-Virton","Wallonie",2819,"Meix-devant-Virton",2819,0.492018446257538,0.507981553742462,1,0,0,0,0,0,0.0546293011706279,0.0578219226676126,0.0599503369989358,0.0673997871585669,0.0535650940049663,0.047534586732884,0.056757715501951,0.0688187300461156,0.0659808442710181,0.0588861298332742,0.0617240156083718,0.0723660872649876,0.06952820148989,0.060305072720823,0.0525008868393047,0.0404398722951401,0.0258957076977652,0.0258957076977652,0,0,0.11,0.255,0.345,0.187,0.077,0.026,0,0,0.380352644836272,0.361712846347607,0.0277078085642317,0.230226700251889
"538",538,"85026","Musson","Wallonie",4668,"Musson",4668,0.488431876606684,0.511568123393316,1,0,0,0,0,0,0.0597686375321337,0.0529134532990574,0.065981148243359,0.0745501285347044,0.0582690659811482,0.0533419023136247,0.0657669237360754,0.0636246786632391,0.0689802913453299,0.0734790059982862,0.0715509854327335,0.0689802913453299,0.0616966580976864,0.0443444730077121,0.0409168808911739,0.0359897172236504,0.0175664095972579,0.0222793487574979,0,0,0.11,0.255,0.345,0.187,0.077,0.026,0,0,0.403840292593721,0.356293812861932,0.0213349588540079,0.218530935690338
"539",539,"85034","Saint-Léger","Wallonie",3716,"Saint-Léger",3716,0.493003229278794,0.506996770721206,1,0,0,0,0,0,0.0543595263724435,0.056243272335845,0.0705059203444564,0.0672766415500538,0.0608180839612487,0.0605489773950484,0.0543595263724435,0.0780409041980624,0.0769644779332616,0.0726587728740581,0.0696986006458558,0.0621636167922497,0.0583961248654467,0.0470936490850377,0.0495156081808396,0.0279870828848224,0.0158772874058127,0.017491926803014,0,0,0.11,0.255,0.345,0.187,0.077,0.026,0,0,0.369230769230769,0.356607495069034,0.0220907297830375,0.25207100591716
"540",540,"85039","Tintigny","Wallonie",4605,"Tintigny",4605,0.503583061889251,0.496416938110749,1,0,0,0,0,0,0.056243213897937,0.061672095548317,0.0662323561346363,0.0755700325732899,0.0599348534201954,0.0553745928338762,0.0783930510314875,0.0692725298588491,0.0760043431053203,0.0718783930510315,0.0679695982627579,0.0545059717698154,0.0534201954397394,0.0456026058631922,0.0366992399565689,0.0269272529858849,0.0167209554831705,0.0275787187839305,0,0,0.11,0.255,0.345,0.187,0.077,0.026,0,0,0.367801047120419,0.359947643979058,0.0294502617801047,0.242801047120419
"541",541,"85045","Virton","Wallonie",11368,"Virton",11368,0.487772695285011,0.512227304714989,1,0,0,0,0,0,0.046622097114708,0.053219563687544,0.057441942294159,0.0679978888106967,0.0665904292751583,0.0609605911330049,0.0589373680506685,0.0635116115411682,0.0631597466572836,0.0592892329345531,0.0629838142153413,0.0650070372976777,0.0665024630541872,0.0567382125263899,0.0494370161857847,0.0423997185080929,0.0257741027445461,0.0334271639690359,0,0,0.11,0.255,0.345,0.187,0.077,0.026,0,0,0.419089147286822,0.348231589147287,0.0236191860465116,0.20906007751938
"542",542,"85046","Habay","Wallonie",8723,"Habay",8723,0.492949673277542,0.507050326722458,1,0,0,0,0,0,0.0530780694715121,0.058236845122091,0.0678665596698384,0.0709618250601857,0.0691275937177576,0.0639688180671787,0.0654591310329015,0.0688983147999541,0.066146967786312,0.0691275937177576,0.0742863693683366,0.0636248996904735,0.0583514845809928,0.0470021781497191,0.0350796744239367,0.0282013068898315,0.0147884901983263,0.0257938782528946,0,0,0.11,0.255,0.345,0.187,0.077,0.026,0,0,0.361508004820107,0.350834911344465,0.0278877603718368,0.259769323463591
"543",543,"85047","Rouvroy","Wallonie",2144,"Rouvroy",2144,0.492070895522388,0.507929104477612,1,0,0,0,0,0,0.0536380597014925,0.0503731343283582,0.0657649253731343,0.0699626865671642,0.0666977611940299,0.0550373134328358,0.0620335820895522,0.050839552238806,0.0578358208955224,0.0587686567164179,0.0676305970149254,0.0736940298507463,0.0713619402985075,0.0550373134328358,0.0452425373134328,0.0359141791044776,0.0251865671641791,0.0349813432835821,0,0,0.11,0.255,0.345,0.187,0.077,0.026,0,0,0.391617550753111,0.378519973804846,0.0255402750491159,0.204322200392927
"544",544,"91005","Anhée","Wallonie",7135,"Anhée",7135,0.493062368605466,0.506937631394534,1,0,0,0,0,0,0.0489138051857043,0.0539593552908199,0.0595655220742817,0.0608269096005606,0.0521373510861948,0.0477925718290119,0.0713384723195515,0.061948142957253,0.0662929222144359,0.0647512263489839,0.0651716888577435,0.0685353889278206,0.0713384723195515,0.0601261387526279,0.0533987386124737,0.0406447091800981,0.0263489838822705,0.0269096005606167,0,0,0.11,0.255,0.345,0.187,0.077,0.026,0,0,0.383699292891701,0.390212132489766,0.0336806847785635,0.19240788983997
"545",545,"91013","Beauraing","Wallonie",9490,"Beauraing",9490,0.486301369863014,0.513698630136986,1,0,0,0,0,0,0.052581664910432,0.050263435194942,0.0614330874604847,0.0662802950474183,0.0610115911485775,0.0543730242360379,0.0573234984193888,0.0624868282402529,0.0604847207586934,0.056059009483667,0.0668071654373024,0.0669125395152792,0.0685985247629083,0.0615384615384615,0.0555321390937829,0.0419388830347734,0.0241306638566913,0.0322444678609062,0,0,0.11,0.255,0.345,0.187,0.077,0.026,0,0,0.423431203223949,0.37118595279217,0.0315198618307427,0.173862982153138
"546",546,"91015","Bièvre","Wallonie",3476,"Bièvre",3476,0.495397008055236,0.504602991944764,1,0,0,0,0,0,0.0408515535097814,0.0609896432681243,0.069620253164557,0.057825086306099,0.0584004602991945,0.0523590333716916,0.0598388952819333,0.0635788262370541,0.0658803222094361,0.0558112773302647,0.0624280782508631,0.0710586881472957,0.0724971231300345,0.05897583429229,0.0526467203682394,0.0431530494821634,0.0204257767548907,0.0336593785960875,0,0,0.11,0.255,0.345,0.187,0.077,0.026,0,0,0.447585394581861,0.369061641146447,0.0259128386336867,0.157440125638005
"547",547,"91030","Ciney","Wallonie",17183,"Ciney",17183,0.484083105394867,0.515916894605133,1,0,0,0,0,0,0.0477215852877844,0.0496420881103416,0.0558691730198452,0.0605249374381656,0.064133154862364,0.0659954606296921,0.0677413722865623,0.0604667403829366,0.0681487516731653,0.0612233021009137,0.0604085433277076,0.0683233428388524,0.0657044753535471,0.0622708490950358,0.0504568468835477,0.0387010417272886,0.0239189896991212,0.0287493452831287,0,0,0.11,0.255,0.345,0.187,0.077,0.026,0,0,0.400730622617535,0.367693773824651,0.0289866581956798,0.202588945362135
"548",548,"91034","Dinant","Wallonie",13328,"Dinant",13328,0.488820528211285,0.511179471788715,1,0,0,0,0,0,0.0417917166866747,0.0498199279711885,0.0537214885954382,0.0589735894357743,0.0618247298919568,0.0531212484993998,0.0599489795918367,0.063625450180072,0.0573979591836735,0.0582232893157263,0.0705282112845138,0.0700030012004802,0.0718037214885954,0.0648259303721489,0.0572478991596639,0.0447929171668667,0.0277611044417767,0.0345888355342137,0,0,0.11,0.255,0.345,0.187,0.077,0.026,0,0,0.441194089456869,0.35982428115016,0.0291533546325879,0.169828274760383
"549",549,"91054","Gedinne","Wallonie",4681,"Gedinne",4681,0.499679555650502,0.500320444349498,1,0,0,0,0,0,0.0440076906643879,0.0578936124759667,0.0568254646443068,0.0570390942106388,0.0583208716086306,0.0497756889553514,0.054475539414655,0.0563982055116428,0.0576799829096347,0.0497756889553514,0.0715659047212134,0.0796838282418287,0.075624866481521,0.0677205725272378,0.0589617603076266,0.0465712454603717,0.0264900662251656,0.0311899166844691,0,0,0.11,0.255,0.345,0.187,0.077,0.026,0,0,0.438317225696418,0.356452529846504,0.0230244457077885,0.182205798749289
"550",550,"91059","Hamois","Wallonie",7469,"Hamois",7469,0.49725532199759,0.50274467800241,1,0,0,0,0,0,0.0571696344892221,0.0621234435667425,0.0690855536216361,0.0650689516668898,0.0554291069754987,0.0527513723390012,0.0664078189851386,0.0760476636765297,0.0736377025036819,0.0629267639576918,0.0646672914714152,0.062658990494042,0.0661400455214888,0.0554291069754987,0.047529789797831,0.0297228544651225,0.0153969741598608,0.0178069353327085,0,0,0.11,0.255,0.345,0.187,0.077,0.026,0,0,0.339535775944753,0.38998657203146,0.0297333589104163,0.24074429311337
"551",551,"91064","Havelange","Wallonie",5428,"Havelange",5428,0.48728813559322,0.51271186440678,1,0,0,0,0,0,0.0589535740604274,0.0578481945467944,0.0626381724392041,0.0609801031687546,0.0598747236551216,0.0591378039793663,0.0689019896831245,0.0705600589535741,0.0602431834929993,0.0602431834929993,0.0633750921149595,0.0665070007369197,0.0641120117907148,0.0547162859248342,0.0484524686809138,0.0329771554900516,0.0215549005158438,0.0289240972733972,0,0,0.11,0.255,0.345,0.187,0.077,0.026,0,0,0.359048117154812,0.382845188284519,0.0313807531380753,0.226725941422594
"552",552,"91072","Houyet","Wallonie",5183,"Houyet",5183,0.488906038973567,0.511093961026433,1,0,0,0,0,0,0.0501639976847386,0.0609685510322207,0.0609685510322207,0.0573027204321821,0.0480416747057689,0.0519004437584411,0.074667181169207,0.0671425815164962,0.0630908740111904,0.0617403048427552,0.0648273200848929,0.0723519197376037,0.0756318734323751,0.0652131969901601,0.0461122901794328,0.0353077368319506,0.0200655990738954,0.0245031834844685,0,0,0.11,0.255,0.345,0.187,0.077,0.026,0,0,0.393066666666667,0.392533333333333,0.0304,0.184
"553",553,"91103","Onhaye","Wallonie",3231,"Onhaye",3231,0.502940266171464,0.497059733828536,1,0,0,0,0,0,0.0504487774682761,0.0575673166202414,0.0588053234292789,0.0538532961931291,0.0575673166202414,0.0541627978953884,0.0662333642835036,0.0680903744970597,0.0588053234292789,0.056329309811204,0.0671618693902817,0.0733519034354689,0.070875889817394,0.0615908387496131,0.0584958217270195,0.0408542246982358,0.0229031259671928,0.0229031259671928,0,0,0.11,0.255,0.345,0.187,0.077,0.026,0,0,0.379520520113775,0.401869158878505,0.0276310442909386,0.190979276716782
"554",554,"91114","Rochefort","Wallonie",12716,"Rochefort",12716,0.493708713431897,0.506291286568103,1,0,0,0,0,0,0.0496225228059138,0.0528468071720667,0.0592953759043724,0.0590594526580686,0.0621264548600189,0.0577225542623466,0.0584303240012583,0.0639351997483485,0.0635419943378421,0.0602390688895879,0.0659012268008808,0.0720352312047814,0.0689682290028311,0.0600817867253853,0.0493865995596099,0.0417584145957848,0.0269738911607424,0.0280748663101604,0,0,0.11,0.255,0.345,0.187,0.077,0.026,0,0,0.420687480290129,0.383265005781562,0.0212341007042994,0.174813413224009
"555",555,"91120","Somme-Leuze","Wallonie",6099,"Somme-Leuze",6099,0.500573864567962,0.499426135432038,1,0,0,0,0,0,0.0613215281193638,0.05935399245778,0.0568945728808001,0.0555828824397442,0.0555828824397442,0.05935399245778,0.0683718642400394,0.073946548614527,0.0614854894244958,0.0596819150680439,0.0655845220527955,0.072962780783735,0.0765699294966388,0.0568945728808001,0.0429578619445811,0.0345958353828496,0.0165600918183309,0.0222987374979505,0,0,0.11,0.255,0.345,0.187,0.077,0.026,0,0,0.400506678949793,0.377475817595578,0.0308613542146476,0.191156149239982
"556",556,"91141","Yvoir","Wallonie",9136,"Yvoir",9136,0.501970227670753,0.498029772329247,1,0,0,0,0,0,0.0470665499124343,0.0516637478108581,0.0615148861646235,0.0602014010507881,0.0589973730297723,0.0518826619964974,0.058231173380035,0.0665499124343257,0.0632661996497373,0.0638134851138354,0.0748686514886165,0.0737740805604203,0.0733362521891419,0.0637040280210158,0.0546190893169877,0.0380910683012259,0.0199211908931699,0.0184982486865149,0,0,0.11,0.255,0.345,0.187,0.077,0.026,0,0,0.350370599135269,0.355157504632489,0.0310376775787523,0.26343421865349
"557",557,"91142","Hastière","Wallonie",6148,"Hastière",6148,0.513337670787248,0.486662329212752,1,0,0,0,0,0,0.0393623942745608,0.0461938841899805,0.0476577748861418,0.0502602472348731,0.0452179570592062,0.0393623942745608,0.0522121014964216,0.0559531554977228,0.0543266102797658,0.0603448275862069,0.0701040988939493,0.0883214053350683,0.0925504229017567,0.0870201691607027,0.0683148991541965,0.0548145738451529,0.0255367599219258,0.0224463240078074,0,0,0.11,0.255,0.345,0.187,0.077,0.026,0,0,0.496655518394649,0.360994983277592,0.0238294314381271,0.118520066889632
"558",558,"91143","Vresse-sur-Semois","Wallonie",2470,"Vresse-sur-Semois",2470,0.519028340080972,0.480971659919028,1,0,0,0,0,0,0.0319838056680162,0.0352226720647773,0.0421052631578947,0.0412955465587045,0.0522267206477733,0.0445344129554656,0.0425101214574899,0.0392712550607287,0.048582995951417,0.0493927125506073,0.0813765182186235,0.0874493927125506,0.112550607287449,0.094331983805668,0.0712550607287449,0.0502024291497976,0.0384615384615385,0.037246963562753,0,0,0.11,0.255,0.345,0.187,0.077,0.026,0,0,0.463849287169043,0.353360488798371,0.0269857433808554,0.155804480651731
"559",559,"92003","Andenne","Wallonie",28187,"Andenne",28187,0.487707099017277,0.512292900982723,1,0,0,0,0,0,0.0504133111008621,0.055451094476177,0.0607372192854862,0.0585731010749636,0.0621208358463121,0.0610210380671941,0.0677972114804697,0.0692517827367226,0.0675133926987618,0.0610565154149076,0.0644978181431156,0.0663426402242168,0.0665555043104978,0.0570830524709973,0.0486039663674744,0.0380671940965693,0.0206478163692482,0.0242665058360237,0,0,0.11,0.255,0.345,0.187,0.077,0.026,0,0,0.426735720916597,0.373430400156349,0.0238432598817609,0.175990619045292
"560",560,"92006","Assesse","Wallonie",7325,"Assesse",7325,0.497474402730375,0.502525597269625,1,0,0,0,0,0,0.0516040955631399,0.058703071672355,0.0688054607508532,0.0688054607508532,0.056382252559727,0.0597952218430034,0.0670307167235495,0.0668941979522184,0.068259385665529,0.0698976109215017,0.063481228668942,0.0677133105802048,0.0592491467576792,0.051877133105802,0.0526962457337884,0.0369965870307167,0.0151535836177474,0.0166552901023891,0,0,0.11,0.255,0.345,0.187,0.077,0.026,0,0,0.334687246141348,0.372664500406174,0.0286352558895207,0.264012997562957
"561",561,"92035","Eghezée","Wallonie",16866,"Eghezée",16866,0.492588639867188,0.507411360132812,1,0,0,0,0,0,0.0530060476698684,0.0581050634412427,0.0600023716352425,0.0658128779793668,0.0554962646744931,0.0498043400924938,0.0661093323846792,0.0674137317680541,0.0693110399620538,0.0639748606664295,0.0671765682438041,0.0644491877149294,0.067888058816554,0.0566227914146804,0.048025613660619,0.035989564804933,0.0233606071386221,0.0274516779319341,0,0,0.11,0.255,0.345,0.187,0.077,0.026,0,0,0.370810055865922,0.365747206703911,0.0247905027932961,0.238652234636872
"562",562,"92045","Floreffe","Wallonie",8082,"Floreffe",8082,0.49715416975996,0.50284583024004,1,0,0,0,0,0,0.0436773075971294,0.0536995793120515,0.0638455827765405,0.0634743875278396,0.0619896065330364,0.0488740410789409,0.0600098985399654,0.06669141301658,0.070774560752289,0.0700321702548874,0.0734966592427617,0.0722593417470923,0.0635981192774066,0.052585993565949,0.0530809205642168,0.038356842365751,0.0212818609255135,0.022271714922049,0,0,0.11,0.255,0.345,0.187,0.077,0.026,0,0,0.369268463423171,0.357017850892545,0.0264263213160658,0.247287364368218
"563",563,"92048","Fosses-la-Ville","Wallonie",10418,"Fosses-la-Ville",10418,0.494912651180649,0.505087348819351,1,0,0,0,0,0,0.0504895373392206,0.0518333653292379,0.0576886158571703,0.0612401612593588,0.0685352274908812,0.0593204069879055,0.0660395469379919,0.0614321366865041,0.0665194855058552,0.0633518909579574,0.073142637742369,0.0695910923401805,0.0691111537723171,0.0570167018621616,0.0481858322134767,0.0367632942983298,0.0183336532923786,0.0214052601267038,0,0,0.11,0.255,0.345,0.187,0.077,0.026,0,0,0.389108029011325,0.371675785723374,0.0264664715612673,0.212749713704034
"564",564,"92054","Gesves","Wallonie",7481,"Gesves",7481,0.500467851891458,0.499532148108542,1,0,0,0,0,0,0.0540034754711937,0.0566769148509558,0.0636278572383371,0.0642962170832776,0.0589493383237535,0.0489239406496458,0.0657666087421468,0.0641625451142895,0.0715145034086352,0.0719155193155995,0.0620237936104799,0.0745889586953616,0.068707392059885,0.0594840261997059,0.0459831573319075,0.0330169763400615,0.0137682128057746,0.0225905627589894,0,0,0.11,0.255,0.345,0.187,0.077,0.026,0,0,0.328614762386249,0.368250758341759,0.0321536905965622,0.27098078867543
"565",565,"92087","Mettet","Wallonie",13529,"Mettet",13529,0.490871461305344,0.509128538694656,1,0,0,0,0,0,0.0531450957203045,0.0558060462709735,0.0541059945302683,0.0588365732870131,0.0589104885800872,0.0549190627540838,0.0696282060758371,0.0644541355606475,0.0658585261290561,0.0619410155961268,0.0739892083672112,0.0723630719195802,0.0682977308005026,0.0581713356493459,0.048562347549708,0.036144578313253,0.0209180279399808,0.0239485549560204,0,0,0.11,0.255,0.345,0.187,0.077,0.026,0,0,0.383881016983218,0.367299768867451,0.0282383680032158,0.220580846146116
"566",566,"92094","Namur","Wallonie",114142,"Namur",114142,0.485991133850817,0.514008866149183,1,0,0,0,0,0,0.0466086103274868,0.0495260289814442,0.055001664593226,0.0589178391827723,0.0670305409051883,0.0713847663436772,0.0675912459918347,0.0639379019116539,0.0626149883478474,0.0612482696991467,0.062054283261201,0.0616162324122584,0.061642515463195,0.0584885493508086,0.0540729967934678,0.0433845560792697,0.0251879238141964,0.0296910865413257,0,0,0.11,0.255,0.345,0.187,0.077,0.026,0,0,0.405474982795096,0.349323273774629,0.0253230698646548,0.219878673565621
"567",567,"92097","Ohey","Wallonie",5226,"Ohey",5226,0.50478377344049,0.49521622655951,1,0,0,0,0,0,0.0518561040949101,0.055683122847302,0.0719479525449675,0.060849598163031,0.0606582472254114,0.055683122847302,0.0667814772292384,0.0746268656716418,0.0692690394182932,0.0606582472254114,0.0706084959816303,0.0663987753539992,0.0641025641025641,0.0600841944125526,0.0443934175277459,0.032529659395331,0.0166475315729047,0.0172215843857635,0,0,0.11,0.255,0.345,0.187,0.077,0.026,0,0,0.348373557187828,0.383788037775446,0.0301678908709339,0.237670514165792
"568",568,"92101","Profondeville","Wallonie",12318,"Profondeville",12318,0.48912161065108,0.51087838934892,1,0,0,0,0,0,0.0438382854359474,0.0496022081506738,0.0583698652378633,0.059181685338529,0.0610488715700601,0.0551225848352005,0.0610488715700601,0.0625101477512583,0.0616171456405261,0.0599123234291281,0.0745250852411106,0.0758239974021757,0.0716025328787141,0.0582886832277967,0.0568274070465985,0.0403474590030849,0.0237051469394382,0.0266276993018347,0,0,0.11,0.255,0.345,0.187,0.077,0.026,0,0,0.324048282265552,0.374419684308264,0.0272748375116063,0.274257195914578
"569",569,"92114","Sombreffe","Wallonie",8388,"Sombreffe",8388,0.490820219360992,0.509179780639008,1,0,0,0,0,0,0.0462565569861707,0.0565092989985694,0.067238912732475,0.0666428230805913,0.0587744396757272,0.0456604673342871,0.0625894134477825,0.0650929899856938,0.0665236051502146,0.0701001430615164,0.0765379113018598,0.0717691940867907,0.0695040534096328,0.0532904148783977,0.0486409155937053,0.0340963280877444,0.0187172150691464,0.0220553171196948,0,0,0.11,0.255,0.345,0.187,0.077,0.026,0,0,0.375149957155099,0.352870608397601,0.029305912596401,0.2426735218509
"570",570,"92137","Sambreville","Wallonie",28615,"Sambreville",28615,0.484116721998952,0.515883278001048,1,0,0,0,0,0,0.0499388432640224,0.0538878210728639,0.0566486108684257,0.0616459898654552,0.0585357330071641,0.0587104665385287,0.0670976760440329,0.064896033548838,0.065455180849205,0.0643368862484711,0.0685654377074961,0.063323431766556,0.0658395946182072,0.0605626419709942,0.0526297396470383,0.0380569631312249,0.0225406255460423,0.0273283243054342,0,0,0.11,0.255,0.345,0.187,0.077,0.026,0,0,0.453789663294998,0.366403399381091,0.0261419795852386,0.153664957738673
"571",571,"92138","Fernelmont","Wallonie",8210,"Fernelmont",8210,0.495127892813642,0.504872107186358,1,0,0,0,0,0,0.0534713763702801,0.0587088915956151,0.0639464068209501,0.0651644336175396,0.0548112058465286,0.0560292326431181,0.0697929354445798,0.0686967113276492,0.0756394640682095,0.0711327649208283,0.0635809987819732,0.0618757612667479,0.0657734470158343,0.0537149817295981,0.0442143727161998,0.0348355663824604,0.0151035322777101,0.0235079171741778,0,0,0.11,0.255,0.345,0.187,0.077,0.026,0,0,0.349477853799064,0.372704357220022,0.0257472092185812,0.252070579762333
"572",572,"92140","Jemeppe-sur-Sambre","Wallonie",19225,"Jemeppe-sur-Sambre",19225,0.496957087126138,0.503042912873862,1,0,0,0,0,0,0.0520676202860858,0.0529518855656697,0.0588816644993498,0.0619505851755527,0.0611183355006502,0.0603901170351105,0.068296488946684,0.0679323797139142,0.0612743823146944,0.0648634590377113,0.075370611183355,0.0733940182054616,0.0653836150845254,0.0564369310793238,0.0460858257477243,0.0376072821846554,0.0178933680104031,0.0181014304291287,0,0,0.11,0.255,0.345,0.187,0.077,0.026,0,0,0.426351162139457,0.366493979277513,0.024292915149818,0.182861943433212
"573",573,"92141","La Bruyère","Wallonie",9351,"La Bruyère",9351,0.488290022457491,0.511709977542509,1,0,0,0,0,0,0.0510105871029836,0.0577478344562079,0.0651267244145011,0.0684418778740242,0.0578547748903861,0.0489787188535985,0.0596727622714148,0.0710084482943001,0.0644850818094321,0.0738958400171105,0.069618222649984,0.064378141375254,0.063736498770185,0.0578547748903861,0.0495134210244894,0.0339001176344776,0.0196770398887819,0.0230991337824832,0,0,0.11,0.255,0.345,0.187,0.077,0.026,0,0,0.335309195770586,0.364466517141942,0.0291573213713553,0.271066965716117
"574",574,"92142","Gembloux","Wallonie",26496,"Gembloux",26496,0.491621376811594,0.508378623188406,1,0,0,0,0,0,0.0484601449275362,0.0557820048309179,0.0618961352657005,0.0603864734299517,0.060348731884058,0.0649154589371981,0.0706144323671498,0.070576690821256,0.0699350845410628,0.0655193236714976,0.061820652173913,0.0615187198067633,0.0601977657004831,0.0523852657004831,0.0464598429951691,0.0399682971014493,0.0216259057971014,0.0275890700483092,0,0,0.11,0.255,0.345,0.187,0.077,0.026,0,0,0.356315179606025,0.355098493626883,0.0264774044032445,0.262108922363847
"575",575,"93010","Cerfontaine","Wallonie",4991,"Cerfontaine",4991,0.502103786816269,0.497896213183731,1,0,0,0,0,0,0.0446804247645762,0.0563013424163494,0.0546984572230014,0.062512522540573,0.0623121618914045,0.0486876377479463,0.0627128831897415,0.0707273091564817,0.0603085553997195,0.0663193748747746,0.0747345221398517,0.0697255059106392,0.0763374073331998,0.0641154077339211,0.0496894409937888,0.0366659987978361,0.0182328190743338,0.0212382288118614,0,0,0.11,0.255,0.345,0.187,0.077,0.026,0,0,0.406438105208061,0.378696676262758,0.025909447788537,0.188955770740644
"576",576,"93014","Couvin","Wallonie",13907,"Couvin",13907,0.490400517724887,0.509599482275113,1,0,0,0,0,0,0.0458042712303157,0.0495433954123823,0.0502624577550874,0.0588912058675487,0.0591069245703603,0.0552239879197526,0.0610483928956641,0.0549363629826706,0.0577407061192205,0.0578845185877616,0.0693895160710434,0.0771553893722586,0.0740634212986266,0.0647875170777306,0.0571654562450564,0.0451571151218811,0.0292658373480981,0.0325735241245416,0,0,0.11,0.255,0.345,0.187,0.077,0.026,0,0,0.459958739684921,0.353525881470368,0.0269129782445611,0.15960240060015
"577",577,"93018","Doische","Wallonie",2952,"Doische",2952,0.494918699186992,0.505081300813008,1,0,0,0,0,0,0.0430216802168022,0.040650406504065,0.0484417344173442,0.0630081300813008,0.0586043360433604,0.0630081300813008,0.0548780487804878,0.0613143631436314,0.0501355013550136,0.0575880758807588,0.0701219512195122,0.0819783197831978,0.081639566395664,0.0633468834688347,0.0602981029810298,0.0409891598915989,0.029810298102981,0.0311653116531165,0,0,0.11,0.255,0.345,0.187,0.077,0.026,0,0,0.421075268817204,0.379354838709677,0.0331182795698925,0.166451612903226
"578",578,"93022","Florennes","Wallonie",11378,"Florennes",11378,0.497978555106346,0.502021444893654,1,0,0,0,0,0,0.0469326770961505,0.0522939005097557,0.0595007910001758,0.0660045702232378,0.0567762348391633,0.0558973457549657,0.062313236069608,0.0660045702232378,0.0657409034979786,0.0624890138864475,0.0688170152926701,0.0698716821937072,0.0683775707505713,0.0605554579012129,0.053612234136052,0.0415714536825453,0.020302337844964,0.0229390050975567,0,0,0.11,0.255,0.345,0.187,0.077,0.026,0,0,0.409903071353498,0.384561485460703,0.0275604344271867,0.177975008758613
"579",579,"93056","Philippeville","Wallonie",9521,"Philippeville",9521,0.498582081714106,0.501417918285894,1,0,0,0,0,0,0.0447431992437769,0.0454784161327592,0.0597626299758429,0.0590274130868606,0.0573469173406155,0.0488394076252495,0.0564016384833526,0.0659594580401218,0.0587123201344397,0.0609179708013864,0.0720512551202605,0.0754122466127508,0.0798235479466443,0.0652242411511396,0.0500997794349333,0.0398067429891818,0.0304589854006932,0.0299338304799916,0,0,0.11,0.255,0.345,0.187,0.077,0.026,0,0,0.4301950329732,0.368598288199804,0.0241335765399186,0.177073102287077
"580",580,"93088","Walcourt","Wallonie",18465,"Walcourt",18465,0.491578662334146,0.508421337665854,1,0,0,0,0,0,0.0452206877877065,0.0445708096398592,0.0598971026265908,0.0584890333062551,0.0593013809910642,0.0547522339561332,0.0602220417005145,0.0596804765773084,0.0602761982128351,0.0651502843216897,0.0752775521256431,0.0740319523422692,0.0712158137015976,0.0634714324397509,0.0595180070403466,0.0452206877877065,0.0225291091253723,0.0211751963173572,0,0,0.11,0.255,0.345,0.187,0.077,0.026,0,0,0.38529285407418,0.365530574251754,0.0257052842617786,0.223471287412287
"581",581,"93090","Viroinval","Wallonie",5649,"Viroinval",5649,0.496371039121969,0.503628960878032,1,0,0,0,0,0,0.0380598335988671,0.0442556204637989,0.0520446096654275,0.0477960701009028,0.0516905647017171,0.0531067445565587,0.057001239157373,0.0617808461674633,0.0573552841210834,0.0541688794476899,0.0667374756594087,0.0785979819437068,0.0881571959638874,0.0727562400424854,0.0653212958045672,0.0515135422198619,0.0261993273145689,0.033457249070632,0,0,0.11,0.255,0.345,0.187,0.077,0.026,0,0,0.477479476370091,0.359662746838252,0.0239627246505436,0.138895052141114
