ID,COUNTY,NAME,STNAME,POPESTIMATE2015,CTYNAME,TOT_POP,TOT_MALE,TOT_FEMALE,WHITE,HISPANIC,BLACK,ASIAN,NATIVE,OTHER,1,2,3,4,5,6,7,8,9,10,11,12,13,14,15,16,17,18,00..10,10..15,15..25,25..35,35..50,50..75,75..100,100..150,150..200,200..999,LESS_THAN_HS,HS_DEGREE,SOME_COLLEGE,BS_DEGREE
0,0,Aalst,,77534,Aalst,77534,0.5,0.5,1,0,0,0,0,0,0.077148044,0.077148044,0.077148044,0.077148044,0.034086325,0.043565954,0.054659137,0.063533683,0.074626866,0.061113352,0.075837031,0.070794675,0.065752319,0.065147237,0.053448971,0.030859217,0.021581283,0.01956434,0.19,0.1145,0.3,0.2,0.1,0.055,0.0265,0.008,0.005,0.001,0.448164582,0.036506656,0.409035902,0.10629286
1,1,Aalter,,18802,Aalter,18802,0.5,0.5,1,0,0,0,0,0,0.077148044,0.077148044,0.077148044,0.077148044,0.034086325,0.043565954,0.054659137,0.063533683,0.074626866,0.061113352,0.075837031,0.070794675,0.065752319,0.065147237,0.053448971,0.030859217,0.021581283,0.01956434,0.19,0.1145,0.3,0.2,0.1,0.055,0.0265,0.008,0.005,0.001,0.448164582,0.036506656,0.409035902,0.10629286
2,2,Aarschot,,27656,Aarschot,27656,0.5,0.5,1,0,0,0,0,0,0.077148044,0.077148044,0.077148044,0.077148044,0.034086325,0.043565954,0.054659137,0.063533683,0.074626866,0.061113352,0.075837031,0.070794675,0.065752319,0.065147237,0.053448971,0.030859217,0.021581283,0.01956434,0.19,0.1145,0.3,0.2,0.1,0.055,0.0265,0.008,0.005,0.001,0.448164582,0.036506656,0.409035902,0.10629286
3,3,Aartselaar,,14193,Aartselaar,14193,0.5,0.5,1,0,0,0,0,0,0.077148044,0.077148044,0.077148044,0.077148044,0.034086325,0.043565954,0.054659137,0.063533683,0.074626866,0.061113352,0.075837031,0.070794675,0.065752319,0.065147237,0.053448971,0.030859217,0.021581283,0.01956434,0.19,0.1145,0.3,0.2,0.1,0.055,0.0265,0.008,0.005,0.001,0.448164582,0.036506656,0.409035902,0.10629286
4,4,Aiseau,,10906,Aiseau,10906,0.5,0.5,1,0,0,0,0,0,0.077148044,0.077148044,0.077148044,0.077148044,0.034086325,0.043565954,0.054659137,0.063533683,0.074626866,0.061113352,0.075837031,0.070794675,0.065752319,0.065147237,0.053448971,0.030859217,0.021581283,0.01956434,0.19,0.1145,0.3,0.2,0.1,0.055,0.0265,0.008,0.005,0.001,0.448164582,0.036506656,0.409035902,0.10629286
5,5,Alken,,10933,Alken,10933,0.5,0.5,1,0,0,0,0,0,0.077148044,0.077148044,0.077148044,0.077148044,0.034086325,0.043565954,0.054659137,0.063533683,0.074626866,0.061113352,0.075837031,0.070794675,0.065752319,0.065147237,0.053448971,0.030859217,0.021581283,0.01956434,0.19,0.1145,0.3,0.2,0.1,0.055,0.0265,0.008,0.005,0.001,0.448164582,0.036506656,0.409035902,0.10629286
6,6,Alveringem,,4910,Alveringem,4910,0.5,0.5,1,0,0,0,0,0,0.077148044,0.077148044,0.077148044,0.077148044,0.034086325,0.043565954,0.054659137,0.063533683,0.074626866,0.061113352,0.075837031,0.070794675,0.065752319,0.065147237,0.053448971,0.030859217,0.021581283,0.01956434,0.19,0.1145,0.3,0.2,0.1,0.055,0.0265,0.008,0.005,0.001,0.448164582,0.036506656,0.409035902,0.10629286
7,7,Amay,,13307,Amay,13307,0.5,0.5,1,0,0,0,0,0,0.077148044,0.077148044,0.077148044,0.077148044,0.034086325,0.043565954,0.054659137,0.063533683,0.074626866,0.061113352,0.075837031,0.070794675,0.065752319,0.065147237,0.053448971,0.030859217,0.021581283,0.01956434,0.19,0.1145,0.3,0.2,0.1,0.055,0.0265,0.008,0.005,0.001,0.448164582,0.036506656,0.409035902,0.10629286
8,8,Amblève,,5221,Amblève,5221,0.5,0.5,1,0,0,0,0,0,0.077148044,0.077148044,0.077148044,0.077148044,0.034086325,0.043565954,0.054659137,0.063533683,0.074626866,0.061113352,0.075837031,0.070794675,0.065752319,0.065147237,0.053448971,0.030859217,0.021581283,0.01956434,0.19,0.1145,0.3,0.2,0.1,0.055,0.0265,0.008,0.005,0.001,0.448164582,0.036506656,0.409035902,0.10629286
9,9,Andenne,,24055,Andenne,24055,0.5,0.5,1,0,0,0,0,0,0.077148044,0.077148044,0.077148044,0.077148044,0.034086325,0.043565954,0.054659137,0.063533683,0.074626866,0.061113352,0.075837031,0.070794675,0.065752319,0.065147237,0.053448971,0.030859217,0.021581283,0.01956434,0.19,0.1145,0.3,0.2,0.1,0.055,0.0265,0.008,0.005,0.001,0.448164582,0.036506656,0.409035902,0.10629286
10,10,Anderlues,,11597,Anderlues,11597,0.5,0.5,1,0,0,0,0,0,0.077148044,0.077148044,0.077148044,0.077148044,0.034086325,0.043565954,0.054659137,0.063533683,0.074626866,0.061113352,0.075837031,0.070794675,0.065752319,0.065147237,0.053448971,0.030859217,0.021581283,0.01956434,0.19,0.1145,0.3,0.2,0.1,0.055,0.0265,0.008,0.005,0.001,0.448164582,0.036506656,0.409035902,0.10629286
11,11,Anhée,,7125,Anhée,7125,0.5,0.5,1,0,0,0,0,0,0.077148044,0.077148044,0.077148044,0.077148044,0.034086325,0.043565954,0.054659137,0.063533683,0.074626866,0.061113352,0.075837031,0.070794675,0.065752319,0.065147237,0.053448971,0.030859217,0.021581283,0.01956434,0.19,0.1145,0.3,0.2,0.1,0.055,0.0265,0.008,0.005,0.001,0.448164582,0.036506656,0.409035902,0.10629286
12,12,Ans,,27297,Ans,27297,0.5,0.5,1,0,0,0,0,0,0.077148044,0.077148044,0.077148044,0.077148044,0.034086325,0.043565954,0.054659137,0.063533683,0.074626866,0.061113352,0.075837031,0.070794675,0.065752319,0.065147237,0.053448971,0.030859217,0.021581283,0.01956434,0.19,0.1145,0.3,0.2,0.1,0.055,0.0265,0.008,0.005,0.001,0.448164582,0.036506656,0.409035902,0.10629286
13,13,Anthisnes,,4116,Anthisnes,4116,0.5,0.5,1,0,0,0,0,0,0.077148044,0.077148044,0.077148044,0.077148044,0.034086325,0.043565954,0.054659137,0.063533683,0.074626866,0.061113352,0.075837031,0.070794675,0.065752319,0.065147237,0.053448971,0.030859217,0.021581283,0.01956434,0.19,0.1145,0.3,0.2,0.1,0.055,0.0265,0.008,0.005,0.001,0.448164582,0.036506656,0.409035902,0.10629286
14,14,Antoing,,7507,Antoing,7507,0.5,0.5,1,0,0,0,0,0,0.077148044,0.077148044,0.077148044,0.077148044,0.034086325,0.043565954,0.054659137,0.063533683,0.074626866,0.061113352,0.075837031,0.070794675,0.065752319,0.065147237,0.053448971,0.030859217,0.021581283,0.01956434,0.19,0.1145,0.3,0.2,0.1,0.055,0.0265,0.008,0.005,0.001,0.448164582,0.036506656,0.409035902,0.10629286
15,15,Antwerpen,,459805,Antwerpen,459805,0.5,0.5,1,0,0,0,0,0,0.077148044,0.077148044,0.077148044,0.077148044,0.034086325,0.043565954,0.054659137,0.063533683,0.074626866,0.061113352,0.075837031,0.070794675,0.065752319,0.065147237,0.053448971,0.030859217,0.021581283,0.01956434,0.19,0.1145,0.3,0.2,0.1,0.055,0.0265,0.008,0.005,0.001,0.448164582,0.036506656,0.409035902,0.10629286
16,16,Anzegem,,13920,Anzegem,13920,0.5,0.5,1,0,0,0,0,0,0.077148044,0.077148044,0.077148044,0.077148044,0.034086325,0.043565954,0.054659137,0.063533683,0.074626866,0.061113352,0.075837031,0.070794675,0.065752319,0.065147237,0.053448971,0.030859217,0.021581283,0.01956434,0.19,0.1145,0.3,0.2,0.1,0.055,0.0265,0.008,0.005,0.001,0.448164582,0.036506656,0.409035902,0.10629286
17,17,Ardooie,,9161,Ardooie,9161,0.5,0.5,1,0,0,0,0,0,0.077148044,0.077148044,0.077148044,0.077148044,0.034086325,0.043565954,0.054659137,0.063533683,0.074626866,0.061113352,0.075837031,0.070794675,0.065752319,0.065147237,0.053448971,0.030859217,0.021581283,0.01956434,0.19,0.1145,0.3,0.2,0.1,0.055,0.0265,0.008,0.005,0.001,0.448164582,0.036506656,0.409035902,0.10629286
18,18,Arendonk,,12247,Arendonk,12247,0.5,0.5,1,0,0,0,0,0,0.077148044,0.077148044,0.077148044,0.077148044,0.034086325,0.043565954,0.054659137,0.063533683,0.074626866,0.061113352,0.075837031,0.070794675,0.065752319,0.065147237,0.053448971,0.030859217,0.021581283,0.01956434,0.19,0.1145,0.3,0.2,0.1,0.055,0.0265,0.008,0.005,0.001,0.448164582,0.036506656,0.409035902,0.10629286
19,19,Arlon,,26179,Arlon,26179,0.5,0.5,1,0,0,0,0,0,0.077148044,0.077148044,0.077148044,0.077148044,0.034086325,0.043565954,0.054659137,0.063533683,0.074626866,0.061113352,0.075837031,0.070794675,0.065752319,0.065147237,0.053448971,0.030859217,0.021581283,0.01956434,0.19,0.1145,0.3,0.2,0.1,0.055,0.0265,0.008,0.005,0.001,0.448164582,0.036506656,0.409035902,0.10629286
20,20,As,,7250,As,7250,0.5,0.5,1,0,0,0,0,0,0.077148044,0.077148044,0.077148044,0.077148044,0.034086325,0.043565954,0.054659137,0.063533683,0.074626866,0.061113352,0.075837031,0.070794675,0.065752319,0.065147237,0.053448971,0.030859217,0.021581283,0.01956434,0.19,0.1145,0.3,0.2,0.1,0.055,0.0265,0.008,0.005,0.001,0.448164582,0.036506656,0.409035902,0.10629286
21,21,Asse,,28985,Asse,28985,0.5,0.5,1,0,0,0,0,0,0.077148044,0.077148044,0.077148044,0.077148044,0.034086325,0.043565954,0.054659137,0.063533683,0.074626866,0.061113352,0.075837031,0.070794675,0.065752319,0.065147237,0.053448971,0.030859217,0.021581283,0.01956434,0.19,0.1145,0.3,0.2,0.1,0.055,0.0265,0.008,0.005,0.001,0.448164582,0.036506656,0.409035902,0.10629286
22,22,Assenede,,13495,Assenede,13495,0.5,0.5,1,0,0,0,0,0,0.077148044,0.077148044,0.077148044,0.077148044,0.034086325,0.043565954,0.054659137,0.063533683,0.074626866,0.061113352,0.075837031,0.070794675,0.065752319,0.065147237,0.053448971,0.030859217,0.021581283,0.01956434,0.19,0.1145,0.3,0.2,0.1,0.055,0.0265,0.008,0.005,0.001,0.448164582,0.036506656,0.409035902,0.10629286
23,23,Assesse,,6279,Assesse,6279,0.5,0.5,1,0,0,0,0,0,0.077148044,0.077148044,0.077148044,0.077148044,0.034086325,0.043565954,0.054659137,0.063533683,0.074626866,0.061113352,0.075837031,0.070794675,0.065752319,0.065147237,0.053448971,0.030859217,0.021581283,0.01956434,0.19,0.1145,0.3,0.2,0.1,0.055,0.0265,0.008,0.005,0.001,0.448164582,0.036506656,0.409035902,0.10629286
24,24,Ath,,26681,Ath,26681,0.5,0.5,1,0,0,0,0,0,0.077148044,0.077148044,0.077148044,0.077148044,0.034086325,0.043565954,0.054659137,0.063533683,0.074626866,0.061113352,0.075837031,0.070794675,0.065752319,0.065147237,0.053448971,0.030859217,0.021581283,0.01956434,0.19,0.1145,0.3,0.2,0.1,0.055,0.0265,0.008,0.005,0.001,0.448164582,0.036506656,0.409035902,0.10629286
25,25,Attert,,4491,Attert,4491,0.5,0.5,1,0,0,0,0,0,0.077148044,0.077148044,0.077148044,0.077148044,0.034086325,0.043565954,0.054659137,0.063533683,0.074626866,0.061113352,0.075837031,0.070794675,0.065752319,0.065147237,0.053448971,0.030859217,0.021581283,0.01956434,0.19,0.1145,0.3,0.2,0.1,0.055,0.0265,0.008,0.005,0.001,0.448164582,0.036506656,0.409035902,0.10629286
26,26,Aubange,,14932,Aubange,14932,0.5,0.5,1,0,0,0,0,0,0.077148044,0.077148044,0.077148044,0.077148044,0.034086325,0.043565954,0.054659137,0.063533683,0.074626866,0.061113352,0.075837031,0.070794675,0.065752319,0.065147237,0.053448971,0.030859217,0.021581283,0.01956434,0.19,0.1145,0.3,0.2,0.1,0.055,0.0265,0.008,0.005,0.001,0.448164582,0.036506656,0.409035902,0.10629286
27,27,Aubel,,4119,Aubel,4119,0.5,0.5,1,0,0,0,0,0,0.077148044,0.077148044,0.077148044,0.077148044,0.034086325,0.043565954,0.054659137,0.063533683,0.074626866,0.061113352,0.075837031,0.070794675,0.065752319,0.065147237,0.053448971,0.030859217,0.021581283,0.01956434,0.19,0.1145,0.3,0.2,0.1,0.055,0.0265,0.008,0.005,0.001,0.448164582,0.036506656,0.409035902,0.10629286
28,28,Avelgem,,9106,Avelgem,9106,0.5,0.5,1,0,0,0,0,0,0.077148044,0.077148044,0.077148044,0.077148044,0.034086325,0.043565954,0.054659137,0.063533683,0.074626866,0.061113352,0.075837031,0.070794675,0.065752319,0.065147237,0.053448971,0.030859217,0.021581283,0.01956434,0.19,0.1145,0.3,0.2,0.1,0.055,0.0265,0.008,0.005,0.001,0.448164582,0.036506656,0.409035902,0.10629286
29,29,Awans,,8612,Awans,8612,0.5,0.5,1,0,0,0,0,0,0.077148044,0.077148044,0.077148044,0.077148044,0.034086325,0.043565954,0.054659137,0.063533683,0.074626866,0.061113352,0.075837031,0.070794675,0.065752319,0.065147237,0.053448971,0.030859217,0.021581283,0.01956434,0.19,0.1145,0.3,0.2,0.1,0.055,0.0265,0.008,0.005,0.001,0.448164582,0.036506656,0.409035902,0.10629286
30,30,Aywaille,,10636,Aywaille,10636,0.5,0.5,1,0,0,0,0,0,0.077148044,0.077148044,0.077148044,0.077148044,0.034086325,0.043565954,0.054659137,0.063533683,0.074626866,0.061113352,0.075837031,0.070794675,0.065752319,0.065147237,0.053448971,0.030859217,0.021581283,0.01956434,0.19,0.1145,0.3,0.2,0.1,0.055,0.0265,0.008,0.005,0.001,0.448164582,0.036506656,0.409035902,0.10629286
31,31,Baarle-Hertog,,2305,Baarle-Hertog,2305,0.5,0.5,1,0,0,0,0,0,0.077148044,0.077148044,0.077148044,0.077148044,0.034086325,0.043565954,0.054659137,0.063533683,0.074626866,0.061113352,0.075837031,0.070794675,0.065752319,0.065147237,0.053448971,0.030859217,0.021581283,0.01956434,0.19,0.1145,0.3,0.2,0.1,0.055,0.0265,0.008,0.005,0.001,0.448164582,0.036506656,0.409035902,0.10629286
32,32,Baelen,,3928,Baelen,3928,0.5,0.5,1,0,0,0,0,0,0.077148044,0.077148044,0.077148044,0.077148044,0.034086325,0.043565954,0.054659137,0.063533683,0.074626866,0.061113352,0.075837031,0.070794675,0.065752319,0.065147237,0.053448971,0.030859217,0.021581283,0.01956434,0.19,0.1145,0.3,0.2,0.1,0.055,0.0265,0.008,0.005,0.001,0.448164582,0.036506656,0.409035902,0.10629286
33,33,Balen,,19978,Balen,19978,0.5,0.5,1,0,0,0,0,0,0.077148044,0.077148044,0.077148044,0.077148044,0.034086325,0.043565954,0.054659137,0.063533683,0.074626866,0.061113352,0.075837031,0.070794675,0.065752319,0.065147237,0.053448971,0.030859217,0.021581283,0.01956434,0.19,0.1145,0.3,0.2,0.1,0.055,0.0265,0.008,0.005,0.001,0.448164582,0.036506656,0.409035902,0.10629286
35,35,Bassenge,,8151,Bassenge,8151,0.5,0.5,1,0,0,0,0,0,0.077148044,0.077148044,0.077148044,0.077148044,0.034086325,0.043565954,0.054659137,0.063533683,0.074626866,0.061113352,0.075837031,0.070794675,0.065752319,0.065147237,0.053448971,0.030859217,0.021581283,0.01956434,0.19,0.1145,0.3,0.2,0.1,0.055,0.0265,0.008,0.005,0.001,0.448164582,0.036506656,0.409035902,0.10629286
36,36,Bastogne,,14395,Bastogne,14395,0.5,0.5,1,0,0,0,0,0,0.077148044,0.077148044,0.077148044,0.077148044,0.034086325,0.043565954,0.054659137,0.063533683,0.074626866,0.061113352,0.075837031,0.070794675,0.065752319,0.065147237,0.053448971,0.030859217,0.021581283,0.01956434,0.19,0.1145,0.3,0.2,0.1,0.055,0.0265,0.008,0.005,0.001,0.448164582,0.036506656,0.409035902,0.10629286
37,37,Beaumont,,6645,Beaumont,6645,0.5,0.5,1,0,0,0,0,0,0.077148044,0.077148044,0.077148044,0.077148044,0.034086325,0.043565954,0.054659137,0.063533683,0.074626866,0.061113352,0.075837031,0.070794675,0.065752319,0.065147237,0.053448971,0.030859217,0.021581283,0.01956434,0.19,0.1145,0.3,0.2,0.1,0.055,0.0265,0.008,0.005,0.001,0.448164582,0.036506656,0.409035902,0.10629286
38,38,Beauraing,,8242,Beauraing,8242,0.5,0.5,1,0,0,0,0,0,0.077148044,0.077148044,0.077148044,0.077148044,0.034086325,0.043565954,0.054659137,0.063533683,0.074626866,0.061113352,0.075837031,0.070794675,0.065752319,0.065147237,0.053448971,0.030859217,0.021581283,0.01956434,0.19,0.1145,0.3,0.2,0.1,0.055,0.0265,0.008,0.005,0.001,0.448164582,0.036506656,0.409035902,0.10629286
39,39,Beauvechain,,6334,Beauvechain,6334,0.5,0.5,1,0,0,0,0,0,0.077148044,0.077148044,0.077148044,0.077148044,0.034086325,0.043565954,0.054659137,0.063533683,0.074626866,0.061113352,0.075837031,0.070794675,0.065752319,0.065147237,0.053448971,0.030859217,0.021581283,0.01956434,0.19,0.1145,0.3,0.2,0.1,0.055,0.0265,0.008,0.005,0.001,0.448164582,0.036506656,0.409035902,0.10629286
40,40,Beernem,,14512,Beernem,14512,0.5,0.5,1,0,0,0,0,0,0.077148044,0.077148044,0.077148044,0.077148044,0.034086325,0.043565954,0.054659137,0.063533683,0.074626866,0.061113352,0.075837031,0.070794675,0.065752319,0.065147237,0.053448971,0.030859217,0.021581283,0.01956434,0.19,0.1145,0.3,0.2,0.1,0.055,0.0265,0.008,0.005,0.001,0.448164582,0.036506656,0.409035902,0.10629286
41,41,Beerse,,16208,Beerse,16208,0.5,0.5,1,0,0,0,0,0,0.077148044,0.077148044,0.077148044,0.077148044,0.034086325,0.043565954,0.054659137,0.063533683,0.074626866,0.061113352,0.075837031,0.070794675,0.065752319,0.065147237,0.053448971,0.030859217,0.021581283,0.01956434,0.19,0.1145,0.3,0.2,0.1,0.055,0.0265,0.008,0.005,0.001,0.448164582,0.036506656,0.409035902,0.10629286
42,42,Beersel,,23228,Beersel,23228,0.5,0.5,1,0,0,0,0,0,0.077148044,0.077148044,0.077148044,0.077148044,0.034086325,0.043565954,0.054659137,0.063533683,0.074626866,0.061113352,0.075837031,0.070794675,0.065752319,0.065147237,0.053448971,0.030859217,0.021581283,0.01956434,0.19,0.1145,0.3,0.2,0.1,0.055,0.0265,0.008,0.005,0.001,0.448164582,0.036506656,0.409035902,0.10629286
43,43,Begijnendijk,,9178,Begijnendijk,9178,0.5,0.5,1,0,0,0,0,0,0.077148044,0.077148044,0.077148044,0.077148044,0.034086325,0.043565954,0.054659137,0.063533683,0.074626866,0.061113352,0.075837031,0.070794675,0.065752319,0.065147237,0.053448971,0.030859217,0.021581283,0.01956434,0.19,0.1145,0.3,0.2,0.1,0.055,0.0265,0.008,0.005,0.001,0.448164582,0.036506656,0.409035902,0.10629286
44,44,Bekkevoort,,5714,Bekkevoort,5714,0.5,0.5,1,0,0,0,0,0,0.077148044,0.077148044,0.077148044,0.077148044,0.034086325,0.043565954,0.054659137,0.063533683,0.074626866,0.061113352,0.075837031,0.070794675,0.065752319,0.065147237,0.053448971,0.030859217,0.021581283,0.01956434,0.19,0.1145,0.3,0.2,0.1,0.055,0.0265,0.008,0.005,0.001,0.448164582,0.036506656,0.409035902,0.10629286
45,45,Beloeil,,13405,Beloeil,13405,0.5,0.5,1,0,0,0,0,0,0.077148044,0.077148044,0.077148044,0.077148044,0.034086325,0.043565954,0.054659137,0.063533683,0.074626866,0.061113352,0.075837031,0.070794675,0.065752319,0.065147237,0.053448971,0.030859217,0.021581283,0.01956434,0.19,0.1145,0.3,0.2,0.1,0.055,0.0265,0.008,0.005,0.001,0.448164582,0.036506656,0.409035902,0.10629286
46,46,Beringen,,40930,Beringen,40930,0.5,0.5,1,0,0,0,0,0,0.077148044,0.077148044,0.077148044,0.077148044,0.034086325,0.043565954,0.054659137,0.063533683,0.074626866,0.061113352,0.075837031,0.070794675,0.065752319,0.065147237,0.053448971,0.030859217,0.021581283,0.01956434,0.19,0.1145,0.3,0.2,0.1,0.055,0.0265,0.008,0.005,0.001,0.448164582,0.036506656,0.409035902,0.10629286
47,47,Berlaar,,10370,Berlaar,10370,0.5,0.5,1,0,0,0,0,0,0.077148044,0.077148044,0.077148044,0.077148044,0.034086325,0.043565954,0.054659137,0.063533683,0.074626866,0.061113352,0.075837031,0.070794675,0.065752319,0.065147237,0.053448971,0.030859217,0.021581283,0.01956434,0.19,0.1145,0.3,0.2,0.1,0.055,0.0265,0.008,0.005,0.001,0.448164582,0.036506656,0.409035902,0.10629286
48,48,Berlare,,13853,Berlare,13853,0.5,0.5,1,0,0,0,0,0,0.077148044,0.077148044,0.077148044,0.077148044,0.034086325,0.043565954,0.054659137,0.063533683,0.074626866,0.061113352,0.075837031,0.070794675,0.065752319,0.065147237,0.053448971,0.030859217,0.021581283,0.01956434,0.19,0.1145,0.3,0.2,0.1,0.055,0.0265,0.008,0.005,0.001,0.448164582,0.036506656,0.409035902,0.10629286
49,49,Berloz,,2770,Berloz,2770,0.5,0.5,1,0,0,0,0,0,0.077148044,0.077148044,0.077148044,0.077148044,0.034086325,0.043565954,0.054659137,0.063533683,0.074626866,0.061113352,0.075837031,0.070794675,0.065752319,0.065147237,0.053448971,0.030859217,0.021581283,0.01956434,0.19,0.1145,0.3,0.2,0.1,0.055,0.0265,0.008,0.005,0.001,0.448164582,0.036506656,0.409035902,0.10629286
50,50,Bernissart,,11588,Bernissart,11588,0.5,0.5,1,0,0,0,0,0,0.077148044,0.077148044,0.077148044,0.077148044,0.034086325,0.043565954,0.054659137,0.063533683,0.074626866,0.061113352,0.075837031,0.070794675,0.065752319,0.065147237,0.053448971,0.030859217,0.021581283,0.01956434,0.19,0.1145,0.3,0.2,0.1,0.055,0.0265,0.008,0.005,0.001,0.448164582,0.036506656,0.409035902,0.10629286
51,51,Bertem,,9215,Bertem,9215,0.5,0.5,1,0,0,0,0,0,0.077148044,0.077148044,0.077148044,0.077148044,0.034086325,0.043565954,0.054659137,0.063533683,0.074626866,0.061113352,0.075837031,0.070794675,0.065752319,0.065147237,0.053448971,0.030859217,0.021581283,0.01956434,0.19,0.1145,0.3,0.2,0.1,0.055,0.0265,0.008,0.005,0.001,0.448164582,0.036506656,0.409035902,0.10629286
52,52,Bertogne,,2852,Bertogne,2852,0.5,0.5,1,0,0,0,0,0,0.077148044,0.077148044,0.077148044,0.077148044,0.034086325,0.043565954,0.054659137,0.063533683,0.074626866,0.061113352,0.075837031,0.070794675,0.065752319,0.065147237,0.053448971,0.030859217,0.021581283,0.01956434,0.19,0.1145,0.3,0.2,0.1,0.055,0.0265,0.008,0.005,0.001,0.448164582,0.036506656,0.409035902,0.10629286
53,53,Bertrix,,8063,Bertrix,8063,0.5,0.5,1,0,0,0,0,0,0.077148044,0.077148044,0.077148044,0.077148044,0.034086325,0.043565954,0.054659137,0.063533683,0.074626866,0.061113352,0.075837031,0.070794675,0.065752319,0.065147237,0.053448971,0.030859217,0.021581283,0.01956434,0.19,0.1145,0.3,0.2,0.1,0.055,0.0265,0.008,0.005,0.001,0.448164582,0.036506656,0.409035902,0.10629286
54,54,Bever,,1932,Bever,1932,0.5,0.5,1,0,0,0,0,0,0.077148044,0.077148044,0.077148044,0.077148044,0.034086325,0.043565954,0.054659137,0.063533683,0.074626866,0.061113352,0.075837031,0.070794675,0.065752319,0.065147237,0.053448971,0.030859217,0.021581283,0.01956434,0.19,0.1145,0.3,0.2,0.1,0.055,0.0265,0.008,0.005,0.001,0.448164582,0.036506656,0.409035902,0.10629286
55,55,Beveren,,45179,Beveren,45179,0.5,0.5,1,0,0,0,0,0,0.077148044,0.077148044,0.077148044,0.077148044,0.034086325,0.043565954,0.054659137,0.063533683,0.074626866,0.061113352,0.075837031,0.070794675,0.065752319,0.065147237,0.053448971,0.030859217,0.021581283,0.01956434,0.19,0.1145,0.3,0.2,0.1,0.055,0.0265,0.008,0.005,0.001,0.448164582,0.036506656,0.409035902,0.10629286
56,56,Beyne-Heusay,,11608,Beyne-Heusay,11608,0.5,0.5,1,0,0,0,0,0,0.077148044,0.077148044,0.077148044,0.077148044,0.034086325,0.043565954,0.054659137,0.063533683,0.074626866,0.061113352,0.075837031,0.070794675,0.065752319,0.065147237,0.053448971,0.030859217,0.021581283,0.01956434,0.19,0.1145,0.3,0.2,0.1,0.055,0.0265,0.008,0.005,0.001,0.448164582,0.036506656,0.409035902,0.10629286
57,57,Bierbeek,,8994,Bierbeek,8994,0.5,0.5,1,0,0,0,0,0,0.077148044,0.077148044,0.077148044,0.077148044,0.034086325,0.043565954,0.054659137,0.063533683,0.074626866,0.061113352,0.075837031,0.070794675,0.065752319,0.065147237,0.053448971,0.030859217,0.021581283,0.01956434,0.19,0.1145,0.3,0.2,0.1,0.055,0.0265,0.008,0.005,0.001,0.448164582,0.036506656,0.409035902,0.10629286
58,58,Bilzen,,29622,Bilzen,29622,0.5,0.5,1,0,0,0,0,0,0.077148044,0.077148044,0.077148044,0.077148044,0.034086325,0.043565954,0.054659137,0.063533683,0.074626866,0.061113352,0.075837031,0.070794675,0.065752319,0.065147237,0.053448971,0.030859217,0.021581283,0.01956434,0.19,0.1145,0.3,0.2,0.1,0.055,0.0265,0.008,0.005,0.001,0.448164582,0.036506656,0.409035902,0.10629286
59,59,Binche,,32030,Binche,32030,0.5,0.5,1,0,0,0,0,0,0.077148044,0.077148044,0.077148044,0.077148044,0.034086325,0.043565954,0.054659137,0.063533683,0.074626866,0.061113352,0.075837031,0.070794675,0.065752319,0.065147237,0.053448971,0.030859217,0.021581283,0.01956434,0.19,0.1145,0.3,0.2,0.1,0.055,0.0265,0.008,0.005,0.001,0.448164582,0.036506656,0.409035902,0.10629286
60,60,Bièvre,,3207,Bièvre,3207,0.5,0.5,1,0,0,0,0,0,0.077148044,0.077148044,0.077148044,0.077148044,0.034086325,0.043565954,0.054659137,0.063533683,0.074626866,0.061113352,0.075837031,0.070794675,0.065752319,0.065147237,0.053448971,0.030859217,0.021581283,0.01956434,0.19,0.1145,0.3,0.2,0.1,0.055,0.0265,0.008,0.005,0.001,0.448164582,0.036506656,0.409035902,0.10629286
61,61,Blankenberge,,18230,Blankenberge,18230,0.5,0.5,1,0,0,0,0,0,0.077148044,0.077148044,0.077148044,0.077148044,0.034086325,0.043565954,0.054659137,0.063533683,0.074626866,0.061113352,0.075837031,0.070794675,0.065752319,0.065147237,0.053448971,0.030859217,0.021581283,0.01956434,0.19,0.1145,0.3,0.2,0.1,0.055,0.0265,0.008,0.005,0.001,0.448164582,0.036506656,0.409035902,0.10629286
62,62,Blégny,,12745,Blégny,12745,0.5,0.5,1,0,0,0,0,0,0.077148044,0.077148044,0.077148044,0.077148044,0.034086325,0.043565954,0.054659137,0.063533683,0.074626866,0.061113352,0.075837031,0.070794675,0.065752319,0.065147237,0.053448971,0.030859217,0.021581283,0.01956434,0.19,0.1145,0.3,0.2,0.1,0.055,0.0265,0.008,0.005,0.001,0.448164582,0.036506656,0.409035902,0.10629286
63,63,Bocholt,,12346,Bocholt,12346,0.5,0.5,1,0,0,0,0,0,0.077148044,0.077148044,0.077148044,0.077148044,0.034086325,0.043565954,0.054659137,0.063533683,0.074626866,0.061113352,0.075837031,0.070794675,0.065752319,0.065147237,0.053448971,0.030859217,0.021581283,0.01956434,0.19,0.1145,0.3,0.2,0.1,0.055,0.0265,0.008,0.005,0.001,0.448164582,0.036506656,0.409035902,0.10629286
64,64,Boechout,,12145,Boechout,12145,0.5,0.5,1,0,0,0,0,0,0.077148044,0.077148044,0.077148044,0.077148044,0.034086325,0.043565954,0.054659137,0.063533683,0.074626866,0.061113352,0.075837031,0.070794675,0.065752319,0.065147237,0.053448971,0.030859217,0.021581283,0.01956434,0.19,0.1145,0.3,0.2,0.1,0.055,0.0265,0.008,0.005,0.001,0.448164582,0.036506656,0.409035902,0.10629286
65,65,Bonheiden,,14260,Bonheiden,14260,0.5,0.5,1,0,0,0,0,0,0.077148044,0.077148044,0.077148044,0.077148044,0.034086325,0.043565954,0.054659137,0.063533683,0.074626866,0.061113352,0.075837031,0.070794675,0.065752319,0.065147237,0.053448971,0.030859217,0.021581283,0.01956434,0.19,0.1145,0.3,0.2,0.1,0.055,0.0265,0.008,0.005,0.001,0.448164582,0.036506656,0.409035902,0.10629286
66,66,Boom,,15810,Boom,15810,0.5,0.5,1,0,0,0,0,0,0.077148044,0.077148044,0.077148044,0.077148044,0.034086325,0.043565954,0.054659137,0.063533683,0.074626866,0.061113352,0.075837031,0.070794675,0.065752319,0.065147237,0.053448971,0.030859217,0.021581283,0.01956434,0.19,0.1145,0.3,0.2,0.1,0.055,0.0265,0.008,0.005,0.001,0.448164582,0.036506656,0.409035902,0.10629286
67,67,Boortmeerbeek,,11570,Boortmeerbeek,11570,0.5,0.5,1,0,0,0,0,0,0.077148044,0.077148044,0.077148044,0.077148044,0.034086325,0.043565954,0.054659137,0.063533683,0.074626866,0.061113352,0.075837031,0.070794675,0.065752319,0.065147237,0.053448971,0.030859217,0.021581283,0.01956434,0.19,0.1145,0.3,0.2,0.1,0.055,0.0265,0.008,0.005,0.001,0.448164582,0.036506656,0.409035902,0.10629286
68,68,Borgloon,,9955,Borgloon,9955,0.5,0.5,1,0,0,0,0,0,0.077148044,0.077148044,0.077148044,0.077148044,0.034086325,0.043565954,0.054659137,0.063533683,0.074626866,0.061113352,0.075837031,0.070794675,0.065752319,0.065147237,0.053448971,0.030859217,0.021581283,0.01956434,0.19,0.1145,0.3,0.2,0.1,0.055,0.0265,0.008,0.005,0.001,0.448164582,0.036506656,0.409035902,0.10629286
69,69,Bornem,,19997,Bornem,19997,0.5,0.5,1,0,0,0,0,0,0.077148044,0.077148044,0.077148044,0.077148044,0.034086325,0.043565954,0.054659137,0.063533683,0.074626866,0.061113352,0.075837031,0.070794675,0.065752319,0.065147237,0.053448971,0.030859217,0.021581283,0.01956434,0.19,0.1145,0.3,0.2,0.1,0.055,0.0265,0.008,0.005,0.001,0.448164582,0.036506656,0.409035902,0.10629286
70,70,Borsbeek,,10334,Borsbeek,10334,0.5,0.5,1,0,0,0,0,0,0.077148044,0.077148044,0.077148044,0.077148044,0.034086325,0.043565954,0.054659137,0.063533683,0.074626866,0.061113352,0.075837031,0.070794675,0.065752319,0.065147237,0.053448971,0.030859217,0.021581283,0.01956434,0.19,0.1145,0.3,0.2,0.1,0.055,0.0265,0.008,0.005,0.001,0.448164582,0.036506656,0.409035902,0.10629286
71,71,Bouillon,,5347,Bouillon,5347,0.5,0.5,1,0,0,0,0,0,0.077148044,0.077148044,0.077148044,0.077148044,0.034086325,0.043565954,0.054659137,0.063533683,0.074626866,0.061113352,0.075837031,0.070794675,0.065752319,0.065147237,0.053448971,0.030859217,0.021581283,0.01956434,0.19,0.1145,0.3,0.2,0.1,0.055,0.0265,0.008,0.005,0.001,0.448164582,0.036506656,0.409035902,0.10629286
72,72,Boussu,,20058,Boussu,20058,0.5,0.5,1,0,0,0,0,0,0.077148044,0.077148044,0.077148044,0.077148044,0.034086325,0.043565954,0.054659137,0.063533683,0.074626866,0.061113352,0.075837031,0.070794675,0.065752319,0.065147237,0.053448971,0.030859217,0.021581283,0.01956434,0.19,0.1145,0.3,0.2,0.1,0.055,0.0265,0.008,0.005,0.001,0.448164582,0.036506656,0.409035902,0.10629286
73,73,Boutersem,,7702,Boutersem,7702,0.5,0.5,1,0,0,0,0,0,0.077148044,0.077148044,0.077148044,0.077148044,0.034086325,0.043565954,0.054659137,0.063533683,0.074626866,0.061113352,0.075837031,0.070794675,0.065752319,0.065147237,0.053448971,0.030859217,0.021581283,0.01956434,0.19,0.1145,0.3,0.2,0.1,0.055,0.0265,0.008,0.005,0.001,0.448164582,0.036506656,0.409035902,0.10629286
77,77,Braives,,5672,Braives,5672,0.5,0.5,1,0,0,0,0,0,0.077148044,0.077148044,0.077148044,0.077148044,0.034086325,0.043565954,0.054659137,0.063533683,0.074626866,0.061113352,0.075837031,0.070794675,0.065752319,0.065147237,0.053448971,0.030859217,0.021581283,0.01956434,0.19,0.1145,0.3,0.2,0.1,0.055,0.0265,0.008,0.005,0.001,0.448164582,0.036506656,0.409035902,0.10629286
78,78,Brasschaat,,37040,Brasschaat,37040,0.5,0.5,1,0,0,0,0,0,0.077148044,0.077148044,0.077148044,0.077148044,0.034086325,0.043565954,0.054659137,0.063533683,0.074626866,0.061113352,0.075837031,0.070794675,0.065752319,0.065147237,0.053448971,0.030859217,0.021581283,0.01956434,0.19,0.1145,0.3,0.2,0.1,0.055,0.0265,0.008,0.005,0.001,0.448164582,0.036506656,0.409035902,0.10629286
79,79,Brecht,,25908,Brecht,25908,0.5,0.5,1,0,0,0,0,0,0.077148044,0.077148044,0.077148044,0.077148044,0.034086325,0.043565954,0.054659137,0.063533683,0.074626866,0.061113352,0.075837031,0.070794675,0.065752319,0.065147237,0.053448971,0.030859217,0.021581283,0.01956434,0.19,0.1145,0.3,0.2,0.1,0.055,0.0265,0.008,0.005,0.001,0.448164582,0.036506656,0.409035902,0.10629286
80,80,Bredene,,14862,Bredene,14862,0.5,0.5,1,0,0,0,0,0,0.077148044,0.077148044,0.077148044,0.077148044,0.034086325,0.043565954,0.054659137,0.063533683,0.074626866,0.061113352,0.075837031,0.070794675,0.065752319,0.065147237,0.053448971,0.030859217,0.021581283,0.01956434,0.19,0.1145,0.3,0.2,0.1,0.055,0.0265,0.008,0.005,0.001,0.448164582,0.036506656,0.409035902,0.10629286
81,81,Bree,,14363,Bree,14363,0.5,0.5,1,0,0,0,0,0,0.077148044,0.077148044,0.077148044,0.077148044,0.034086325,0.043565954,0.054659137,0.063533683,0.074626866,0.061113352,0.075837031,0.070794675,0.065752319,0.065147237,0.053448971,0.030859217,0.021581283,0.01956434,0.19,0.1145,0.3,0.2,0.1,0.055,0.0265,0.008,0.005,0.001,0.448164582,0.036506656,0.409035902,0.10629286
82,82,Brugelette,,3358,Brugelette,3358,0.5,0.5,1,0,0,0,0,0,0.077148044,0.077148044,0.077148044,0.077148044,0.034086325,0.043565954,0.054659137,0.063533683,0.074626866,0.061113352,0.075837031,0.070794675,0.065752319,0.065147237,0.053448971,0.030859217,0.021581283,0.01956434,0.19,0.1145,0.3,0.2,0.1,0.055,0.0265,0.008,0.005,0.001,0.448164582,0.036506656,0.409035902,0.10629286
83,83,Brugge,,116709,Brugge,116709,0.5,0.5,1,0,0,0,0,0,0.077148044,0.077148044,0.077148044,0.077148044,0.034086325,0.043565954,0.054659137,0.063533683,0.074626866,0.061113352,0.075837031,0.070794675,0.065752319,0.065147237,0.053448971,0.030859217,0.021581283,0.01956434,0.19,0.1145,0.3,0.2,0.1,0.055,0.0265,0.008,0.005,0.001,0.448164582,0.036506656,0.409035902,0.10629286
86,86,Buggenhout,,13510,Buggenhout,13510,0.5,0.5,1,0,0,0,0,0,0.077148044,0.077148044,0.077148044,0.077148044,0.034086325,0.043565954,0.054659137,0.063533683,0.074626866,0.061113352,0.075837031,0.070794675,0.065752319,0.065147237,0.053448971,0.030859217,0.021581283,0.01956434,0.19,0.1145,0.3,0.2,0.1,0.055,0.0265,0.008,0.005,0.001,0.448164582,0.036506656,0.409035902,0.10629286
87,87,Bullange,,5340,Bullange,5340,0.5,0.5,1,0,0,0,0,0,0.077148044,0.077148044,0.077148044,0.077148044,0.034086325,0.043565954,0.054659137,0.063533683,0.074626866,0.061113352,0.075837031,0.070794675,0.065752319,0.065147237,0.053448971,0.030859217,0.021581283,0.01956434,0.19,0.1145,0.3,0.2,0.1,0.055,0.0265,0.008,0.005,0.001,0.448164582,0.036506656,0.409035902,0.10629286
88,88,Burdinne,,2799,Burdinne,2799,0.5,0.5,1,0,0,0,0,0,0.077148044,0.077148044,0.077148044,0.077148044,0.034086325,0.043565954,0.054659137,0.063533683,0.074626866,0.061113352,0.075837031,0.070794675,0.065752319,0.065147237,0.053448971,0.030859217,0.021581283,0.01956434,0.19,0.1145,0.3,0.2,0.1,0.055,0.0265,0.008,0.005,0.001,0.448164582,0.036506656,0.409035902,0.10629286
89,89,Butgenbach,,5516,Butgenbach,5516,0.5,0.5,1,0,0,0,0,0,0.077148044,0.077148044,0.077148044,0.077148044,0.034086325,0.043565954,0.054659137,0.063533683,0.074626866,0.061113352,0.075837031,0.070794675,0.065752319,0.065147237,0.053448971,0.030859217,0.021581283,0.01956434,0.19,0.1145,0.3,0.2,0.1,0.055,0.0265,0.008,0.005,0.001,0.448164582,0.036506656,0.409035902,0.10629286
90,90,Celles,,5471,Celles,5471,0.5,0.5,1,0,0,0,0,0,0.077148044,0.077148044,0.077148044,0.077148044,0.034086325,0.043565954,0.054659137,0.063533683,0.074626866,0.061113352,0.075837031,0.070794675,0.065752319,0.065147237,0.053448971,0.030859217,0.021581283,0.01956434,0.19,0.1145,0.3,0.2,0.1,0.055,0.0265,0.008,0.005,0.001,0.448164582,0.036506656,0.409035902,0.10629286
91,91,Cerfontaine,,4500,Cerfontaine,4500,0.5,0.5,1,0,0,0,0,0,0.077148044,0.077148044,0.077148044,0.077148044,0.034086325,0.043565954,0.054659137,0.063533683,0.074626866,0.061113352,0.075837031,0.070794675,0.065752319,0.065147237,0.053448971,0.030859217,0.021581283,0.01956434,0.19,0.1145,0.3,0.2,0.1,0.055,0.0265,0.008,0.005,0.001,0.448164582,0.036506656,0.409035902,0.10629286
93,93,Charleroi,,200132,Charleroi,200132,0.5,0.5,1,0,0,0,0,0,0.077148044,0.077148044,0.077148044,0.077148044,0.034086325,0.043565954,0.054659137,0.063533683,0.074626866,0.061113352,0.075837031,0.070794675,0.065752319,0.065147237,0.053448971,0.030859217,0.021581283,0.01956434,0.19,0.1145,0.3,0.2,0.1,0.055,0.0265,0.008,0.005,0.001,0.448164582,0.036506656,0.409035902,0.10629286
95,95,Chastre,,0,Chastre,0,0.5,0.5,1,0,0,0,0,0,0.077148044,0.077148044,0.077148044,0.077148044,0.034086325,0.043565954,0.054659137,0.063533683,0.074626866,0.061113352,0.075837031,0.070794675,0.065752319,0.065147237,0.053448971,0.030859217,0.021581283,0.01956434,0.19,0.1145,0.3,0.2,0.1,0.055,0.0265,0.008,0.005,0.001,0.448164582,0.036506656,0.409035902,0.10629286
96,96,Chastre-Villeroux-Blanmont,,6243,Chastre-Villeroux-Blanmont,6243,0.5,0.5,1,0,0,0,0,0,0.077148044,0.077148044,0.077148044,0.077148044,0.034086325,0.043565954,0.054659137,0.063533683,0.074626866,0.061113352,0.075837031,0.070794675,0.065752319,0.065147237,0.053448971,0.030859217,0.021581283,0.01956434,0.19,0.1145,0.3,0.2,0.1,0.055,0.0265,0.008,0.005,0.001,0.448164582,0.036506656,0.409035902,0.10629286
97,97,Chaudfontaine,,20960,Chaudfontaine,20960,0.5,0.5,1,0,0,0,0,0,0.077148044,0.077148044,0.077148044,0.077148044,0.034086325,0.043565954,0.054659137,0.063533683,0.074626866,0.061113352,0.075837031,0.070794675,0.065752319,0.065147237,0.053448971,0.030859217,0.021581283,0.01956434,0.19,0.1145,0.3,0.2,0.1,0.055,0.0265,0.008,0.005,0.001,0.448164582,0.036506656,0.409035902,0.10629286
98,98,Chaumont-Gistoux,,10943,Chaumont-Gistoux,10943,0.5,0.5,1,0,0,0,0,0,0.077148044,0.077148044,0.077148044,0.077148044,0.034086325,0.043565954,0.054659137,0.063533683,0.074626866,0.061113352,0.075837031,0.070794675,0.065752319,0.065147237,0.053448971,0.030859217,0.021581283,0.01956434,0.19,0.1145,0.3,0.2,0.1,0.055,0.0265,0.008,0.005,0.001,0.448164582,0.036506656,0.409035902,0.10629286
99,99,Chimay,,9720,Chimay,9720,0.5,0.5,1,0,0,0,0,0,0.077148044,0.077148044,0.077148044,0.077148044,0.034086325,0.043565954,0.054659137,0.063533683,0.074626866,0.061113352,0.075837031,0.070794675,0.065752319,0.065147237,0.053448971,0.030859217,0.021581283,0.01956434,0.19,0.1145,0.3,0.2,0.1,0.055,0.0265,0.008,0.005,0.001,0.448164582,0.036506656,0.409035902,0.10629286
100,100,Chiny,,4897,Chiny,4897,0.5,0.5,1,0,0,0,0,0,0.077148044,0.077148044,0.077148044,0.077148044,0.034086325,0.043565954,0.054659137,0.063533683,0.074626866,0.061113352,0.075837031,0.070794675,0.065752319,0.065147237,0.053448971,0.030859217,0.021581283,0.01956434,0.19,0.1145,0.3,0.2,0.1,0.055,0.0265,0.008,0.005,0.001,0.448164582,0.036506656,0.409035902,0.10629286
101,101,Chièvres,,6045,Chièvres,6045,0.5,0.5,1,0,0,0,0,0,0.077148044,0.077148044,0.077148044,0.077148044,0.034086325,0.043565954,0.054659137,0.063533683,0.074626866,0.061113352,0.075837031,0.070794675,0.065752319,0.065147237,0.053448971,0.030859217,0.021581283,0.01956434,0.19,0.1145,0.3,0.2,0.1,0.055,0.0265,0.008,0.005,0.001,0.448164582,0.036506656,0.409035902,0.10629286
102,102,Châtelet,,35238,Châtelet,35238,0.5,0.5,1,0,0,0,0,0,0.077148044,0.077148044,0.077148044,0.077148044,0.034086325,0.043565954,0.054659137,0.063533683,0.074626866,0.061113352,0.075837031,0.070794675,0.065752319,0.065147237,0.053448971,0.030859217,0.021581283,0.01956434,0.19,0.1145,0.3,0.2,0.1,0.055,0.0265,0.008,0.005,0.001,0.448164582,0.036506656,0.409035902,0.10629286
103,103,Ciney,,14830,Ciney,14830,0.5,0.5,1,0,0,0,0,0,0.077148044,0.077148044,0.077148044,0.077148044,0.034086325,0.043565954,0.054659137,0.063533683,0.074626866,0.061113352,0.075837031,0.070794675,0.065752319,0.065147237,0.053448971,0.030859217,0.021581283,0.01956434,0.19,0.1145,0.3,0.2,0.1,0.055,0.0265,0.008,0.005,0.001,0.448164582,0.036506656,0.409035902,0.10629286
104,104,Clavier,,4092,Clavier,4092,0.5,0.5,1,0,0,0,0,0,0.077148044,0.077148044,0.077148044,0.077148044,0.034086325,0.043565954,0.054659137,0.063533683,0.074626866,0.061113352,0.075837031,0.070794675,0.065752319,0.065147237,0.053448971,0.030859217,0.021581283,0.01956434,0.19,0.1145,0.3,0.2,0.1,0.055,0.0265,0.008,0.005,0.001,0.448164582,0.036506656,0.409035902,0.10629286
105,105,Colfontaine,,19964,Colfontaine,19964,0.5,0.5,1,0,0,0,0,0,0.077148044,0.077148044,0.077148044,0.077148044,0.034086325,0.043565954,0.054659137,0.063533683,0.074626866,0.061113352,0.075837031,0.070794675,0.065752319,0.065147237,0.053448971,0.030859217,0.021581283,0.01956434,0.19,0.1145,0.3,0.2,0.1,0.055,0.0265,0.008,0.005,0.001,0.448164582,0.036506656,0.409035902,0.10629286
107,107,Cortil-Wodon,,930,Cortil-Wodon,930,0.5,0.5,1,0,0,0,0,0,0.077148044,0.077148044,0.077148044,0.077148044,0.034086325,0.043565954,0.054659137,0.063533683,0.074626866,0.061113352,0.075837031,0.070794675,0.065752319,0.065147237,0.053448971,0.030859217,0.021581283,0.01956434,0.19,0.1145,0.3,0.2,0.1,0.055,0.0265,0.008,0.005,0.001,0.448164582,0.036506656,0.409035902,0.10629286
108,108,Courcelles,,29473,Courcelles,29473,0.5,0.5,1,0,0,0,0,0,0.077148044,0.077148044,0.077148044,0.077148044,0.034086325,0.043565954,0.054659137,0.063533683,0.074626866,0.061113352,0.075837031,0.070794675,0.065752319,0.065147237,0.053448971,0.030859217,0.021581283,0.01956434,0.19,0.1145,0.3,0.2,0.1,0.055,0.0265,0.008,0.005,0.001,0.448164582,0.036506656,0.409035902,0.10629286
109,109,Court-Saint-Etienne,,9353,Court-Saint-Etienne,9353,0.5,0.5,1,0,0,0,0,0,0.077148044,0.077148044,0.077148044,0.077148044,0.034086325,0.043565954,0.054659137,0.063533683,0.074626866,0.061113352,0.075837031,0.070794675,0.065752319,0.065147237,0.053448971,0.030859217,0.021581283,0.01956434,0.19,0.1145,0.3,0.2,0.1,0.055,0.0265,0.008,0.005,0.001,0.448164582,0.036506656,0.409035902,0.10629286
110,110,Couvin,,13518,Couvin,13518,0.5,0.5,1,0,0,0,0,0,0.077148044,0.077148044,0.077148044,0.077148044,0.034086325,0.043565954,0.054659137,0.063533683,0.074626866,0.061113352,0.075837031,0.070794675,0.065752319,0.065147237,0.053448971,0.030859217,0.021581283,0.01956434,0.19,0.1145,0.3,0.2,0.1,0.055,0.0265,0.008,0.005,0.001,0.448164582,0.036506656,0.409035902,0.10629286
111,111,Crisnée,,2587,Crisnée,2587,0.5,0.5,1,0,0,0,0,0,0.077148044,0.077148044,0.077148044,0.077148044,0.034086325,0.043565954,0.054659137,0.063533683,0.074626866,0.061113352,0.075837031,0.070794675,0.065752319,0.065147237,0.053448971,0.030859217,0.021581283,0.01956434,0.19,0.1145,0.3,0.2,0.1,0.055,0.0265,0.008,0.005,0.001,0.448164582,0.036506656,0.409035902,0.10629286
112,112,Dalhem,,6391,Dalhem,6391,0.5,0.5,1,0,0,0,0,0,0.077148044,0.077148044,0.077148044,0.077148044,0.034086325,0.043565954,0.054659137,0.063533683,0.074626866,0.061113352,0.075837031,0.070794675,0.065752319,0.065147237,0.053448971,0.030859217,0.021581283,0.01956434,0.19,0.1145,0.3,0.2,0.1,0.055,0.0265,0.008,0.005,0.001,0.448164582,0.036506656,0.409035902,0.10629286
113,113,Damme,,10924,Damme,10924,0.5,0.5,1,0,0,0,0,0,0.077148044,0.077148044,0.077148044,0.077148044,0.034086325,0.043565954,0.054659137,0.063533683,0.074626866,0.061113352,0.075837031,0.070794675,0.065752319,0.065147237,0.053448971,0.030859217,0.021581283,0.01956434,0.19,0.1145,0.3,0.2,0.1,0.055,0.0265,0.008,0.005,0.001,0.448164582,0.036506656,0.409035902,0.10629286
114,114,Daverdisse,,1299,Daverdisse,1299,0.5,0.5,1,0,0,0,0,0,0.077148044,0.077148044,0.077148044,0.077148044,0.034086325,0.043565954,0.054659137,0.063533683,0.074626866,0.061113352,0.075837031,0.070794675,0.065752319,0.065147237,0.053448971,0.030859217,0.021581283,0.01956434,0.19,0.1145,0.3,0.2,0.1,0.055,0.0265,0.008,0.005,0.001,0.448164582,0.036506656,0.409035902,0.10629286
115,115,De Haan,,11766,De Haan,11766,0.5,0.5,1,0,0,0,0,0,0.077148044,0.077148044,0.077148044,0.077148044,0.034086325,0.043565954,0.054659137,0.063533683,0.074626866,0.061113352,0.075837031,0.070794675,0.065752319,0.065147237,0.053448971,0.030859217,0.021581283,0.01956434,0.19,0.1145,0.3,0.2,0.1,0.055,0.0265,0.008,0.005,0.001,0.448164582,0.036506656,0.409035902,0.10629286
116,116,De Panne,,9799,De Panne,9799,0.5,0.5,1,0,0,0,0,0,0.077148044,0.077148044,0.077148044,0.077148044,0.034086325,0.043565954,0.054659137,0.063533683,0.074626866,0.061113352,0.075837031,0.070794675,0.065752319,0.065147237,0.053448971,0.030859217,0.021581283,0.01956434,0.19,0.1145,0.3,0.2,0.1,0.055,0.0265,0.008,0.005,0.001,0.448164582,0.036506656,0.409035902,0.10629286
117,117,De Pinte,,10020,De Pinte,10020,0.5,0.5,1,0,0,0,0,0,0.077148044,0.077148044,0.077148044,0.077148044,0.034086325,0.043565954,0.054659137,0.063533683,0.074626866,0.061113352,0.075837031,0.070794675,0.065752319,0.065147237,0.053448971,0.030859217,0.021581283,0.01956434,0.19,0.1145,0.3,0.2,0.1,0.055,0.0265,0.008,0.005,0.001,0.448164582,0.036506656,0.409035902,0.10629286
118,118,Deerlijk,,11292,Deerlijk,11292,0.5,0.5,1,0,0,0,0,0,0.077148044,0.077148044,0.077148044,0.077148044,0.034086325,0.043565954,0.054659137,0.063533683,0.074626866,0.061113352,0.075837031,0.070794675,0.065752319,0.065147237,0.053448971,0.030859217,0.021581283,0.01956434,0.19,0.1145,0.3,0.2,0.1,0.055,0.0265,0.008,0.005,0.001,0.448164582,0.036506656,0.409035902,0.10629286
119,119,Deinze,,29815,Deinze,29815,0.5,0.5,1,0,0,0,0,0,0.077148044,0.077148044,0.077148044,0.077148044,0.034086325,0.043565954,0.054659137,0.063533683,0.074626866,0.061113352,0.075837031,0.070794675,0.065752319,0.065147237,0.053448971,0.030859217,0.021581283,0.01956434,0.19,0.1145,0.3,0.2,0.1,0.055,0.0265,0.008,0.005,0.001,0.448164582,0.036506656,0.409035902,0.10629286
120,120,Denderleeuw,,16969,Denderleeuw,16969,0.5,0.5,1,0,0,0,0,0,0.077148044,0.077148044,0.077148044,0.077148044,0.034086325,0.043565954,0.054659137,0.063533683,0.074626866,0.061113352,0.075837031,0.070794675,0.065752319,0.065147237,0.053448971,0.030859217,0.021581283,0.01956434,0.19,0.1145,0.3,0.2,0.1,0.055,0.0265,0.008,0.005,0.001,0.448164582,0.036506656,0.409035902,0.10629286
121,121,Dendermonde,,43055,Dendermonde,43055,0.5,0.5,1,0,0,0,0,0,0.077148044,0.077148044,0.077148044,0.077148044,0.034086325,0.043565954,0.054659137,0.063533683,0.074626866,0.061113352,0.075837031,0.070794675,0.065752319,0.065147237,0.053448971,0.030859217,0.021581283,0.01956434,0.19,0.1145,0.3,0.2,0.1,0.055,0.0265,0.008,0.005,0.001,0.448164582,0.036506656,0.409035902,0.10629286
122,122,Dentergem,,8038,Dentergem,8038,0.5,0.5,1,0,0,0,0,0,0.077148044,0.077148044,0.077148044,0.077148044,0.034086325,0.043565954,0.054659137,0.063533683,0.074626866,0.061113352,0.075837031,0.070794675,0.065752319,0.065147237,0.053448971,0.030859217,0.021581283,0.01956434,0.19,0.1145,0.3,0.2,0.1,0.055,0.0265,0.008,0.005,0.001,0.448164582,0.036506656,0.409035902,0.10629286
123,123,Dessel,,8707,Dessel,8707,0.5,0.5,1,0,0,0,0,0,0.077148044,0.077148044,0.077148044,0.077148044,0.034086325,0.043565954,0.054659137,0.063533683,0.074626866,0.061113352,0.075837031,0.070794675,0.065752319,0.065147237,0.053448971,0.030859217,0.021581283,0.01956434,0.19,0.1145,0.3,0.2,0.1,0.055,0.0265,0.008,0.005,0.001,0.448164582,0.036506656,0.409035902,0.10629286
124,124,Destelbergen,,16853,Destelbergen,16853,0.5,0.5,1,0,0,0,0,0,0.077148044,0.077148044,0.077148044,0.077148044,0.034086325,0.043565954,0.054659137,0.063533683,0.074626866,0.061113352,0.075837031,0.070794675,0.065752319,0.065147237,0.053448971,0.030859217,0.021581283,0.01956434,0.19,0.1145,0.3,0.2,0.1,0.055,0.0265,0.008,0.005,0.001,0.448164582,0.036506656,0.409035902,0.10629286
125,125,Deurne,,78747,Deurne,78747,0.5,0.5,1,0,0,0,0,0,0.077148044,0.077148044,0.077148044,0.077148044,0.034086325,0.043565954,0.054659137,0.063533683,0.074626866,0.061113352,0.075837031,0.070794675,0.065752319,0.065147237,0.053448971,0.030859217,0.021581283,0.01956434,0.19,0.1145,0.3,0.2,0.1,0.055,0.0265,0.008,0.005,0.001,0.448164582,0.036506656,0.409035902,0.10629286
126,126,Diegem,,5001,Diegem,5001,0.5,0.5,1,0,0,0,0,0,0.077148044,0.077148044,0.077148044,0.077148044,0.034086325,0.043565954,0.054659137,0.063533683,0.074626866,0.061113352,0.075837031,0.070794675,0.065752319,0.065147237,0.053448971,0.030859217,0.021581283,0.01956434,0.19,0.1145,0.3,0.2,0.1,0.055,0.0265,0.008,0.005,0.001,0.448164582,0.036506656,0.409035902,0.10629286
127,127,Diepenbeek,,17699,Diepenbeek,17699,0.5,0.5,1,0,0,0,0,0,0.077148044,0.077148044,0.077148044,0.077148044,0.034086325,0.043565954,0.054659137,0.063533683,0.074626866,0.061113352,0.075837031,0.070794675,0.065752319,0.065147237,0.053448971,0.030859217,0.021581283,0.01956434,0.19,0.1145,0.3,0.2,0.1,0.055,0.0265,0.008,0.005,0.001,0.448164582,0.036506656,0.409035902,0.10629286
128,128,Diest,,22516,Diest,22516,0.5,0.5,1,0,0,0,0,0,0.077148044,0.077148044,0.077148044,0.077148044,0.034086325,0.043565954,0.054659137,0.063533683,0.074626866,0.061113352,0.075837031,0.070794675,0.065752319,0.065147237,0.053448971,0.030859217,0.021581283,0.01956434,0.19,0.1145,0.3,0.2,0.1,0.055,0.0265,0.008,0.005,0.001,0.448164582,0.036506656,0.409035902,0.10629286
129,129,Diksmuide,,15515,Diksmuide,15515,0.5,0.5,1,0,0,0,0,0,0.077148044,0.077148044,0.077148044,0.077148044,0.034086325,0.043565954,0.054659137,0.063533683,0.074626866,0.061113352,0.075837031,0.070794675,0.065752319,0.065147237,0.053448971,0.030859217,0.021581283,0.01956434,0.19,0.1145,0.3,0.2,0.1,0.055,0.0265,0.008,0.005,0.001,0.448164582,0.036506656,0.409035902,0.10629286
130,130,Dilbeek,,39482,Dilbeek,39482,0.5,0.5,1,0,0,0,0,0,0.077148044,0.077148044,0.077148044,0.077148044,0.034086325,0.043565954,0.054659137,0.063533683,0.074626866,0.061113352,0.075837031,0.070794675,0.065752319,0.065147237,0.053448971,0.030859217,0.021581283,0.01956434,0.19,0.1145,0.3,0.2,0.1,0.055,0.0265,0.008,0.005,0.001,0.448164582,0.036506656,0.409035902,0.10629286
131,131,Dinant,,12875,Dinant,12875,0.5,0.5,1,0,0,0,0,0,0.077148044,0.077148044,0.077148044,0.077148044,0.034086325,0.043565954,0.054659137,0.063533683,0.074626866,0.061113352,0.075837031,0.070794675,0.065752319,0.065147237,0.053448971,0.030859217,0.021581283,0.01956434,0.19,0.1145,0.3,0.2,0.1,0.055,0.0265,0.008,0.005,0.001,0.448164582,0.036506656,0.409035902,0.10629286
132,132,Dison,,13642,Dison,13642,0.5,0.5,1,0,0,0,0,0,0.077148044,0.077148044,0.077148044,0.077148044,0.034086325,0.043565954,0.054659137,0.063533683,0.074626866,0.061113352,0.075837031,0.070794675,0.065752319,0.065147237,0.053448971,0.030859217,0.021581283,0.01956434,0.19,0.1145,0.3,0.2,0.1,0.055,0.0265,0.008,0.005,0.001,0.448164582,0.036506656,0.409035902,0.10629286
133,133,Doische,,2739,Doische,2739,0.5,0.5,1,0,0,0,0,0,0.077148044,0.077148044,0.077148044,0.077148044,0.034086325,0.043565954,0.054659137,0.063533683,0.074626866,0.061113352,0.075837031,0.070794675,0.065752319,0.065147237,0.053448971,0.030859217,0.021581283,0.01956434,0.19,0.1145,0.3,0.2,0.1,0.055,0.0265,0.008,0.005,0.001,0.448164582,0.036506656,0.409035902,0.10629286
134,134,Donceel,,2712,Donceel,2712,0.5,0.5,1,0,0,0,0,0,0.077148044,0.077148044,0.077148044,0.077148044,0.034086325,0.043565954,0.054659137,0.063533683,0.074626866,0.061113352,0.075837031,0.070794675,0.065752319,0.065147237,0.053448971,0.030859217,0.021581283,0.01956434,0.19,0.1145,0.3,0.2,0.1,0.055,0.0265,0.008,0.005,0.001,0.448164582,0.036506656,0.409035902,0.10629286
135,135,Dour,,16861,Dour,16861,0.5,0.5,1,0,0,0,0,0,0.077148044,0.077148044,0.077148044,0.077148044,0.034086325,0.043565954,0.054659137,0.063533683,0.074626866,0.061113352,0.075837031,0.070794675,0.065752319,0.065147237,0.053448971,0.030859217,0.021581283,0.01956434,0.19,0.1145,0.3,0.2,0.1,0.055,0.0265,0.008,0.005,0.001,0.448164582,0.036506656,0.409035902,0.10629286
136,136,Drogenbos,,4843,Drogenbos,4843,0.5,0.5,1,0,0,0,0,0,0.077148044,0.077148044,0.077148044,0.077148044,0.034086325,0.043565954,0.054659137,0.063533683,0.074626866,0.061113352,0.075837031,0.070794675,0.065752319,0.065147237,0.053448971,0.030859217,0.021581283,0.01956434,0.19,0.1145,0.3,0.2,0.1,0.055,0.0265,0.008,0.005,0.001,0.448164582,0.036506656,0.409035902,0.10629286
137,137,Duffel,,16011,Duffel,16011,0.5,0.5,1,0,0,0,0,0,0.077148044,0.077148044,0.077148044,0.077148044,0.034086325,0.043565954,0.054659137,0.063533683,0.074626866,0.061113352,0.075837031,0.070794675,0.065752319,0.065147237,0.053448971,0.030859217,0.021581283,0.01956434,0.19,0.1145,0.3,0.2,0.1,0.055,0.0265,0.008,0.005,0.001,0.448164582,0.036506656,0.409035902,0.10629286
138,138,Durbuy,,10251,Durbuy,10251,0.5,0.5,1,0,0,0,0,0,0.077148044,0.077148044,0.077148044,0.077148044,0.034086325,0.043565954,0.054659137,0.063533683,0.074626866,0.061113352,0.075837031,0.070794675,0.065752319,0.065147237,0.053448971,0.030859217,0.021581283,0.01956434,0.19,0.1145,0.3,0.2,0.1,0.055,0.0265,0.008,0.005,0.001,0.448164582,0.036506656,0.409035902,0.10629286
139,139,Edegem,,21839,Edegem,21839,0.5,0.5,1,0,0,0,0,0,0.077148044,0.077148044,0.077148044,0.077148044,0.034086325,0.043565954,0.054659137,0.063533683,0.074626866,0.061113352,0.075837031,0.070794675,0.065752319,0.065147237,0.053448971,0.030859217,0.021581283,0.01956434,0.19,0.1145,0.3,0.2,0.1,0.055,0.0265,0.008,0.005,0.001,0.448164582,0.036506656,0.409035902,0.10629286
140,140,Eeklo,,19116,Eeklo,19116,0.5,0.5,1,0,0,0,0,0,0.077148044,0.077148044,0.077148044,0.077148044,0.034086325,0.043565954,0.054659137,0.063533683,0.074626866,0.061113352,0.075837031,0.070794675,0.065752319,0.065147237,0.053448971,0.030859217,0.021581283,0.01956434,0.19,0.1145,0.3,0.2,0.1,0.055,0.0265,0.008,0.005,0.001,0.448164582,0.036506656,0.409035902,0.10629286
141,141,Ellezelles,,5566,Ellezelles,5566,0.5,0.5,1,0,0,0,0,0,0.077148044,0.077148044,0.077148044,0.077148044,0.034086325,0.043565954,0.054659137,0.063533683,0.074626866,0.061113352,0.075837031,0.070794675,0.065752319,0.065147237,0.053448971,0.030859217,0.021581283,0.01956434,0.19,0.1145,0.3,0.2,0.1,0.055,0.0265,0.008,0.005,0.001,0.448164582,0.036506656,0.409035902,0.10629286
142,142,Enghien,,11367,Enghien,11367,0.5,0.5,1,0,0,0,0,0,0.077148044,0.077148044,0.077148044,0.077148044,0.034086325,0.043565954,0.054659137,0.063533683,0.074626866,0.061113352,0.075837031,0.070794675,0.065752319,0.065147237,0.053448971,0.030859217,0.021581283,0.01956434,0.19,0.1145,0.3,0.2,0.1,0.055,0.0265,0.008,0.005,0.001,0.448164582,0.036506656,0.409035902,0.10629286
143,143,Engis,,5737,Engis,5737,0.5,0.5,1,0,0,0,0,0,0.077148044,0.077148044,0.077148044,0.077148044,0.034086325,0.043565954,0.054659137,0.063533683,0.074626866,0.061113352,0.075837031,0.070794675,0.065752319,0.065147237,0.053448971,0.030859217,0.021581283,0.01956434,0.19,0.1145,0.3,0.2,0.1,0.055,0.0265,0.008,0.005,0.001,0.448164582,0.036506656,0.409035902,0.10629286
144,144,Erquelinnes,,9396,Erquelinnes,9396,0.5,0.5,1,0,0,0,0,0,0.077148044,0.077148044,0.077148044,0.077148044,0.034086325,0.043565954,0.054659137,0.063533683,0.074626866,0.061113352,0.075837031,0.070794675,0.065752319,0.065147237,0.053448971,0.030859217,0.021581283,0.01956434,0.19,0.1145,0.3,0.2,0.1,0.055,0.0265,0.008,0.005,0.001,0.448164582,0.036506656,0.409035902,0.10629286
145,145,Esneux,,13497,Esneux,13497,0.5,0.5,1,0,0,0,0,0,0.077148044,0.077148044,0.077148044,0.077148044,0.034086325,0.043565954,0.054659137,0.063533683,0.074626866,0.061113352,0.075837031,0.070794675,0.065752319,0.065147237,0.053448971,0.030859217,0.021581283,0.01956434,0.19,0.1145,0.3,0.2,0.1,0.055,0.0265,0.008,0.005,0.001,0.448164582,0.036506656,0.409035902,0.10629286
146,146,Essen,,16754,Essen,16754,0.5,0.5,1,0,0,0,0,0,0.077148044,0.077148044,0.077148044,0.077148044,0.034086325,0.043565954,0.054659137,0.063533683,0.074626866,0.061113352,0.075837031,0.070794675,0.065752319,0.065147237,0.053448971,0.030859217,0.021581283,0.01956434,0.19,0.1145,0.3,0.2,0.1,0.055,0.0265,0.008,0.005,0.001,0.448164582,0.036506656,0.409035902,0.10629286
147,147,Estaimpuis,,9340,Estaimpuis,9340,0.5,0.5,1,0,0,0,0,0,0.077148044,0.077148044,0.077148044,0.077148044,0.034086325,0.043565954,0.054659137,0.063533683,0.074626866,0.061113352,0.075837031,0.070794675,0.065752319,0.065147237,0.053448971,0.030859217,0.021581283,0.01956434,0.19,0.1145,0.3,0.2,0.1,0.055,0.0265,0.008,0.005,0.001,0.448164582,0.036506656,0.409035902,0.10629286
554,554,Etalle,,5228,Etalle,5228,0.5,0.5,1,0,0,0,0,0,0.077148044,0.077148044,0.077148044,0.077148044,0.034086325,0.043565954,0.054659137,0.063533683,0.074626866,0.061113352,0.075837031,0.070794675,0.065752319,0.065147237,0.053448971,0.030859217,0.021581283,0.01956434,0.19,0.1145,0.3,0.2,0.1,0.055,0.0265,0.008,0.005,0.001,0.448164582,0.036506656,0.409035902,0.10629286
149,149,Eupen,,18029,Eupen,18029,0.5,0.5,1,0,0,0,0,0,0.077148044,0.077148044,0.077148044,0.077148044,0.034086325,0.043565954,0.054659137,0.063533683,0.074626866,0.061113352,0.075837031,0.070794675,0.065752319,0.065147237,0.053448971,0.030859217,0.021581283,0.01956434,0.19,0.1145,0.3,0.2,0.1,0.055,0.0265,0.008,0.005,0.001,0.448164582,0.036506656,0.409035902,0.10629286
150,150,Evergem,,31615,Evergem,31615,0.5,0.5,1,0,0,0,0,0,0.077148044,0.077148044,0.077148044,0.077148044,0.034086325,0.043565954,0.054659137,0.063533683,0.074626866,0.061113352,0.075837031,0.070794675,0.065752319,0.065147237,0.053448971,0.030859217,0.021581283,0.01956434,0.19,0.1145,0.3,0.2,0.1,0.055,0.0265,0.008,0.005,0.001,0.448164582,0.036506656,0.409035902,0.10629286
151,151,Faimes,,3349,Faimes,3349,0.5,0.5,1,0,0,0,0,0,0.077148044,0.077148044,0.077148044,0.077148044,0.034086325,0.043565954,0.054659137,0.063533683,0.074626866,0.061113352,0.075837031,0.070794675,0.065752319,0.065147237,0.053448971,0.030859217,0.021581283,0.01956434,0.19,0.1145,0.3,0.2,0.1,0.055,0.0265,0.008,0.005,0.001,0.448164582,0.036506656,0.409035902,0.10629286
152,152,Farciennes,,11488,Farciennes,11488,0.5,0.5,1,0,0,0,0,0,0.077148044,0.077148044,0.077148044,0.077148044,0.034086325,0.043565954,0.054659137,0.063533683,0.074626866,0.061113352,0.075837031,0.070794675,0.065752319,0.065147237,0.053448971,0.030859217,0.021581283,0.01956434,0.19,0.1145,0.3,0.2,0.1,0.055,0.0265,0.008,0.005,0.001,0.448164582,0.036506656,0.409035902,0.10629286
153,153,Fauvillers,,1952,Fauvillers,1952,0.5,0.5,1,0,0,0,0,0,0.077148044,0.077148044,0.077148044,0.077148044,0.034086325,0.043565954,0.054659137,0.063533683,0.074626866,0.061113352,0.075837031,0.070794675,0.065752319,0.065147237,0.053448971,0.030859217,0.021581283,0.01956434,0.19,0.1145,0.3,0.2,0.1,0.055,0.0265,0.008,0.005,0.001,0.448164582,0.036506656,0.409035902,0.10629286
154,154,Ferrières,,4434,Ferrières,4434,0.5,0.5,1,0,0,0,0,0,0.077148044,0.077148044,0.077148044,0.077148044,0.034086325,0.043565954,0.054659137,0.063533683,0.074626866,0.061113352,0.075837031,0.070794675,0.065752319,0.065147237,0.053448971,0.030859217,0.021581283,0.01956434,0.19,0.1145,0.3,0.2,0.1,0.055,0.0265,0.008,0.005,0.001,0.448164582,0.036506656,0.409035902,0.10629286
156,156,Fleurus,,22080,Fleurus,22080,0.5,0.5,1,0,0,0,0,0,0.077148044,0.077148044,0.077148044,0.077148044,0.034086325,0.043565954,0.054659137,0.063533683,0.074626866,0.061113352,0.075837031,0.070794675,0.065752319,0.065147237,0.053448971,0.030859217,0.021581283,0.01956434,0.19,0.1145,0.3,0.2,0.1,0.055,0.0265,0.008,0.005,0.001,0.448164582,0.036506656,0.409035902,0.10629286
157,157,Flobecq,,3142,Flobecq,3142,0.5,0.5,1,0,0,0,0,0,0.077148044,0.077148044,0.077148044,0.077148044,0.034086325,0.043565954,0.054659137,0.063533683,0.074626866,0.061113352,0.075837031,0.070794675,0.065752319,0.065147237,0.053448971,0.030859217,0.021581283,0.01956434,0.19,0.1145,0.3,0.2,0.1,0.055,0.0265,0.008,0.005,0.001,0.448164582,0.036506656,0.409035902,0.10629286
158,158,Floreffe,,7480,Floreffe,7480,0.5,0.5,1,0,0,0,0,0,0.077148044,0.077148044,0.077148044,0.077148044,0.034086325,0.043565954,0.054659137,0.063533683,0.074626866,0.061113352,0.075837031,0.070794675,0.065752319,0.065147237,0.053448971,0.030859217,0.021581283,0.01956434,0.19,0.1145,0.3,0.2,0.1,0.055,0.0265,0.008,0.005,0.001,0.448164582,0.036506656,0.409035902,0.10629286
159,159,Florennes,,10723,Florennes,10723,0.5,0.5,1,0,0,0,0,0,0.077148044,0.077148044,0.077148044,0.077148044,0.034086325,0.043565954,0.054659137,0.063533683,0.074626866,0.061113352,0.075837031,0.070794675,0.065752319,0.065147237,0.053448971,0.030859217,0.021581283,0.01956434,0.19,0.1145,0.3,0.2,0.1,0.055,0.0265,0.008,0.005,0.001,0.448164582,0.036506656,0.409035902,0.10629286
160,160,Florenville,,5464,Florenville,5464,0.5,0.5,1,0,0,0,0,0,0.077148044,0.077148044,0.077148044,0.077148044,0.034086325,0.043565954,0.054659137,0.063533683,0.074626866,0.061113352,0.075837031,0.070794675,0.065752319,0.065147237,0.053448971,0.030859217,0.021581283,0.01956434,0.19,0.1145,0.3,0.2,0.1,0.055,0.0265,0.008,0.005,0.001,0.448164582,0.036506656,0.409035902,0.10629286
161,161,Flémalle-Haute,,25144,Flémalle-Haute,25144,0.5,0.5,1,0,0,0,0,0,0.077148044,0.077148044,0.077148044,0.077148044,0.034086325,0.043565954,0.054659137,0.063533683,0.074626866,0.061113352,0.075837031,0.070794675,0.065752319,0.065147237,0.053448971,0.030859217,0.021581283,0.01956434,0.19,0.1145,0.3,0.2,0.1,0.055,0.0265,0.008,0.005,0.001,0.448164582,0.036506656,0.409035902,0.10629286
162,162,Fléron,,15994,Fléron,15994,0.5,0.5,1,0,0,0,0,0,0.077148044,0.077148044,0.077148044,0.077148044,0.034086325,0.043565954,0.054659137,0.063533683,0.074626866,0.061113352,0.075837031,0.070794675,0.065752319,0.065147237,0.053448971,0.030859217,0.021581283,0.01956434,0.19,0.1145,0.3,0.2,0.1,0.055,0.0265,0.008,0.005,0.001,0.448164582,0.036506656,0.409035902,0.10629286
163,163,Forville,,1374,Forville,1374,0.5,0.5,1,0,0,0,0,0,0.077148044,0.077148044,0.077148044,0.077148044,0.034086325,0.043565954,0.054659137,0.063533683,0.074626866,0.061113352,0.075837031,0.070794675,0.065752319,0.065147237,0.053448971,0.030859217,0.021581283,0.01956434,0.19,0.1145,0.3,0.2,0.1,0.055,0.0265,0.008,0.005,0.001,0.448164582,0.036506656,0.409035902,0.10629286
165,165,Frameries,,20598,Frameries,20598,0.5,0.5,1,0,0,0,0,0,0.077148044,0.077148044,0.077148044,0.077148044,0.034086325,0.043565954,0.054659137,0.063533683,0.074626866,0.061113352,0.075837031,0.070794675,0.065752319,0.065147237,0.053448971,0.030859217,0.021581283,0.01956434,0.19,0.1145,0.3,0.2,0.1,0.055,0.0265,0.008,0.005,0.001,0.448164582,0.036506656,0.409035902,0.10629286
168,168,Froidchapelle,,3579,Froidchapelle,3579,0.5,0.5,1,0,0,0,0,0,0.077148044,0.077148044,0.077148044,0.077148044,0.034086325,0.043565954,0.054659137,0.063533683,0.074626866,0.061113352,0.075837031,0.070794675,0.065752319,0.065147237,0.053448971,0.030859217,0.021581283,0.01956434,0.19,0.1145,0.3,0.2,0.1,0.055,0.0265,0.008,0.005,0.001,0.448164582,0.036506656,0.409035902,0.10629286
169,169,Galmaarden,,7939,Galmaarden,7939,0.5,0.5,1,0,0,0,0,0,0.077148044,0.077148044,0.077148044,0.077148044,0.034086325,0.043565954,0.054659137,0.063533683,0.074626866,0.061113352,0.075837031,0.070794675,0.065752319,0.065147237,0.053448971,0.030859217,0.021581283,0.01956434,0.19,0.1145,0.3,0.2,0.1,0.055,0.0265,0.008,0.005,0.001,0.448164582,0.036506656,0.409035902,0.10629286
170,170,Gavere,,11888,Gavere,11888,0.5,0.5,1,0,0,0,0,0,0.077148044,0.077148044,0.077148044,0.077148044,0.034086325,0.043565954,0.054659137,0.063533683,0.074626866,0.061113352,0.075837031,0.070794675,0.065752319,0.065147237,0.053448971,0.030859217,0.021581283,0.01956434,0.19,0.1145,0.3,0.2,0.1,0.055,0.0265,0.008,0.005,0.001,0.448164582,0.036506656,0.409035902,0.10629286
171,171,Gedinne,,4416,Gedinne,4416,0.5,0.5,1,0,0,0,0,0,0.077148044,0.077148044,0.077148044,0.077148044,0.034086325,0.043565954,0.054659137,0.063533683,0.074626866,0.061113352,0.075837031,0.070794675,0.065752319,0.065147237,0.053448971,0.030859217,0.021581283,0.01956434,0.19,0.1145,0.3,0.2,0.1,0.055,0.0265,0.008,0.005,0.001,0.448164582,0.036506656,0.409035902,0.10629286
172,172,Geel,,34697,Geel,34697,0.5,0.5,1,0,0,0,0,0,0.077148044,0.077148044,0.077148044,0.077148044,0.034086325,0.043565954,0.054659137,0.063533683,0.074626866,0.061113352,0.075837031,0.070794675,0.065752319,0.065147237,0.053448971,0.030859217,0.021581283,0.01956434,0.19,0.1145,0.3,0.2,0.1,0.055,0.0265,0.008,0.005,0.001,0.448164582,0.036506656,0.409035902,0.10629286
173,173,Geer,,2682,Geer,2682,0.5,0.5,1,0,0,0,0,0,0.077148044,0.077148044,0.077148044,0.077148044,0.034086325,0.043565954,0.054659137,0.063533683,0.074626866,0.061113352,0.075837031,0.070794675,0.065752319,0.065147237,0.053448971,0.030859217,0.021581283,0.01956434,0.19,0.1145,0.3,0.2,0.1,0.055,0.0265,0.008,0.005,0.001,0.448164582,0.036506656,0.409035902,0.10629286
174,174,Geetbets,,5813,Geetbets,5813,0.5,0.5,1,0,0,0,0,0,0.077148044,0.077148044,0.077148044,0.077148044,0.034086325,0.043565954,0.054659137,0.063533683,0.074626866,0.061113352,0.075837031,0.070794675,0.065752319,0.065147237,0.053448971,0.030859217,0.021581283,0.01956434,0.19,0.1145,0.3,0.2,0.1,0.055,0.0265,0.008,0.005,0.001,0.448164582,0.036506656,0.409035902,0.10629286
175,175,Gembloux,,21676,Gembloux,21676,0.5,0.5,1,0,0,0,0,0,0.077148044,0.077148044,0.077148044,0.077148044,0.034086325,0.043565954,0.054659137,0.063533683,0.074626866,0.061113352,0.075837031,0.070794675,0.065752319,0.065147237,0.053448971,0.030859217,0.021581283,0.01956434,0.19,0.1145,0.3,0.2,0.1,0.055,0.0265,0.008,0.005,0.001,0.448164582,0.036506656,0.409035902,0.10629286
176,176,Genappe,,14266,Genappe,14266,0.5,0.5,1,0,0,0,0,0,0.077148044,0.077148044,0.077148044,0.077148044,0.034086325,0.043565954,0.054659137,0.063533683,0.074626866,0.061113352,0.075837031,0.070794675,0.065752319,0.065147237,0.053448971,0.030859217,0.021581283,0.01956434,0.19,0.1145,0.3,0.2,0.1,0.055,0.0265,0.008,0.005,0.001,0.448164582,0.036506656,0.409035902,0.10629286
177,177,Genk,,63666,Genk,63666,0.5,0.5,1,0,0,0,0,0,0.077148044,0.077148044,0.077148044,0.077148044,0.034086325,0.043565954,0.054659137,0.063533683,0.074626866,0.061113352,0.075837031,0.070794675,0.065752319,0.065147237,0.053448971,0.030859217,0.021581283,0.01956434,0.19,0.1145,0.3,0.2,0.1,0.055,0.0265,0.008,0.005,0.001,0.448164582,0.036506656,0.409035902,0.10629286
178,178,Gent,,231493,Gent,231493,0.5,0.5,1,0,0,0,0,0,0.077148044,0.077148044,0.077148044,0.077148044,0.034086325,0.043565954,0.054659137,0.063533683,0.074626866,0.061113352,0.075837031,0.070794675,0.065752319,0.065147237,0.053448971,0.030859217,0.021581283,0.01956434,0.19,0.1145,0.3,0.2,0.1,0.055,0.0265,0.008,0.005,0.001,0.448164582,0.036506656,0.409035902,0.10629286
179,179,Geraardsbergen,,30807,Geraardsbergen,30807,0.5,0.5,1,0,0,0,0,0,0.077148044,0.077148044,0.077148044,0.077148044,0.034086325,0.043565954,0.054659137,0.063533683,0.074626866,0.061113352,0.075837031,0.070794675,0.065752319,0.065147237,0.053448971,0.030859217,0.021581283,0.01956434,0.19,0.1145,0.3,0.2,0.1,0.055,0.0265,0.008,0.005,0.001,0.448164582,0.036506656,0.409035902,0.10629286
180,180,Gerpinnes,,11977,Gerpinnes,11977,0.5,0.5,1,0,0,0,0,0,0.077148044,0.077148044,0.077148044,0.077148044,0.034086325,0.043565954,0.054659137,0.063533683,0.074626866,0.061113352,0.075837031,0.070794675,0.065752319,0.065147237,0.053448971,0.030859217,0.021581283,0.01956434,0.19,0.1145,0.3,0.2,0.1,0.055,0.0265,0.008,0.005,0.001,0.448164582,0.036506656,0.409035902,0.10629286
181,181,Gesves,,6150,Gesves,6150,0.5,0.5,1,0,0,0,0,0,0.077148044,0.077148044,0.077148044,0.077148044,0.034086325,0.043565954,0.054659137,0.063533683,0.074626866,0.061113352,0.075837031,0.070794675,0.065752319,0.065147237,0.053448971,0.030859217,0.021581283,0.01956434,0.19,0.1145,0.3,0.2,0.1,0.055,0.0265,0.008,0.005,0.001,0.448164582,0.036506656,0.409035902,0.10629286
182,182,Gingelom,,7930,Gingelom,7930,0.5,0.5,1,0,0,0,0,0,0.077148044,0.077148044,0.077148044,0.077148044,0.034086325,0.043565954,0.054659137,0.063533683,0.074626866,0.061113352,0.075837031,0.070794675,0.065752319,0.065147237,0.053448971,0.030859217,0.021581283,0.01956434,0.19,0.1145,0.3,0.2,0.1,0.055,0.0265,0.008,0.005,0.001,0.448164582,0.036506656,0.409035902,0.10629286
183,183,Gistel,,11084,Gistel,11084,0.5,0.5,1,0,0,0,0,0,0.077148044,0.077148044,0.077148044,0.077148044,0.034086325,0.043565954,0.054659137,0.063533683,0.074626866,0.061113352,0.075837031,0.070794675,0.065752319,0.065147237,0.053448971,0.030859217,0.021581283,0.01956434,0.19,0.1145,0.3,0.2,0.1,0.055,0.0265,0.008,0.005,0.001,0.448164582,0.036506656,0.409035902,0.10629286
184,184,Glabbeek,,5070,Glabbeek,5070,0.5,0.5,1,0,0,0,0,0,0.077148044,0.077148044,0.077148044,0.077148044,0.034086325,0.043565954,0.054659137,0.063533683,0.074626866,0.061113352,0.075837031,0.070794675,0.065752319,0.065147237,0.053448971,0.030859217,0.021581283,0.01956434,0.19,0.1145,0.3,0.2,0.1,0.055,0.0265,0.008,0.005,0.001,0.448164582,0.036506656,0.409035902,0.10629286
185,185,Gooik,,8957,Gooik,8957,0.5,0.5,1,0,0,0,0,0,0.077148044,0.077148044,0.077148044,0.077148044,0.034086325,0.043565954,0.054659137,0.063533683,0.074626866,0.061113352,0.075837031,0.070794675,0.065752319,0.065147237,0.053448971,0.030859217,0.021581283,0.01956434,0.19,0.1145,0.3,0.2,0.1,0.055,0.0265,0.008,0.005,0.001,0.448164582,0.036506656,0.409035902,0.10629286
186,186,Gouvy,,4706,Gouvy,4706,0.5,0.5,1,0,0,0,0,0,0.077148044,0.077148044,0.077148044,0.077148044,0.034086325,0.043565954,0.054659137,0.063533683,0.074626866,0.061113352,0.075837031,0.070794675,0.065752319,0.065147237,0.053448971,0.030859217,0.021581283,0.01956434,0.19,0.1145,0.3,0.2,0.1,0.055,0.0265,0.008,0.005,0.001,0.448164582,0.036506656,0.409035902,0.10629286
187,187,Grez-Doiceau,,12367,Grez-Doiceau,12367,0.5,0.5,1,0,0,0,0,0,0.077148044,0.077148044,0.077148044,0.077148044,0.034086325,0.043565954,0.054659137,0.063533683,0.074626866,0.061113352,0.075837031,0.070794675,0.065752319,0.065147237,0.053448971,0.030859217,0.021581283,0.01956434,0.19,0.1145,0.3,0.2,0.1,0.055,0.0265,0.008,0.005,0.001,0.448164582,0.036506656,0.409035902,0.10629286
188,188,Grimbergen,,33561,Grimbergen,33561,0.5,0.5,1,0,0,0,0,0,0.077148044,0.077148044,0.077148044,0.077148044,0.034086325,0.043565954,0.054659137,0.063533683,0.074626866,0.061113352,0.075837031,0.070794675,0.065752319,0.065147237,0.053448971,0.030859217,0.021581283,0.01956434,0.19,0.1145,0.3,0.2,0.1,0.055,0.0265,0.008,0.005,0.001,0.448164582,0.036506656,0.409035902,0.10629286
189,189,Grobbendonk,,10724,Grobbendonk,10724,0.5,0.5,1,0,0,0,0,0,0.077148044,0.077148044,0.077148044,0.077148044,0.034086325,0.043565954,0.054659137,0.063533683,0.074626866,0.061113352,0.075837031,0.070794675,0.065752319,0.065147237,0.053448971,0.030859217,0.021581283,0.01956434,0.19,0.1145,0.3,0.2,0.1,0.055,0.0265,0.008,0.005,0.001,0.448164582,0.036506656,0.409035902,0.10629286
190,190,Haacht,,13541,Haacht,13541,0.5,0.5,1,0,0,0,0,0,0.077148044,0.077148044,0.077148044,0.077148044,0.034086325,0.043565954,0.054659137,0.063533683,0.074626866,0.061113352,0.075837031,0.070794675,0.065752319,0.065147237,0.053448971,0.030859217,0.021581283,0.01956434,0.19,0.1145,0.3,0.2,0.1,0.055,0.0265,0.008,0.005,0.001,0.448164582,0.036506656,0.409035902,0.10629286
191,191,Haaltert,,17129,Haaltert,17129,0.5,0.5,1,0,0,0,0,0,0.077148044,0.077148044,0.077148044,0.077148044,0.034086325,0.043565954,0.054659137,0.063533683,0.074626866,0.061113352,0.075837031,0.070794675,0.065752319,0.065147237,0.053448971,0.030859217,0.021581283,0.01956434,0.19,0.1145,0.3,0.2,0.1,0.055,0.0265,0.008,0.005,0.001,0.448164582,0.036506656,0.409035902,0.10629286
193,193,Halen,,8548,Halen,8548,0.5,0.5,1,0,0,0,0,0,0.077148044,0.077148044,0.077148044,0.077148044,0.034086325,0.043565954,0.054659137,0.063533683,0.074626866,0.061113352,0.075837031,0.070794675,0.065752319,0.065147237,0.053448971,0.030859217,0.021581283,0.01956434,0.19,0.1145,0.3,0.2,0.1,0.055,0.0265,0.008,0.005,0.001,0.448164582,0.036506656,0.409035902,0.10629286
194,194,Halle,,34479,Halle,34479,0.5,0.5,1,0,0,0,0,0,0.077148044,0.077148044,0.077148044,0.077148044,0.034086325,0.043565954,0.054659137,0.063533683,0.074626866,0.061113352,0.075837031,0.070794675,0.065752319,0.065147237,0.053448971,0.030859217,0.021581283,0.01956434,0.19,0.1145,0.3,0.2,0.1,0.055,0.0265,0.008,0.005,0.001,0.448164582,0.036506656,0.409035902,0.10629286
195,195,Hamme,,22891,Hamme,22891,0.5,0.5,1,0,0,0,0,0,0.077148044,0.077148044,0.077148044,0.077148044,0.034086325,0.043565954,0.054659137,0.063533683,0.074626866,0.061113352,0.075837031,0.070794675,0.065752319,0.065147237,0.053448971,0.030859217,0.021581283,0.01956434,0.19,0.1145,0.3,0.2,0.1,0.055,0.0265,0.008,0.005,0.001,0.448164582,0.036506656,0.409035902,0.10629286
196,196,Hamoir,,3500,Hamoir,3500,0.5,0.5,1,0,0,0,0,0,0.077148044,0.077148044,0.077148044,0.077148044,0.034086325,0.043565954,0.054659137,0.063533683,0.074626866,0.061113352,0.075837031,0.070794675,0.065752319,0.065147237,0.053448971,0.030859217,0.021581283,0.01956434,0.19,0.1145,0.3,0.2,0.1,0.055,0.0265,0.008,0.005,0.001,0.448164582,0.036506656,0.409035902,0.10629286
197,197,Hamois,,6662,Hamois,6662,0.5,0.5,1,0,0,0,0,0,0.077148044,0.077148044,0.077148044,0.077148044,0.034086325,0.043565954,0.054659137,0.063533683,0.074626866,0.061113352,0.075837031,0.070794675,0.065752319,0.065147237,0.053448971,0.030859217,0.021581283,0.01956434,0.19,0.1145,0.3,0.2,0.1,0.055,0.0265,0.008,0.005,0.001,0.448164582,0.036506656,0.409035902,0.10629286
198,198,Hannut,,14129,Hannut,14129,0.5,0.5,1,0,0,0,0,0,0.077148044,0.077148044,0.077148044,0.077148044,0.034086325,0.043565954,0.054659137,0.063533683,0.074626866,0.061113352,0.075837031,0.070794675,0.065752319,0.065147237,0.053448971,0.030859217,0.021581283,0.01956434,0.19,0.1145,0.3,0.2,0.1,0.055,0.0265,0.008,0.005,0.001,0.448164582,0.036506656,0.409035902,0.10629286
199,199,Harelbeke,,25978,Harelbeke,25978,0.5,0.5,1,0,0,0,0,0,0.077148044,0.077148044,0.077148044,0.077148044,0.034086325,0.043565954,0.054659137,0.063533683,0.074626866,0.061113352,0.075837031,0.070794675,0.065752319,0.065147237,0.053448971,0.030859217,0.021581283,0.01956434,0.19,0.1145,0.3,0.2,0.1,0.055,0.0265,0.008,0.005,0.001,0.448164582,0.036506656,0.409035902,0.10629286
200,200,Hasselt,,69222,Hasselt,69222,0.5,0.5,1,0,0,0,0,0,0.077148044,0.077148044,0.077148044,0.077148044,0.034086325,0.043565954,0.054659137,0.063533683,0.074626866,0.061113352,0.075837031,0.070794675,0.065752319,0.065147237,0.053448971,0.030859217,0.021581283,0.01956434,0.19,0.1145,0.3,0.2,0.1,0.055,0.0265,0.008,0.005,0.001,0.448164582,0.036506656,0.409035902,0.10629286
201,201,Hastière-Lavaux,,5147,Hastière-Lavaux,5147,0.5,0.5,1,0,0,0,0,0,0.077148044,0.077148044,0.077148044,0.077148044,0.034086325,0.043565954,0.054659137,0.063533683,0.074626866,0.061113352,0.075837031,0.070794675,0.065752319,0.065147237,0.053448971,0.030859217,0.021581283,0.01956434,0.19,0.1145,0.3,0.2,0.1,0.055,0.0265,0.008,0.005,0.001,0.448164582,0.036506656,0.409035902,0.10629286
202,202,Havelange,,4790,Havelange,4790,0.5,0.5,1,0,0,0,0,0,0.077148044,0.077148044,0.077148044,0.077148044,0.034086325,0.043565954,0.054659137,0.063533683,0.074626866,0.061113352,0.075837031,0.070794675,0.065752319,0.065147237,0.053448971,0.030859217,0.021581283,0.01956434,0.19,0.1145,0.3,0.2,0.1,0.055,0.0265,0.008,0.005,0.001,0.448164582,0.036506656,0.409035902,0.10629286
203,203,Heers,,6689,Heers,6689,0.5,0.5,1,0,0,0,0,0,0.077148044,0.077148044,0.077148044,0.077148044,0.034086325,0.043565954,0.054659137,0.063533683,0.074626866,0.061113352,0.075837031,0.070794675,0.065752319,0.065147237,0.053448971,0.030859217,0.021581283,0.01956434,0.19,0.1145,0.3,0.2,0.1,0.055,0.0265,0.008,0.005,0.001,0.448164582,0.036506656,0.409035902,0.10629286
205,205,Helchteren,,30050,Helchteren,30050,0.5,0.5,1,0,0,0,0,0,0.077148044,0.077148044,0.077148044,0.077148044,0.034086325,0.043565954,0.054659137,0.063533683,0.074626866,0.061113352,0.075837031,0.070794675,0.065752319,0.065147237,0.053448971,0.030859217,0.021581283,0.01956434,0.19,0.1145,0.3,0.2,0.1,0.055,0.0265,0.008,0.005,0.001,0.448164582,0.036506656,0.409035902,0.10629286
206,206,Hemiksem,,9504,Hemiksem,9504,0.5,0.5,1,0,0,0,0,0,0.077148044,0.077148044,0.077148044,0.077148044,0.034086325,0.043565954,0.054659137,0.063533683,0.074626866,0.061113352,0.075837031,0.070794675,0.065752319,0.065147237,0.053448971,0.030859217,0.021581283,0.01956434,0.19,0.1145,0.3,0.2,0.1,0.055,0.0265,0.008,0.005,0.001,0.448164582,0.036506656,0.409035902,0.10629286
207,207,Hemptinne,,503,Hemptinne,503,0.5,0.5,1,0,0,0,0,0,0.077148044,0.077148044,0.077148044,0.077148044,0.034086325,0.043565954,0.054659137,0.063533683,0.074626866,0.061113352,0.075837031,0.070794675,0.065752319,0.065147237,0.053448971,0.030859217,0.021581283,0.01956434,0.19,0.1145,0.3,0.2,0.1,0.055,0.0265,0.008,0.005,0.001,0.448164582,0.036506656,0.409035902,0.10629286
208,208,Hensies,,6390,Hensies,6390,0.5,0.5,1,0,0,0,0,0,0.077148044,0.077148044,0.077148044,0.077148044,0.034086325,0.043565954,0.054659137,0.063533683,0.074626866,0.061113352,0.075837031,0.070794675,0.065752319,0.065147237,0.053448971,0.030859217,0.021581283,0.01956434,0.19,0.1145,0.3,0.2,0.1,0.055,0.0265,0.008,0.005,0.001,0.448164582,0.036506656,0.409035902,0.10629286
209,209,Herbeumont,,1612,Herbeumont,1612,0.5,0.5,1,0,0,0,0,0,0.077148044,0.077148044,0.077148044,0.077148044,0.034086325,0.043565954,0.054659137,0.063533683,0.074626866,0.061113352,0.075837031,0.070794675,0.065752319,0.065147237,0.053448971,0.030859217,0.021581283,0.01956434,0.19,0.1145,0.3,0.2,0.1,0.055,0.0265,0.008,0.005,0.001,0.448164582,0.036506656,0.409035902,0.10629286
210,210,Herent,,19218,Herent,19218,0.5,0.5,1,0,0,0,0,0,0.077148044,0.077148044,0.077148044,0.077148044,0.034086325,0.043565954,0.054659137,0.063533683,0.074626866,0.061113352,0.075837031,0.070794675,0.065752319,0.065147237,0.053448971,0.030859217,0.021581283,0.01956434,0.19,0.1145,0.3,0.2,0.1,0.055,0.0265,0.008,0.005,0.001,0.448164582,0.036506656,0.409035902,0.10629286
211,211,Herentals,,25912,Herentals,25912,0.5,0.5,1,0,0,0,0,0,0.077148044,0.077148044,0.077148044,0.077148044,0.034086325,0.043565954,0.054659137,0.063533683,0.074626866,0.061113352,0.075837031,0.070794675,0.065752319,0.065147237,0.053448971,0.030859217,0.021581283,0.01956434,0.19,0.1145,0.3,0.2,0.1,0.055,0.0265,0.008,0.005,0.001,0.448164582,0.036506656,0.409035902,0.10629286
212,212,Herenthout,,8378,Herenthout,8378,0.5,0.5,1,0,0,0,0,0,0.077148044,0.077148044,0.077148044,0.077148044,0.034086325,0.043565954,0.054659137,0.063533683,0.074626866,0.061113352,0.075837031,0.070794675,0.065752319,0.065147237,0.053448971,0.030859217,0.021581283,0.01956434,0.19,0.1145,0.3,0.2,0.1,0.055,0.0265,0.008,0.005,0.001,0.448164582,0.036506656,0.409035902,0.10629286
214,214,Herne,,6459,Herne,6459,0.5,0.5,1,0,0,0,0,0,0.077148044,0.077148044,0.077148044,0.077148044,0.034086325,0.043565954,0.054659137,0.063533683,0.074626866,0.061113352,0.075837031,0.070794675,0.065752319,0.065147237,0.053448971,0.030859217,0.021581283,0.01956434,0.19,0.1145,0.3,0.2,0.1,0.055,0.0265,0.008,0.005,0.001,0.448164582,0.036506656,0.409035902,0.10629286
215,215,Herselt,,13493,Herselt,13493,0.5,0.5,1,0,0,0,0,0,0.077148044,0.077148044,0.077148044,0.077148044,0.034086325,0.043565954,0.054659137,0.063533683,0.074626866,0.061113352,0.075837031,0.070794675,0.065752319,0.065147237,0.053448971,0.030859217,0.021581283,0.01956434,0.19,0.1145,0.3,0.2,0.1,0.055,0.0265,0.008,0.005,0.001,0.448164582,0.036506656,0.409035902,0.10629286
216,216,Herstal,,36503,Herstal,36503,0.5,0.5,1,0,0,0,0,0,0.077148044,0.077148044,0.077148044,0.077148044,0.034086325,0.043565954,0.054659137,0.063533683,0.074626866,0.061113352,0.075837031,0.070794675,0.065752319,0.065147237,0.053448971,0.030859217,0.021581283,0.01956434,0.19,0.1145,0.3,0.2,0.1,0.055,0.0265,0.008,0.005,0.001,0.448164582,0.036506656,0.409035902,0.10629286
217,217,Herve,,16544,Herve,16544,0.5,0.5,1,0,0,0,0,0,0.077148044,0.077148044,0.077148044,0.077148044,0.034086325,0.043565954,0.054659137,0.063533683,0.074626866,0.061113352,0.075837031,0.070794675,0.065752319,0.065147237,0.053448971,0.030859217,0.021581283,0.01956434,0.19,0.1145,0.3,0.2,0.1,0.055,0.0265,0.008,0.005,0.001,0.448164582,0.036506656,0.409035902,0.10629286
218,218,Herzele,,16523,Herzele,16523,0.5,0.5,1,0,0,0,0,0,0.077148044,0.077148044,0.077148044,0.077148044,0.034086325,0.043565954,0.054659137,0.063533683,0.074626866,0.061113352,0.075837031,0.070794675,0.065752319,0.065147237,0.053448971,0.030859217,0.021581283,0.01956434,0.19,0.1145,0.3,0.2,0.1,0.055,0.0265,0.008,0.005,0.001,0.448164582,0.036506656,0.409035902,0.10629286
219,219,Heusden,,31017,Heusden,31017,0.5,0.5,1,0,0,0,0,0,0.077148044,0.077148044,0.077148044,0.077148044,0.034086325,0.043565954,0.054659137,0.063533683,0.074626866,0.061113352,0.075837031,0.070794675,0.065752319,0.065147237,0.053448971,0.030859217,0.021581283,0.01956434,0.19,0.1145,0.3,0.2,0.1,0.055,0.0265,0.008,0.005,0.001,0.448164582,0.036506656,0.409035902,0.10629286
220,220,Hingeon,,844,Hingeon,844,0.5,0.5,1,0,0,0,0,0,0.077148044,0.077148044,0.077148044,0.077148044,0.034086325,0.043565954,0.054659137,0.063533683,0.074626866,0.061113352,0.075837031,0.070794675,0.065752319,0.065147237,0.053448971,0.030859217,0.021581283,0.01956434,0.19,0.1145,0.3,0.2,0.1,0.055,0.0265,0.008,0.005,0.001,0.448164582,0.036506656,0.409035902,0.10629286
221,221,Hoboken,,34443,Hoboken,34443,0.5,0.5,1,0,0,0,0,0,0.077148044,0.077148044,0.077148044,0.077148044,0.034086325,0.043565954,0.054659137,0.063533683,0.074626866,0.061113352,0.075837031,0.070794675,0.065752319,0.065147237,0.053448971,0.030859217,0.021581283,0.01956434,0.19,0.1145,0.3,0.2,0.1,0.055,0.0265,0.008,0.005,0.001,0.448164582,0.036506656,0.409035902,0.10629286
222,222,Hoegaarden,,6110,Hoegaarden,6110,0.5,0.5,1,0,0,0,0,0,0.077148044,0.077148044,0.077148044,0.077148044,0.034086325,0.043565954,0.054659137,0.063533683,0.074626866,0.061113352,0.075837031,0.070794675,0.065752319,0.065147237,0.053448971,0.030859217,0.021581283,0.01956434,0.19,0.1145,0.3,0.2,0.1,0.055,0.0265,0.008,0.005,0.001,0.448164582,0.036506656,0.409035902,0.10629286
223,223,Hoeilaart,,10272,Hoeilaart,10272,0.5,0.5,1,0,0,0,0,0,0.077148044,0.077148044,0.077148044,0.077148044,0.034086325,0.043565954,0.054659137,0.063533683,0.074626866,0.061113352,0.075837031,0.070794675,0.065752319,0.065147237,0.053448971,0.030859217,0.021581283,0.01956434,0.19,0.1145,0.3,0.2,0.1,0.055,0.0265,0.008,0.005,0.001,0.448164582,0.036506656,0.409035902,0.10629286
224,224,Hoeselt,,9265,Hoeselt,9265,0.5,0.5,1,0,0,0,0,0,0.077148044,0.077148044,0.077148044,0.077148044,0.034086325,0.043565954,0.054659137,0.063533683,0.074626866,0.061113352,0.075837031,0.070794675,0.065752319,0.065147237,0.053448971,0.030859217,0.021581283,0.01956434,0.19,0.1145,0.3,0.2,0.1,0.055,0.0265,0.008,0.005,0.001,0.448164582,0.036506656,0.409035902,0.10629286
225,225,Holsbeek,,9094,Holsbeek,9094,0.5,0.5,1,0,0,0,0,0,0.077148044,0.077148044,0.077148044,0.077148044,0.034086325,0.043565954,0.054659137,0.063533683,0.074626866,0.061113352,0.075837031,0.070794675,0.065752319,0.065147237,0.053448971,0.030859217,0.021581283,0.01956434,0.19,0.1145,0.3,0.2,0.1,0.055,0.0265,0.008,0.005,0.001,0.448164582,0.036506656,0.409035902,0.10629286
226,226,Hooglede,,9900,Hooglede,9900,0.5,0.5,1,0,0,0,0,0,0.077148044,0.077148044,0.077148044,0.077148044,0.034086325,0.043565954,0.054659137,0.063533683,0.074626866,0.061113352,0.075837031,0.070794675,0.065752319,0.065147237,0.053448971,0.030859217,0.021581283,0.01956434,0.19,0.1145,0.3,0.2,0.1,0.055,0.0265,0.008,0.005,0.001,0.448164582,0.036506656,0.409035902,0.10629286
227,227,Hoogstraten,,18524,Hoogstraten,18524,0.5,0.5,1,0,0,0,0,0,0.077148044,0.077148044,0.077148044,0.077148044,0.034086325,0.043565954,0.054659137,0.063533683,0.074626866,0.061113352,0.075837031,0.070794675,0.065752319,0.065147237,0.053448971,0.030859217,0.021581283,0.01956434,0.19,0.1145,0.3,0.2,0.1,0.055,0.0265,0.008,0.005,0.001,0.448164582,0.036506656,0.409035902,0.10629286
228,228,Hotton,,4969,Hotton,4969,0.5,0.5,1,0,0,0,0,0,0.077148044,0.077148044,0.077148044,0.077148044,0.034086325,0.043565954,0.054659137,0.063533683,0.074626866,0.061113352,0.075837031,0.070794675,0.065752319,0.065147237,0.053448971,0.030859217,0.021581283,0.01956434,0.19,0.1145,0.3,0.2,0.1,0.055,0.0265,0.008,0.005,0.001,0.448164582,0.036506656,0.409035902,0.10629286
229,229,Houffalize,,4614,Houffalize,4614,0.5,0.5,1,0,0,0,0,0,0.077148044,0.077148044,0.077148044,0.077148044,0.034086325,0.043565954,0.054659137,0.063533683,0.074626866,0.061113352,0.075837031,0.070794675,0.065752319,0.065147237,0.053448971,0.030859217,0.021581283,0.01956434,0.19,0.1145,0.3,0.2,0.1,0.055,0.0265,0.008,0.005,0.001,0.448164582,0.036506656,0.409035902,0.10629286
230,230,Houthalen,,30050,Houthalen,30050,0.5,0.5,1,0,0,0,0,0,0.077148044,0.077148044,0.077148044,0.077148044,0.034086325,0.043565954,0.054659137,0.063533683,0.074626866,0.061113352,0.075837031,0.070794675,0.065752319,0.065147237,0.053448971,0.030859217,0.021581283,0.01956434,0.19,0.1145,0.3,0.2,0.1,0.055,0.0265,0.008,0.005,0.001,0.448164582,0.036506656,0.409035902,0.10629286
231,231,Houthulst,,8951,Houthulst,8951,0.5,0.5,1,0,0,0,0,0,0.077148044,0.077148044,0.077148044,0.077148044,0.034086325,0.043565954,0.054659137,0.063533683,0.074626866,0.061113352,0.075837031,0.070794675,0.065752319,0.065147237,0.053448971,0.030859217,0.021581283,0.01956434,0.19,0.1145,0.3,0.2,0.1,0.055,0.0265,0.008,0.005,0.001,0.448164582,0.036506656,0.409035902,0.10629286
232,232,Houyet,,4505,Houyet,4505,0.5,0.5,1,0,0,0,0,0,0.077148044,0.077148044,0.077148044,0.077148044,0.034086325,0.043565954,0.054659137,0.063533683,0.074626866,0.061113352,0.075837031,0.070794675,0.065752319,0.065147237,0.053448971,0.030859217,0.021581283,0.01956434,0.19,0.1145,0.3,0.2,0.1,0.055,0.0265,0.008,0.005,0.001,0.448164582,0.036506656,0.409035902,0.10629286
233,233,Hove,,7968,Hove,7968,0.5,0.5,1,0,0,0,0,0,0.077148044,0.077148044,0.077148044,0.077148044,0.034086325,0.043565954,0.054659137,0.063533683,0.074626866,0.061113352,0.075837031,0.070794675,0.065752319,0.065147237,0.053448971,0.030859217,0.021581283,0.01956434,0.19,0.1145,0.3,0.2,0.1,0.055,0.0265,0.008,0.005,0.001,0.448164582,0.036506656,0.409035902,0.10629286
234,234,Huldenberg,,9137,Huldenberg,9137,0.5,0.5,1,0,0,0,0,0,0.077148044,0.077148044,0.077148044,0.077148044,0.034086325,0.043565954,0.054659137,0.063533683,0.074626866,0.061113352,0.075837031,0.070794675,0.065752319,0.065147237,0.053448971,0.030859217,0.021581283,0.01956434,0.19,0.1145,0.3,0.2,0.1,0.055,0.0265,0.008,0.005,0.001,0.448164582,0.036506656,0.409035902,0.10629286
235,235,Hulshout,,9198,Hulshout,9198,0.5,0.5,1,0,0,0,0,0,0.077148044,0.077148044,0.077148044,0.077148044,0.034086325,0.043565954,0.054659137,0.063533683,0.074626866,0.061113352,0.075837031,0.070794675,0.065752319,0.065147237,0.053448971,0.030859217,0.021581283,0.01956434,0.19,0.1145,0.3,0.2,0.1,0.055,0.0265,0.008,0.005,0.001,0.448164582,0.036506656,0.409035902,0.10629286
236,236,Huy,,19973,Huy,19973,0.5,0.5,1,0,0,0,0,0,0.077148044,0.077148044,0.077148044,0.077148044,0.034086325,0.043565954,0.054659137,0.063533683,0.074626866,0.061113352,0.075837031,0.070794675,0.065752319,0.065147237,0.053448971,0.030859217,0.021581283,0.01956434,0.19,0.1145,0.3,0.2,0.1,0.055,0.0265,0.008,0.005,0.001,0.448164582,0.036506656,0.409035902,0.10629286
237,237,Héron,,4305,Héron,4305,0.5,0.5,1,0,0,0,0,0,0.077148044,0.077148044,0.077148044,0.077148044,0.034086325,0.043565954,0.054659137,0.063533683,0.074626866,0.061113352,0.075837031,0.070794675,0.065752319,0.065147237,0.053448971,0.030859217,0.021581283,0.01956434,0.19,0.1145,0.3,0.2,0.1,0.055,0.0265,0.008,0.005,0.001,0.448164582,0.036506656,0.409035902,0.10629286
238,238,Ichtegem,,13582,Ichtegem,13582,0.5,0.5,1,0,0,0,0,0,0.077148044,0.077148044,0.077148044,0.077148044,0.034086325,0.043565954,0.054659137,0.063533683,0.074626866,0.061113352,0.075837031,0.070794675,0.065752319,0.065147237,0.053448971,0.030859217,0.021581283,0.01956434,0.19,0.1145,0.3,0.2,0.1,0.055,0.0265,0.008,0.005,0.001,0.448164582,0.036506656,0.409035902,0.10629286
239,239,Ieper,,35089,Ieper,35089,0.5,0.5,1,0,0,0,0,0,0.077148044,0.077148044,0.077148044,0.077148044,0.034086325,0.043565954,0.054659137,0.063533683,0.074626866,0.061113352,0.075837031,0.070794675,0.065752319,0.065147237,0.053448971,0.030859217,0.021581283,0.01956434,0.19,0.1145,0.3,0.2,0.1,0.055,0.0265,0.008,0.005,0.001,0.448164582,0.036506656,0.409035902,0.10629286
240,240,Incourt,,4395,Incourt,4395,0.5,0.5,1,0,0,0,0,0,0.077148044,0.077148044,0.077148044,0.077148044,0.034086325,0.043565954,0.054659137,0.063533683,0.074626866,0.061113352,0.075837031,0.070794675,0.065752319,0.065147237,0.053448971,0.030859217,0.021581283,0.01956434,0.19,0.1145,0.3,0.2,0.1,0.055,0.0265,0.008,0.005,0.001,0.448164582,0.036506656,0.409035902,0.10629286
241,241,Ingelmunster,,10603,Ingelmunster,10603,0.5,0.5,1,0,0,0,0,0,0.077148044,0.077148044,0.077148044,0.077148044,0.034086325,0.043565954,0.054659137,0.063533683,0.074626866,0.061113352,0.075837031,0.070794675,0.065752319,0.065147237,0.053448971,0.030859217,0.021581283,0.01956434,0.19,0.1145,0.3,0.2,0.1,0.055,0.0265,0.008,0.005,0.001,0.448164582,0.036506656,0.409035902,0.10629286
242,242,Ittre,,6014,Ittre,6014,0.5,0.5,1,0,0,0,0,0,0.077148044,0.077148044,0.077148044,0.077148044,0.034086325,0.043565954,0.054659137,0.063533683,0.074626866,0.061113352,0.075837031,0.070794675,0.065752319,0.065147237,0.053448971,0.030859217,0.021581283,0.01956434,0.19,0.1145,0.3,0.2,0.1,0.055,0.0265,0.008,0.005,0.001,0.448164582,0.036506656,0.409035902,0.10629286
243,243,Izegem,,26382,Izegem,26382,0.5,0.5,1,0,0,0,0,0,0.077148044,0.077148044,0.077148044,0.077148044,0.034086325,0.043565954,0.054659137,0.063533683,0.074626866,0.061113352,0.075837031,0.070794675,0.065752319,0.065147237,0.053448971,0.030859217,0.021581283,0.01956434,0.19,0.1145,0.3,0.2,0.1,0.055,0.0265,0.008,0.005,0.001,0.448164582,0.036506656,0.409035902,0.10629286
244,244,Jabbeke,,13488,Jabbeke,13488,0.5,0.5,1,0,0,0,0,0,0.077148044,0.077148044,0.077148044,0.077148044,0.034086325,0.043565954,0.054659137,0.063533683,0.074626866,0.061113352,0.075837031,0.070794675,0.065752319,0.065147237,0.053448971,0.030859217,0.021581283,0.01956434,0.19,0.1145,0.3,0.2,0.1,0.055,0.0265,0.008,0.005,0.001,0.448164582,0.036506656,0.409035902,0.10629286
245,245,Jalhay,,7688,Jalhay,7688,0.5,0.5,1,0,0,0,0,0,0.077148044,0.077148044,0.077148044,0.077148044,0.034086325,0.043565954,0.054659137,0.063533683,0.074626866,0.061113352,0.075837031,0.070794675,0.065752319,0.065147237,0.053448971,0.030859217,0.021581283,0.01956434,0.19,0.1145,0.3,0.2,0.1,0.055,0.0265,0.008,0.005,0.001,0.448164582,0.036506656,0.409035902,0.10629286
246,246,Jodoigne,,11930,Jodoigne,11930,0.5,0.5,1,0,0,0,0,0,0.077148044,0.077148044,0.077148044,0.077148044,0.034086325,0.043565954,0.054659137,0.063533683,0.074626866,0.061113352,0.075837031,0.070794675,0.065752319,0.065147237,0.053448971,0.030859217,0.021581283,0.01956434,0.19,0.1145,0.3,0.2,0.1,0.055,0.0265,0.008,0.005,0.001,0.448164582,0.036506656,0.409035902,0.10629286
247,247,Juprelle,,8354,Juprelle,8354,0.5,0.5,1,0,0,0,0,0,0.077148044,0.077148044,0.077148044,0.077148044,0.034086325,0.043565954,0.054659137,0.063533683,0.074626866,0.061113352,0.075837031,0.070794675,0.065752319,0.065147237,0.053448971,0.030859217,0.021581283,0.01956434,0.19,0.1145,0.3,0.2,0.1,0.055,0.0265,0.008,0.005,0.001,0.448164582,0.036506656,0.409035902,0.10629286
248,248,Jurbise,,9483,Jurbise,9483,0.5,0.5,1,0,0,0,0,0,0.077148044,0.077148044,0.077148044,0.077148044,0.034086325,0.043565954,0.054659137,0.063533683,0.074626866,0.061113352,0.075837031,0.070794675,0.065752319,0.065147237,0.053448971,0.030859217,0.021581283,0.01956434,0.19,0.1145,0.3,0.2,0.1,0.055,0.0265,0.008,0.005,0.001,0.448164582,0.036506656,0.409035902,0.10629286
249,249,Kalmthout,,17485,Kalmthout,17485,0.5,0.5,1,0,0,0,0,0,0.077148044,0.077148044,0.077148044,0.077148044,0.034086325,0.043565954,0.054659137,0.063533683,0.074626866,0.061113352,0.075837031,0.070794675,0.065752319,0.065147237,0.053448971,0.030859217,0.021581283,0.01956434,0.19,0.1145,0.3,0.2,0.1,0.055,0.0265,0.008,0.005,0.001,0.448164582,0.036506656,0.409035902,0.10629286
250,250,Kampenhout,,10784,Kampenhout,10784,0.5,0.5,1,0,0,0,0,0,0.077148044,0.077148044,0.077148044,0.077148044,0.034086325,0.043565954,0.054659137,0.063533683,0.074626866,0.061113352,0.075837031,0.070794675,0.065752319,0.065147237,0.053448971,0.030859217,0.021581283,0.01956434,0.19,0.1145,0.3,0.2,0.1,0.055,0.0265,0.008,0.005,0.001,0.448164582,0.036506656,0.409035902,0.10629286
252,252,Kapellen,,26410,Kapellen,26410,0.5,0.5,1,0,0,0,0,0,0.077148044,0.077148044,0.077148044,0.077148044,0.034086325,0.043565954,0.054659137,0.063533683,0.074626866,0.061113352,0.075837031,0.070794675,0.065752319,0.065147237,0.053448971,0.030859217,0.021581283,0.01956434,0.19,0.1145,0.3,0.2,0.1,0.055,0.0265,0.008,0.005,0.001,0.448164582,0.036506656,0.409035902,0.10629286
253,253,Kaprijke,,6114,Kaprijke,6114,0.5,0.5,1,0,0,0,0,0,0.077148044,0.077148044,0.077148044,0.077148044,0.034086325,0.043565954,0.054659137,0.063533683,0.074626866,0.061113352,0.075837031,0.070794675,0.065752319,0.065147237,0.053448971,0.030859217,0.021581283,0.01956434,0.19,0.1145,0.3,0.2,0.1,0.055,0.0265,0.008,0.005,0.001,0.448164582,0.036506656,0.409035902,0.10629286
254,254,Kasterlee,,17765,Kasterlee,17765,0.5,0.5,1,0,0,0,0,0,0.077148044,0.077148044,0.077148044,0.077148044,0.034086325,0.043565954,0.054659137,0.063533683,0.074626866,0.061113352,0.075837031,0.070794675,0.065752319,0.065147237,0.053448971,0.030859217,0.021581283,0.01956434,0.19,0.1145,0.3,0.2,0.1,0.055,0.0265,0.008,0.005,0.001,0.448164582,0.036506656,0.409035902,0.10629286
255,255,Keerbergen,,12363,Keerbergen,12363,0.5,0.5,1,0,0,0,0,0,0.077148044,0.077148044,0.077148044,0.077148044,0.034086325,0.043565954,0.054659137,0.063533683,0.074626866,0.061113352,0.075837031,0.070794675,0.065752319,0.065147237,0.053448971,0.030859217,0.021581283,0.01956434,0.19,0.1145,0.3,0.2,0.1,0.055,0.0265,0.008,0.005,0.001,0.448164582,0.036506656,0.409035902,0.10629286
256,256,Kinrooi,,11946,Kinrooi,11946,0.5,0.5,1,0,0,0,0,0,0.077148044,0.077148044,0.077148044,0.077148044,0.034086325,0.043565954,0.054659137,0.063533683,0.074626866,0.061113352,0.075837031,0.070794675,0.065752319,0.065147237,0.053448971,0.030859217,0.021581283,0.01956434,0.19,0.1145,0.3,0.2,0.1,0.055,0.0265,0.008,0.005,0.001,0.448164582,0.036506656,0.409035902,0.10629286
257,257,Knesselare,,7889,Knesselare,7889,0.5,0.5,1,0,0,0,0,0,0.077148044,0.077148044,0.077148044,0.077148044,0.034086325,0.043565954,0.054659137,0.063533683,0.074626866,0.061113352,0.075837031,0.070794675,0.065752319,0.065147237,0.053448971,0.030859217,0.021581283,0.01956434,0.19,0.1145,0.3,0.2,0.1,0.055,0.0265,0.008,0.005,0.001,0.448164582,0.036506656,0.409035902,0.10629286
258,258,Knokke-Heist,,33781,Knokke-Heist,33781,0.5,0.5,1,0,0,0,0,0,0.077148044,0.077148044,0.077148044,0.077148044,0.034086325,0.043565954,0.054659137,0.063533683,0.074626866,0.061113352,0.075837031,0.070794675,0.065752319,0.065147237,0.053448971,0.030859217,0.021581283,0.01956434,0.19,0.1145,0.3,0.2,0.1,0.055,0.0265,0.008,0.005,0.001,0.448164582,0.036506656,0.409035902,0.10629286
259,259,Koekelare,,8317,Koekelare,8317,0.5,0.5,1,0,0,0,0,0,0.077148044,0.077148044,0.077148044,0.077148044,0.034086325,0.043565954,0.054659137,0.063533683,0.074626866,0.061113352,0.075837031,0.070794675,0.065752319,0.065147237,0.053448971,0.030859217,0.021581283,0.01956434,0.19,0.1145,0.3,0.2,0.1,0.055,0.0265,0.008,0.005,0.001,0.448164582,0.036506656,0.409035902,0.10629286
260,260,Koksijde,,21027,Koksijde,21027,0.5,0.5,1,0,0,0,0,0,0.077148044,0.077148044,0.077148044,0.077148044,0.034086325,0.043565954,0.054659137,0.063533683,0.074626866,0.061113352,0.075837031,0.070794675,0.065752319,0.065147237,0.053448971,0.030859217,0.021581283,0.01956434,0.19,0.1145,0.3,0.2,0.1,0.055,0.0265,0.008,0.005,0.001,0.448164582,0.036506656,0.409035902,0.10629286
261,261,Kontich,,20290,Kontich,20290,0.5,0.5,1,0,0,0,0,0,0.077148044,0.077148044,0.077148044,0.077148044,0.034086325,0.043565954,0.054659137,0.063533683,0.074626866,0.061113352,0.075837031,0.070794675,0.065752319,0.065147237,0.053448971,0.030859217,0.021581283,0.01956434,0.19,0.1145,0.3,0.2,0.1,0.055,0.0265,0.008,0.005,0.001,0.448164582,0.036506656,0.409035902,0.10629286
262,262,Kortemark,,11937,Kortemark,11937,0.5,0.5,1,0,0,0,0,0,0.077148044,0.077148044,0.077148044,0.077148044,0.034086325,0.043565954,0.054659137,0.063533683,0.074626866,0.061113352,0.075837031,0.070794675,0.065752319,0.065147237,0.053448971,0.030859217,0.021581283,0.01956434,0.19,0.1145,0.3,0.2,0.1,0.055,0.0265,0.008,0.005,0.001,0.448164582,0.036506656,0.409035902,0.10629286
263,263,Kortenaken,,7374,Kortenaken,7374,0.5,0.5,1,0,0,0,0,0,0.077148044,0.077148044,0.077148044,0.077148044,0.034086325,0.043565954,0.054659137,0.063533683,0.074626866,0.061113352,0.075837031,0.070794675,0.065752319,0.065147237,0.053448971,0.030859217,0.021581283,0.01956434,0.19,0.1145,0.3,0.2,0.1,0.055,0.0265,0.008,0.005,0.001,0.448164582,0.036506656,0.409035902,0.10629286
264,264,Kortenberg,,17774,Kortenberg,17774,0.5,0.5,1,0,0,0,0,0,0.077148044,0.077148044,0.077148044,0.077148044,0.034086325,0.043565954,0.054659137,0.063533683,0.074626866,0.061113352,0.075837031,0.070794675,0.065752319,0.065147237,0.053448971,0.030859217,0.021581283,0.01956434,0.19,0.1145,0.3,0.2,0.1,0.055,0.0265,0.008,0.005,0.001,0.448164582,0.036506656,0.409035902,0.10629286
265,265,Kortessem,,8042,Kortessem,8042,0.5,0.5,1,0,0,0,0,0,0.077148044,0.077148044,0.077148044,0.077148044,0.034086325,0.043565954,0.054659137,0.063533683,0.074626866,0.061113352,0.075837031,0.070794675,0.065752319,0.065147237,0.053448971,0.030859217,0.021581283,0.01956434,0.19,0.1145,0.3,0.2,0.1,0.055,0.0265,0.008,0.005,0.001,0.448164582,0.036506656,0.409035902,0.10629286
266,266,Kortrijk,,73879,Kortrijk,73879,0.5,0.5,1,0,0,0,0,0,0.077148044,0.077148044,0.077148044,0.077148044,0.034086325,0.043565954,0.054659137,0.063533683,0.074626866,0.061113352,0.075837031,0.070794675,0.065752319,0.065147237,0.053448971,0.030859217,0.021581283,0.01956434,0.19,0.1145,0.3,0.2,0.1,0.055,0.0265,0.008,0.005,0.001,0.448164582,0.036506656,0.409035902,0.10629286
267,267,Kraainem,,12815,Kraainem,12815,0.5,0.5,1,0,0,0,0,0,0.077148044,0.077148044,0.077148044,0.077148044,0.034086325,0.043565954,0.054659137,0.063533683,0.074626866,0.061113352,0.075837031,0.070794675,0.065752319,0.065147237,0.053448971,0.030859217,0.021581283,0.01956434,0.19,0.1145,0.3,0.2,0.1,0.055,0.0265,0.008,0.005,0.001,0.448164582,0.036506656,0.409035902,0.10629286
268,268,Kruibeke,,14815,Kruibeke,14815,0.5,0.5,1,0,0,0,0,0,0.077148044,0.077148044,0.077148044,0.077148044,0.034086325,0.043565954,0.054659137,0.063533683,0.074626866,0.061113352,0.075837031,0.070794675,0.065752319,0.065147237,0.053448971,0.030859217,0.021581283,0.01956434,0.19,0.1145,0.3,0.2,0.1,0.055,0.0265,0.008,0.005,0.001,0.448164582,0.036506656,0.409035902,0.10629286
269,269,Kruishoutem,,8179,Kruishoutem,8179,0.5,0.5,1,0,0,0,0,0,0.077148044,0.077148044,0.077148044,0.077148044,0.034086325,0.043565954,0.054659137,0.063533683,0.074626866,0.061113352,0.075837031,0.070794675,0.065752319,0.065147237,0.053448971,0.030859217,0.021581283,0.01956434,0.19,0.1145,0.3,0.2,0.1,0.055,0.0265,0.008,0.005,0.001,0.448164582,0.036506656,0.409035902,0.10629286
270,270,Kuurne,,12638,Kuurne,12638,0.5,0.5,1,0,0,0,0,0,0.077148044,0.077148044,0.077148044,0.077148044,0.034086325,0.043565954,0.054659137,0.063533683,0.074626866,0.061113352,0.075837031,0.070794675,0.065752319,0.065147237,0.053448971,0.030859217,0.021581283,0.01956434,0.19,0.1145,0.3,0.2,0.1,0.055,0.0265,0.008,0.005,0.001,0.448164582,0.036506656,0.409035902,0.10629286
271,271,La Bruyère,,8194,La Bruyère,8194,0.5,0.5,1,0,0,0,0,0,0.077148044,0.077148044,0.077148044,0.077148044,0.034086325,0.043565954,0.054659137,0.063533683,0.074626866,0.061113352,0.075837031,0.070794675,0.065752319,0.065147237,0.053448971,0.030859217,0.021581283,0.01956434,0.19,0.1145,0.3,0.2,0.1,0.055,0.0265,0.008,0.005,0.001,0.448164582,0.036506656,0.409035902,0.10629286
272,272,La Calamine,,10232,La Calamine,10232,0.5,0.5,1,0,0,0,0,0,0.077148044,0.077148044,0.077148044,0.077148044,0.034086325,0.043565954,0.054659137,0.063533683,0.074626866,0.061113352,0.075837031,0.070794675,0.065752319,0.065147237,0.053448971,0.030859217,0.021581283,0.01956434,0.19,0.1145,0.3,0.2,0.1,0.055,0.0265,0.008,0.005,0.001,0.448164582,0.036506656,0.409035902,0.10629286
273,273,La Hulpe,,7415,La Hulpe,7415,0.5,0.5,1,0,0,0,0,0,0.077148044,0.077148044,0.077148044,0.077148044,0.034086325,0.043565954,0.054659137,0.063533683,0.074626866,0.061113352,0.075837031,0.070794675,0.065752319,0.065147237,0.053448971,0.030859217,0.021581283,0.01956434,0.19,0.1145,0.3,0.2,0.1,0.055,0.0265,0.008,0.005,0.001,0.448164582,0.036506656,0.409035902,0.10629286
274,274,La Louvière,,76668,La Louvière,76668,0.5,0.5,1,0,0,0,0,0,0.077148044,0.077148044,0.077148044,0.077148044,0.034086325,0.043565954,0.054659137,0.063533683,0.074626866,0.061113352,0.075837031,0.070794675,0.065752319,0.065147237,0.053448971,0.030859217,0.021581283,0.01956434,0.19,0.1145,0.3,0.2,0.1,0.055,0.0265,0.008,0.005,0.001,0.448164582,0.036506656,0.409035902,0.10629286
276,276,Laakdal,,0,Laakdal,0,0.5,0.5,1,0,0,0,0,0,0.077148044,0.077148044,0.077148044,0.077148044,0.034086325,0.043565954,0.054659137,0.063533683,0.074626866,0.061113352,0.075837031,0.070794675,0.065752319,0.065147237,0.053448971,0.030859217,0.021581283,0.01956434,0.19,0.1145,0.3,0.2,0.1,0.055,0.0265,0.008,0.005,0.001,0.448164582,0.036506656,0.409035902,0.10629286
277,277,Laarne,,11600,Laarne,11600,0.5,0.5,1,0,0,0,0,0,0.077148044,0.077148044,0.077148044,0.077148044,0.034086325,0.043565954,0.054659137,0.063533683,0.074626866,0.061113352,0.075837031,0.070794675,0.065752319,0.065147237,0.053448971,0.030859217,0.021581283,0.01956434,0.19,0.1145,0.3,0.2,0.1,0.055,0.0265,0.008,0.005,0.001,0.448164582,0.036506656,0.409035902,0.10629286
278,278,Lanaken,,24771,Lanaken,24771,0.5,0.5,1,0,0,0,0,0,0.077148044,0.077148044,0.077148044,0.077148044,0.034086325,0.043565954,0.054659137,0.063533683,0.074626866,0.061113352,0.075837031,0.070794675,0.065752319,0.065147237,0.053448971,0.030859217,0.021581283,0.01956434,0.19,0.1145,0.3,0.2,0.1,0.055,0.0265,0.008,0.005,0.001,0.448164582,0.036506656,0.409035902,0.10629286
279,279,Landen,,14458,Landen,14458,0.5,0.5,1,0,0,0,0,0,0.077148044,0.077148044,0.077148044,0.077148044,0.034086325,0.043565954,0.054659137,0.063533683,0.074626866,0.061113352,0.075837031,0.070794675,0.065752319,0.065147237,0.053448971,0.030859217,0.021581283,0.01956434,0.19,0.1145,0.3,0.2,0.1,0.055,0.0265,0.008,0.005,0.001,0.448164582,0.036506656,0.409035902,0.10629286
280,280,Lebbeke,,17372,Lebbeke,17372,0.5,0.5,1,0,0,0,0,0,0.077148044,0.077148044,0.077148044,0.077148044,0.034086325,0.043565954,0.054659137,0.063533683,0.074626866,0.061113352,0.075837031,0.070794675,0.065752319,0.065147237,0.053448971,0.030859217,0.021581283,0.01956434,0.19,0.1145,0.3,0.2,0.1,0.055,0.0265,0.008,0.005,0.001,0.448164582,0.036506656,0.409035902,0.10629286
281,281,Lede,,16813,Lede,16813,0.5,0.5,1,0,0,0,0,0,0.077148044,0.077148044,0.077148044,0.077148044,0.034086325,0.043565954,0.054659137,0.063533683,0.074626866,0.061113352,0.075837031,0.070794675,0.065752319,0.065147237,0.053448971,0.030859217,0.021581283,0.01956434,0.19,0.1145,0.3,0.2,0.1,0.055,0.0265,0.008,0.005,0.001,0.448164582,0.036506656,0.409035902,0.10629286
282,282,Ledeberg,,1500,Ledeberg,1500,0.5,0.5,1,0,0,0,0,0,0.077148044,0.077148044,0.077148044,0.077148044,0.034086325,0.043565954,0.054659137,0.063533683,0.074626866,0.061113352,0.075837031,0.070794675,0.065752319,0.065147237,0.053448971,0.030859217,0.021581283,0.01956434,0.19,0.1145,0.3,0.2,0.1,0.055,0.0265,0.008,0.005,0.001,0.448164582,0.036506656,0.409035902,0.10629286
283,283,Ledeberg,,8454,Ledeberg,8454,0.5,0.5,1,0,0,0,0,0,0.077148044,0.077148044,0.077148044,0.077148044,0.034086325,0.043565954,0.054659137,0.063533683,0.074626866,0.061113352,0.075837031,0.070794675,0.065752319,0.065147237,0.053448971,0.030859217,0.021581283,0.01956434,0.19,0.1145,0.3,0.2,0.1,0.055,0.0265,0.008,0.005,0.001,0.448164582,0.036506656,0.409035902,0.10629286
284,284,Ledegem,,9102,Ledegem,9102,0.5,0.5,1,0,0,0,0,0,0.077148044,0.077148044,0.077148044,0.077148044,0.034086325,0.043565954,0.054659137,0.063533683,0.074626866,0.061113352,0.075837031,0.070794675,0.065752319,0.065147237,0.053448971,0.030859217,0.021581283,0.01956434,0.19,0.1145,0.3,0.2,0.1,0.055,0.0265,0.008,0.005,0.001,0.448164582,0.036506656,0.409035902,0.10629286
285,285,Lendelede,,5393,Lendelede,5393,0.5,0.5,1,0,0,0,0,0,0.077148044,0.077148044,0.077148044,0.077148044,0.034086325,0.043565954,0.054659137,0.063533683,0.074626866,0.061113352,0.075837031,0.070794675,0.065752319,0.065147237,0.053448971,0.030859217,0.021581283,0.01956434,0.19,0.1145,0.3,0.2,0.1,0.055,0.0265,0.008,0.005,0.001,0.448164582,0.036506656,0.409035902,0.10629286
286,286,Lennik,,0,Lennik,0,0.5,0.5,1,0,0,0,0,0,0.077148044,0.077148044,0.077148044,0.077148044,0.034086325,0.043565954,0.054659137,0.063533683,0.074626866,0.061113352,0.075837031,0.070794675,0.065752319,0.065147237,0.053448971,0.030859217,0.021581283,0.01956434,0.19,0.1145,0.3,0.2,0.1,0.055,0.0265,0.008,0.005,0.001,0.448164582,0.036506656,0.409035902,0.10629286
287,287,Lens,,3902,Lens,3902,0.5,0.5,1,0,0,0,0,0,0.077148044,0.077148044,0.077148044,0.077148044,0.034086325,0.043565954,0.054659137,0.063533683,0.074626866,0.061113352,0.075837031,0.070794675,0.065752319,0.065147237,0.053448971,0.030859217,0.021581283,0.01956434,0.19,0.1145,0.3,0.2,0.1,0.055,0.0265,0.008,0.005,0.001,0.448164582,0.036506656,0.409035902,0.10629286
288,288,Leopoldsburg,,14149,Leopoldsburg,14149,0.5,0.5,1,0,0,0,0,0,0.077148044,0.077148044,0.077148044,0.077148044,0.034086325,0.043565954,0.054659137,0.063533683,0.074626866,0.061113352,0.075837031,0.070794675,0.065752319,0.065147237,0.053448971,0.030859217,0.021581283,0.01956434,0.19,0.1145,0.3,0.2,0.1,0.055,0.0265,0.008,0.005,0.001,0.448164582,0.036506656,0.409035902,0.10629286
289,289,Lessines,,17687,Lessines,17687,0.5,0.5,1,0,0,0,0,0,0.077148044,0.077148044,0.077148044,0.077148044,0.034086325,0.043565954,0.054659137,0.063533683,0.074626866,0.061113352,0.075837031,0.070794675,0.065752319,0.065147237,0.053448971,0.030859217,0.021581283,0.01956434,0.19,0.1145,0.3,0.2,0.1,0.055,0.0265,0.008,0.005,0.001,0.448164582,0.036506656,0.409035902,0.10629286
290,290,Leuven,,92892,Leuven,92892,0.5,0.5,1,0,0,0,0,0,0.077148044,0.077148044,0.077148044,0.077148044,0.034086325,0.043565954,0.054659137,0.063533683,0.074626866,0.061113352,0.075837031,0.070794675,0.065752319,0.065147237,0.053448971,0.030859217,0.021581283,0.01956434,0.19,0.1145,0.3,0.2,0.1,0.055,0.0265,0.008,0.005,0.001,0.448164582,0.036506656,0.409035902,0.10629286
291,291,Libin,,4609,Libin,4609,0.5,0.5,1,0,0,0,0,0,0.077148044,0.077148044,0.077148044,0.077148044,0.034086325,0.043565954,0.054659137,0.063533683,0.074626866,0.061113352,0.075837031,0.070794675,0.065752319,0.065147237,0.053448971,0.030859217,0.021581283,0.01956434,0.19,0.1145,0.3,0.2,0.1,0.055,0.0265,0.008,0.005,0.001,0.448164582,0.036506656,0.409035902,0.10629286
292,292,Lichtervelde,,8169,Lichtervelde,8169,0.5,0.5,1,0,0,0,0,0,0.077148044,0.077148044,0.077148044,0.077148044,0.034086325,0.043565954,0.054659137,0.063533683,0.074626866,0.061113352,0.075837031,0.070794675,0.065752319,0.065147237,0.053448971,0.030859217,0.021581283,0.01956434,0.19,0.1145,0.3,0.2,0.1,0.055,0.0265,0.008,0.005,0.001,0.448164582,0.036506656,0.409035902,0.10629286
293,293,Liedekerke,,11980,Liedekerke,11980,0.5,0.5,1,0,0,0,0,0,0.077148044,0.077148044,0.077148044,0.077148044,0.034086325,0.043565954,0.054659137,0.063533683,0.074626866,0.061113352,0.075837031,0.070794675,0.065752319,0.065147237,0.053448971,0.030859217,0.021581283,0.01956434,0.19,0.1145,0.3,0.2,0.1,0.055,0.0265,0.008,0.005,0.001,0.448164582,0.036506656,0.409035902,0.10629286
294,294,Lier,,33272,Lier,33272,0.5,0.5,1,0,0,0,0,0,0.077148044,0.077148044,0.077148044,0.077148044,0.034086325,0.043565954,0.054659137,0.063533683,0.074626866,0.061113352,0.075837031,0.070794675,0.065752319,0.065147237,0.053448971,0.030859217,0.021581283,0.01956434,0.19,0.1145,0.3,0.2,0.1,0.055,0.0265,0.008,0.005,0.001,0.448164582,0.036506656,0.409035902,0.10629286
295,295,Lierneux,,3332,Lierneux,3332,0.5,0.5,1,0,0,0,0,0,0.077148044,0.077148044,0.077148044,0.077148044,0.034086325,0.043565954,0.054659137,0.063533683,0.074626866,0.061113352,0.075837031,0.070794675,0.065752319,0.065147237,0.053448971,0.030859217,0.021581283,0.01956434,0.19,0.1145,0.3,0.2,0.1,0.055,0.0265,0.008,0.005,0.001,0.448164582,0.036506656,0.409035902,0.10629286
296,296,Lille,,15466,Lille,15466,0.5,0.5,1,0,0,0,0,0,0.077148044,0.077148044,0.077148044,0.077148044,0.034086325,0.043565954,0.054659137,0.063533683,0.074626866,0.061113352,0.075837031,0.070794675,0.065752319,0.065147237,0.053448971,0.030859217,0.021581283,0.01956434,0.19,0.1145,0.3,0.2,0.1,0.055,0.0265,0.008,0.005,0.001,0.448164582,0.036506656,0.409035902,0.10629286
297,297,Limbourg,,5612,Limbourg,5612,0.5,0.5,1,0,0,0,0,0,0.077148044,0.077148044,0.077148044,0.077148044,0.034086325,0.043565954,0.054659137,0.063533683,0.074626866,0.061113352,0.075837031,0.070794675,0.065752319,0.065147237,0.053448971,0.030859217,0.021581283,0.01956434,0.19,0.1145,0.3,0.2,0.1,0.055,0.0265,0.008,0.005,0.001,0.448164582,0.036506656,0.409035902,0.10629286
298,298,Lincent,,2884,Lincent,2884,0.5,0.5,1,0,0,0,0,0,0.077148044,0.077148044,0.077148044,0.077148044,0.034086325,0.043565954,0.054659137,0.063533683,0.074626866,0.061113352,0.075837031,0.070794675,0.065752319,0.065147237,0.053448971,0.030859217,0.021581283,0.01956434,0.19,0.1145,0.3,0.2,0.1,0.055,0.0265,0.008,0.005,0.001,0.448164582,0.036506656,0.409035902,0.10629286
299,299,Linkebeek,,4823,Linkebeek,4823,0.5,0.5,1,0,0,0,0,0,0.077148044,0.077148044,0.077148044,0.077148044,0.034086325,0.043565954,0.054659137,0.063533683,0.074626866,0.061113352,0.075837031,0.070794675,0.065752319,0.065147237,0.053448971,0.030859217,0.021581283,0.01956434,0.19,0.1145,0.3,0.2,0.1,0.055,0.0265,0.008,0.005,0.001,0.448164582,0.036506656,0.409035902,0.10629286
300,300,Lint,,7982,Lint,7982,0.5,0.5,1,0,0,0,0,0,0.077148044,0.077148044,0.077148044,0.077148044,0.034086325,0.043565954,0.054659137,0.063533683,0.074626866,0.061113352,0.075837031,0.070794675,0.065752319,0.065147237,0.053448971,0.030859217,0.021581283,0.01956434,0.19,0.1145,0.3,0.2,0.1,0.055,0.0265,0.008,0.005,0.001,0.448164582,0.036506656,0.409035902,0.10629286
301,301,Liège,,182597,Liège,182597,0.5,0.5,1,0,0,0,0,0,0.077148044,0.077148044,0.077148044,0.077148044,0.034086325,0.043565954,0.054659137,0.063533683,0.074626866,0.061113352,0.075837031,0.070794675,0.065752319,0.065147237,0.053448971,0.030859217,0.021581283,0.01956434,0.19,0.1145,0.3,0.2,0.1,0.055,0.0265,0.008,0.005,0.001,0.448164582,0.036506656,0.409035902,0.10629286
302,302,Lobbes,,5467,Lobbes,5467,0.5,0.5,1,0,0,0,0,0,0.077148044,0.077148044,0.077148044,0.077148044,0.034086325,0.043565954,0.054659137,0.063533683,0.074626866,0.061113352,0.075837031,0.070794675,0.065752319,0.065147237,0.053448971,0.030859217,0.021581283,0.01956434,0.19,0.1145,0.3,0.2,0.1,0.055,0.0265,0.008,0.005,0.001,0.448164582,0.036506656,0.409035902,0.10629286
303,303,Lochristi,,19696,Lochristi,19696,0.5,0.5,1,0,0,0,0,0,0.077148044,0.077148044,0.077148044,0.077148044,0.034086325,0.043565954,0.054659137,0.063533683,0.074626866,0.061113352,0.075837031,0.070794675,0.065752319,0.065147237,0.053448971,0.030859217,0.021581283,0.01956434,0.19,0.1145,0.3,0.2,0.1,0.055,0.0265,0.008,0.005,0.001,0.448164582,0.036506656,0.409035902,0.10629286
304,304,Lokeren,,37567,Lokeren,37567,0.5,0.5,1,0,0,0,0,0,0.077148044,0.077148044,0.077148044,0.077148044,0.034086325,0.043565954,0.054659137,0.063533683,0.074626866,0.061113352,0.075837031,0.070794675,0.065752319,0.065147237,0.053448971,0.030859217,0.021581283,0.01956434,0.19,0.1145,0.3,0.2,0.1,0.055,0.0265,0.008,0.005,0.001,0.448164582,0.036506656,0.409035902,0.10629286
305,305,Lommel,,31993,Lommel,31993,0.5,0.5,1,0,0,0,0,0,0.077148044,0.077148044,0.077148044,0.077148044,0.034086325,0.043565954,0.054659137,0.063533683,0.074626866,0.061113352,0.075837031,0.070794675,0.065752319,0.065147237,0.053448971,0.030859217,0.021581283,0.01956434,0.19,0.1145,0.3,0.2,0.1,0.055,0.0265,0.008,0.005,0.001,0.448164582,0.036506656,0.409035902,0.10629286
306,306,Londerzeel,,17274,Londerzeel,17274,0.5,0.5,1,0,0,0,0,0,0.077148044,0.077148044,0.077148044,0.077148044,0.034086325,0.043565954,0.054659137,0.063533683,0.074626866,0.061113352,0.075837031,0.070794675,0.065752319,0.065147237,0.053448971,0.030859217,0.021581283,0.01956434,0.19,0.1145,0.3,0.2,0.1,0.055,0.0265,0.008,0.005,0.001,0.448164582,0.036506656,0.409035902,0.10629286
307,307,Lontzen,,4862,Lontzen,4862,0.5,0.5,1,0,0,0,0,0,0.077148044,0.077148044,0.077148044,0.077148044,0.034086325,0.043565954,0.054659137,0.063533683,0.074626866,0.061113352,0.075837031,0.070794675,0.065752319,0.065147237,0.053448971,0.030859217,0.021581283,0.01956434,0.19,0.1145,0.3,0.2,0.1,0.055,0.0265,0.008,0.005,0.001,0.448164582,0.036506656,0.409035902,0.10629286
309,309,Lovendegem,,9272,Lovendegem,9272,0.5,0.5,1,0,0,0,0,0,0.077148044,0.077148044,0.077148044,0.077148044,0.034086325,0.043565954,0.054659137,0.063533683,0.074626866,0.061113352,0.075837031,0.070794675,0.065752319,0.065147237,0.053448971,0.030859217,0.021581283,0.01956434,0.19,0.1145,0.3,0.2,0.1,0.055,0.0265,0.008,0.005,0.001,0.448164582,0.036506656,0.409035902,0.10629286
310,310,Lubbeek,,13574,Lubbeek,13574,0.5,0.5,1,0,0,0,0,0,0.077148044,0.077148044,0.077148044,0.077148044,0.034086325,0.043565954,0.054659137,0.063533683,0.074626866,0.061113352,0.075837031,0.070794675,0.065752319,0.065147237,0.053448971,0.030859217,0.021581283,0.01956434,0.19,0.1145,0.3,0.2,0.1,0.055,0.0265,0.008,0.005,0.001,0.448164582,0.036506656,0.409035902,0.10629286
311,311,Lummen,,13689,Lummen,13689,0.5,0.5,1,0,0,0,0,0,0.077148044,0.077148044,0.077148044,0.077148044,0.034086325,0.043565954,0.054659137,0.063533683,0.074626866,0.061113352,0.075837031,0.070794675,0.065752319,0.065147237,0.053448971,0.030859217,0.021581283,0.01956434,0.19,0.1145,0.3,0.2,0.1,0.055,0.0265,0.008,0.005,0.001,0.448164582,0.036506656,0.409035902,0.10629286
312,312,Léglise,,3865,Léglise,3865,0.5,0.5,1,0,0,0,0,0,0.077148044,0.077148044,0.077148044,0.077148044,0.034086325,0.043565954,0.054659137,0.063533683,0.074626866,0.061113352,0.075837031,0.070794675,0.065752319,0.065147237,0.053448971,0.030859217,0.021581283,0.01956434,0.19,0.1145,0.3,0.2,0.1,0.055,0.0265,0.008,0.005,0.001,0.448164582,0.036506656,0.409035902,0.10629286
313,313,Maaseik,,23684,Maaseik,23684,0.5,0.5,1,0,0,0,0,0,0.077148044,0.077148044,0.077148044,0.077148044,0.034086325,0.043565954,0.054659137,0.063533683,0.074626866,0.061113352,0.075837031,0.070794675,0.065752319,0.065147237,0.053448971,0.030859217,0.021581283,0.01956434,0.19,0.1145,0.3,0.2,0.1,0.055,0.0265,0.008,0.005,0.001,0.448164582,0.036506656,0.409035902,0.10629286
314,314,Maasmechelen,,36251,Maasmechelen,36251,0.5,0.5,1,0,0,0,0,0,0.077148044,0.077148044,0.077148044,0.077148044,0.034086325,0.043565954,0.054659137,0.063533683,0.074626866,0.061113352,0.075837031,0.070794675,0.065752319,0.065147237,0.053448971,0.030859217,0.021581283,0.01956434,0.19,0.1145,0.3,0.2,0.1,0.055,0.0265,0.008,0.005,0.001,0.448164582,0.036506656,0.409035902,0.10629286
315,315,Machelen,,12252,Machelen,12252,0.5,0.5,1,0,0,0,0,0,0.077148044,0.077148044,0.077148044,0.077148044,0.034086325,0.043565954,0.054659137,0.063533683,0.074626866,0.061113352,0.075837031,0.070794675,0.065752319,0.065147237,0.053448971,0.030859217,0.021581283,0.01956434,0.19,0.1145,0.3,0.2,0.1,0.055,0.0265,0.008,0.005,0.001,0.448164582,0.036506656,0.409035902,0.10629286
316,316,Maldegem,,22092,Maldegem,22092,0.5,0.5,1,0,0,0,0,0,0.077148044,0.077148044,0.077148044,0.077148044,0.034086325,0.043565954,0.054659137,0.063533683,0.074626866,0.061113352,0.075837031,0.070794675,0.065752319,0.065147237,0.053448971,0.030859217,0.021581283,0.01956434,0.19,0.1145,0.3,0.2,0.1,0.055,0.0265,0.008,0.005,0.001,0.448164582,0.036506656,0.409035902,0.10629286
317,317,Malmedy,,11514,Malmedy,11514,0.5,0.5,1,0,0,0,0,0,0.077148044,0.077148044,0.077148044,0.077148044,0.034086325,0.043565954,0.054659137,0.063533683,0.074626866,0.061113352,0.075837031,0.070794675,0.065752319,0.065147237,0.053448971,0.030859217,0.021581283,0.01956434,0.19,0.1145,0.3,0.2,0.1,0.055,0.0265,0.008,0.005,0.001,0.448164582,0.036506656,0.409035902,0.10629286
318,318,Manage,,22196,Manage,22196,0.5,0.5,1,0,0,0,0,0,0.077148044,0.077148044,0.077148044,0.077148044,0.034086325,0.043565954,0.054659137,0.063533683,0.074626866,0.061113352,0.075837031,0.070794675,0.065752319,0.065147237,0.053448971,0.030859217,0.021581283,0.01956434,0.19,0.1145,0.3,0.2,0.1,0.055,0.0265,0.008,0.005,0.001,0.448164582,0.036506656,0.409035902,0.10629286
319,319,Manhay,,3128,Manhay,3128,0.5,0.5,1,0,0,0,0,0,0.077148044,0.077148044,0.077148044,0.077148044,0.034086325,0.043565954,0.054659137,0.063533683,0.074626866,0.061113352,0.075837031,0.070794675,0.065752319,0.065147237,0.053448971,0.030859217,0.021581283,0.01956434,0.19,0.1145,0.3,0.2,0.1,0.055,0.0265,0.008,0.005,0.001,0.448164582,0.036506656,0.409035902,0.10629286
321,321,Marchin,,5063,Marchin,5063,0.5,0.5,1,0,0,0,0,0,0.077148044,0.077148044,0.077148044,0.077148044,0.034086325,0.043565954,0.054659137,0.063533683,0.074626866,0.061113352,0.075837031,0.070794675,0.065752319,0.065147237,0.053448971,0.030859217,0.021581283,0.01956434,0.19,0.1145,0.3,0.2,0.1,0.055,0.0265,0.008,0.005,0.001,0.448164582,0.036506656,0.409035902,0.10629286
322,322,Marchovelette,,798,Marchovelette,798,0.5,0.5,1,0,0,0,0,0,0.077148044,0.077148044,0.077148044,0.077148044,0.034086325,0.043565954,0.054659137,0.063533683,0.074626866,0.061113352,0.075837031,0.070794675,0.065752319,0.065147237,0.053448971,0.030859217,0.021581283,0.01956434,0.19,0.1145,0.3,0.2,0.1,0.055,0.0265,0.008,0.005,0.001,0.448164582,0.036506656,0.409035902,0.10629286
323,323,Martelange,,1440,Martelange,1440,0.5,0.5,1,0,0,0,0,0,0.077148044,0.077148044,0.077148044,0.077148044,0.034086325,0.043565954,0.054659137,0.063533683,0.074626866,0.061113352,0.075837031,0.070794675,0.065752319,0.065147237,0.053448971,0.030859217,0.021581283,0.01956434,0.19,0.1145,0.3,0.2,0.1,0.055,0.0265,0.008,0.005,0.001,0.448164582,0.036506656,0.409035902,0.10629286
324,324,Mechelen,,77530,Mechelen,77530,0.5,0.5,1,0,0,0,0,0,0.077148044,0.077148044,0.077148044,0.077148044,0.034086325,0.043565954,0.054659137,0.063533683,0.074626866,0.061113352,0.075837031,0.070794675,0.065752319,0.065147237,0.053448971,0.030859217,0.021581283,0.01956434,0.19,0.1145,0.3,0.2,0.1,0.055,0.0265,0.008,0.005,0.001,0.448164582,0.036506656,0.409035902,0.10629286
325,325,Meerhout,,9346,Meerhout,9346,0.5,0.5,1,0,0,0,0,0,0.077148044,0.077148044,0.077148044,0.077148044,0.034086325,0.043565954,0.054659137,0.063533683,0.074626866,0.061113352,0.075837031,0.070794675,0.065752319,0.065147237,0.053448971,0.030859217,0.021581283,0.01956434,0.19,0.1145,0.3,0.2,0.1,0.055,0.0265,0.008,0.005,0.001,0.448164582,0.036506656,0.409035902,0.10629286
326,326,Meise,,18497,Meise,18497,0.5,0.5,1,0,0,0,0,0,0.077148044,0.077148044,0.077148044,0.077148044,0.034086325,0.043565954,0.054659137,0.063533683,0.074626866,0.061113352,0.075837031,0.070794675,0.065752319,0.065147237,0.053448971,0.030859217,0.021581283,0.01956434,0.19,0.1145,0.3,0.2,0.1,0.055,0.0265,0.008,0.005,0.001,0.448164582,0.036506656,0.409035902,0.10629286
328,328,Melle,,10687,Melle,10687,0.5,0.5,1,0,0,0,0,0,0.077148044,0.077148044,0.077148044,0.077148044,0.034086325,0.043565954,0.054659137,0.063533683,0.074626866,0.061113352,0.075837031,0.070794675,0.065752319,0.065147237,0.053448971,0.030859217,0.021581283,0.01956434,0.19,0.1145,0.3,0.2,0.1,0.055,0.0265,0.008,0.005,0.001,0.448164582,0.036506656,0.409035902,0.10629286
329,329,Menen,,31916,Menen,31916,0.5,0.5,1,0,0,0,0,0,0.077148044,0.077148044,0.077148044,0.077148044,0.034086325,0.043565954,0.054659137,0.063533683,0.074626866,0.061113352,0.075837031,0.070794675,0.065752319,0.065147237,0.053448971,0.030859217,0.021581283,0.01956434,0.19,0.1145,0.3,0.2,0.1,0.055,0.0265,0.008,0.005,0.001,0.448164582,0.036506656,0.409035902,0.10629286
331,331,Merchtem,,14660,Merchtem,14660,0.5,0.5,1,0,0,0,0,0,0.077148044,0.077148044,0.077148044,0.077148044,0.034086325,0.043565954,0.054659137,0.063533683,0.074626866,0.061113352,0.075837031,0.070794675,0.065752319,0.065147237,0.053448971,0.030859217,0.021581283,0.01956434,0.19,0.1145,0.3,0.2,0.1,0.055,0.0265,0.008,0.005,0.001,0.448164582,0.036506656,0.409035902,0.10629286
332,332,Merelbeke,,22047,Merelbeke,22047,0.5,0.5,1,0,0,0,0,0,0.077148044,0.077148044,0.077148044,0.077148044,0.034086325,0.043565954,0.054659137,0.063533683,0.074626866,0.061113352,0.075837031,0.070794675,0.065752319,0.065147237,0.053448971,0.030859217,0.021581283,0.01956434,0.19,0.1145,0.3,0.2,0.1,0.055,0.0265,0.008,0.005,0.001,0.448164582,0.036506656,0.409035902,0.10629286
333,333,Merksplas,,7963,Merksplas,7963,0.5,0.5,1,0,0,0,0,0,0.077148044,0.077148044,0.077148044,0.077148044,0.034086325,0.043565954,0.054659137,0.063533683,0.074626866,0.061113352,0.075837031,0.070794675,0.065752319,0.065147237,0.053448971,0.030859217,0.021581283,0.01956434,0.19,0.1145,0.3,0.2,0.1,0.055,0.0265,0.008,0.005,0.001,0.448164582,0.036506656,0.409035902,0.10629286
334,334,Messancy,,7144,Messancy,7144,0.5,0.5,1,0,0,0,0,0,0.077148044,0.077148044,0.077148044,0.077148044,0.034086325,0.043565954,0.054659137,0.063533683,0.074626866,0.061113352,0.075837031,0.070794675,0.065752319,0.065147237,0.053448971,0.030859217,0.021581283,0.01956434,0.19,0.1145,0.3,0.2,0.1,0.055,0.0265,0.008,0.005,0.001,0.448164582,0.036506656,0.409035902,0.10629286
335,335,Messines,,975,Messines,975,0.5,0.5,1,0,0,0,0,0,0.077148044,0.077148044,0.077148044,0.077148044,0.034086325,0.043565954,0.054659137,0.063533683,0.074626866,0.061113352,0.075837031,0.070794675,0.065752319,0.065147237,0.053448971,0.030859217,0.021581283,0.01956434,0.19,0.1145,0.3,0.2,0.1,0.055,0.0265,0.008,0.005,0.001,0.448164582,0.036506656,0.409035902,0.10629286
336,336,Mettet,,12014,Mettet,12014,0.5,0.5,1,0,0,0,0,0,0.077148044,0.077148044,0.077148044,0.077148044,0.034086325,0.043565954,0.054659137,0.063533683,0.074626866,0.061113352,0.075837031,0.070794675,0.065752319,0.065147237,0.053448971,0.030859217,0.021581283,0.01956434,0.19,0.1145,0.3,0.2,0.1,0.055,0.0265,0.008,0.005,0.001,0.448164582,0.036506656,0.409035902,0.10629286
337,337,Meulebeke,,10948,Meulebeke,10948,0.5,0.5,1,0,0,0,0,0,0.077148044,0.077148044,0.077148044,0.077148044,0.034086325,0.043565954,0.054659137,0.063533683,0.074626866,0.061113352,0.075837031,0.070794675,0.065752319,0.065147237,0.053448971,0.030859217,0.021581283,0.01956434,0.19,0.1145,0.3,0.2,0.1,0.055,0.0265,0.008,0.005,0.001,0.448164582,0.036506656,0.409035902,0.10629286
338,338,Middelkerke,,17789,Middelkerke,17789,0.5,0.5,1,0,0,0,0,0,0.077148044,0.077148044,0.077148044,0.077148044,0.034086325,0.043565954,0.054659137,0.063533683,0.074626866,0.061113352,0.075837031,0.070794675,0.065752319,0.065147237,0.053448971,0.030859217,0.021581283,0.01956434,0.19,0.1145,0.3,0.2,0.1,0.055,0.0265,0.008,0.005,0.001,0.448164582,0.036506656,0.409035902,0.10629286
339,339,Modave,,3825,Modave,3825,0.5,0.5,1,0,0,0,0,0,0.077148044,0.077148044,0.077148044,0.077148044,0.034086325,0.043565954,0.054659137,0.063533683,0.074626866,0.061113352,0.075837031,0.070794675,0.065752319,0.065147237,0.053448971,0.030859217,0.021581283,0.01956434,0.19,0.1145,0.3,0.2,0.1,0.055,0.0265,0.008,0.005,0.001,0.448164582,0.036506656,0.409035902,0.10629286
340,340,Moerbeke,,5855,Moerbeke,5855,0.5,0.5,1,0,0,0,0,0,0.077148044,0.077148044,0.077148044,0.077148044,0.034086325,0.043565954,0.054659137,0.063533683,0.074626866,0.061113352,0.075837031,0.070794675,0.065752319,0.065147237,0.053448971,0.030859217,0.021581283,0.01956434,0.19,0.1145,0.3,0.2,0.1,0.055,0.0265,0.008,0.005,0.001,0.448164582,0.036506656,0.409035902,0.10629286
341,341,Mol,,32659,Mol,32659,0.5,0.5,1,0,0,0,0,0,0.077148044,0.077148044,0.077148044,0.077148044,0.034086325,0.043565954,0.054659137,0.063533683,0.074626866,0.061113352,0.075837031,0.070794675,0.065752319,0.065147237,0.053448971,0.030859217,0.021581283,0.01956434,0.19,0.1145,0.3,0.2,0.1,0.055,0.0265,0.008,0.005,0.001,0.448164582,0.036506656,0.409035902,0.10629286
342,342,Momignies,,5183,Momignies,5183,0.5,0.5,1,0,0,0,0,0,0.077148044,0.077148044,0.077148044,0.077148044,0.034086325,0.043565954,0.054659137,0.063533683,0.074626866,0.061113352,0.075837031,0.070794675,0.065752319,0.065147237,0.053448971,0.030859217,0.021581283,0.01956434,0.19,0.1145,0.3,0.2,0.1,0.055,0.0265,0.008,0.005,0.001,0.448164582,0.036506656,0.409035902,0.10629286
343,343,Mons,,91277,Mons,91277,0.5,0.5,1,0,0,0,0,0,0.077148044,0.077148044,0.077148044,0.077148044,0.034086325,0.043565954,0.054659137,0.063533683,0.074626866,0.061113352,0.075837031,0.070794675,0.065752319,0.065147237,0.053448971,0.030859217,0.021581283,0.01956434,0.19,0.1145,0.3,0.2,0.1,0.055,0.0265,0.008,0.005,0.001,0.448164582,0.036506656,0.409035902,0.10629286
345,345,Mont-Saint-Guibert,,6557,Mont-Saint-Guibert,6557,0.5,0.5,1,0,0,0,0,0,0.077148044,0.077148044,0.077148044,0.077148044,0.034086325,0.043565954,0.054659137,0.063533683,0.074626866,0.061113352,0.075837031,0.070794675,0.065752319,0.065147237,0.053448971,0.030859217,0.021581283,0.01956434,0.19,0.1145,0.3,0.2,0.1,0.055,0.0265,0.008,0.005,0.001,0.448164582,0.036506656,0.409035902,0.10629286
346,346,Moorslede,,10720,Moorslede,10720,0.5,0.5,1,0,0,0,0,0,0.077148044,0.077148044,0.077148044,0.077148044,0.034086325,0.043565954,0.054659137,0.063533683,0.074626866,0.061113352,0.075837031,0.070794675,0.065752319,0.065147237,0.053448971,0.030859217,0.021581283,0.01956434,0.19,0.1145,0.3,0.2,0.1,0.055,0.0265,0.008,0.005,0.001,0.448164582,0.036506656,0.409035902,0.10629286
347,347,Morlanwelz-Mariemont,,18233,Morlanwelz-Mariemont,18233,0.5,0.5,1,0,0,0,0,0,0.077148044,0.077148044,0.077148044,0.077148044,0.034086325,0.043565954,0.054659137,0.063533683,0.074626866,0.061113352,0.075837031,0.070794675,0.065752319,0.065147237,0.053448971,0.030859217,0.021581283,0.01956434,0.19,0.1145,0.3,0.2,0.1,0.055,0.0265,0.008,0.005,0.001,0.448164582,0.036506656,0.409035902,0.10629286
348,348,Mortsel,,24525,Mortsel,24525,0.5,0.5,1,0,0,0,0,0,0.077148044,0.077148044,0.077148044,0.077148044,0.034086325,0.043565954,0.054659137,0.063533683,0.074626866,0.061113352,0.075837031,0.070794675,0.065752319,0.065147237,0.053448971,0.030859217,0.021581283,0.01956434,0.19,0.1145,0.3,0.2,0.1,0.055,0.0265,0.008,0.005,0.001,0.448164582,0.036506656,0.409035902,0.10629286
349,349,Mouscron,,52069,Mouscron,52069,0.5,0.5,1,0,0,0,0,0,0.077148044,0.077148044,0.077148044,0.077148044,0.034086325,0.043565954,0.054659137,0.063533683,0.074626866,0.061113352,0.075837031,0.070794675,0.065752319,0.065147237,0.053448971,0.030859217,0.021581283,0.01956434,0.19,0.1145,0.3,0.2,0.1,0.055,0.0265,0.008,0.005,0.001,0.448164582,0.036506656,0.409035902,0.10629286
350,350,Musson,,4225,Musson,4225,0.5,0.5,1,0,0,0,0,0,0.077148044,0.077148044,0.077148044,0.077148044,0.034086325,0.043565954,0.054659137,0.063533683,0.074626866,0.061113352,0.075837031,0.070794675,0.065752319,0.065147237,0.053448971,0.030859217,0.021581283,0.01956434,0.19,0.1145,0.3,0.2,0.1,0.055,0.0265,0.008,0.005,0.001,0.448164582,0.036506656,0.409035902,0.10629286
351,351,Namur,,106284,Namur,106284,0.5,0.5,1,0,0,0,0,0,0.077148044,0.077148044,0.077148044,0.077148044,0.034086325,0.043565954,0.054659137,0.063533683,0.074626866,0.061113352,0.075837031,0.070794675,0.065752319,0.065147237,0.053448971,0.030859217,0.021581283,0.01956434,0.19,0.1145,0.3,0.2,0.1,0.055,0.0265,0.008,0.005,0.001,0.448164582,0.036506656,0.409035902,0.10629286
352,352,Nandrin,,5480,Nandrin,5480,0.5,0.5,1,0,0,0,0,0,0.077148044,0.077148044,0.077148044,0.077148044,0.034086325,0.043565954,0.054659137,0.063533683,0.074626866,0.061113352,0.075837031,0.070794675,0.065752319,0.065147237,0.053448971,0.030859217,0.021581283,0.01956434,0.19,0.1145,0.3,0.2,0.1,0.055,0.0265,0.008,0.005,0.001,0.448164582,0.036506656,0.409035902,0.10629286
353,353,Nassogne,,5081,Nassogne,5081,0.5,0.5,1,0,0,0,0,0,0.077148044,0.077148044,0.077148044,0.077148044,0.034086325,0.043565954,0.054659137,0.063533683,0.074626866,0.061113352,0.075837031,0.070794675,0.065752319,0.065147237,0.053448971,0.030859217,0.021581283,0.01956434,0.19,0.1145,0.3,0.2,0.1,0.055,0.0265,0.008,0.005,0.001,0.448164582,0.036506656,0.409035902,0.10629286
354,354,Nazareth,,10890,Nazareth,10890,0.5,0.5,1,0,0,0,0,0,0.077148044,0.077148044,0.077148044,0.077148044,0.034086325,0.043565954,0.054659137,0.063533683,0.074626866,0.061113352,0.075837031,0.070794675,0.065752319,0.065147237,0.053448971,0.030859217,0.021581283,0.01956434,0.19,0.1145,0.3,0.2,0.1,0.055,0.0265,0.008,0.005,0.001,0.448164582,0.036506656,0.409035902,0.10629286
355,355,Neerpelt,,16122,Neerpelt,16122,0.5,0.5,1,0,0,0,0,0,0.077148044,0.077148044,0.077148044,0.077148044,0.034086325,0.043565954,0.054659137,0.063533683,0.074626866,0.061113352,0.075837031,0.070794675,0.065752319,0.065147237,0.053448971,0.030859217,0.021581283,0.01956434,0.19,0.1145,0.3,0.2,0.1,0.055,0.0265,0.008,0.005,0.001,0.448164582,0.036506656,0.409035902,0.10629286
356,356,Neufchâteau,,6416,Neufchâteau,6416,0.5,0.5,1,0,0,0,0,0,0.077148044,0.077148044,0.077148044,0.077148044,0.034086325,0.043565954,0.054659137,0.063533683,0.074626866,0.061113352,0.075837031,0.070794675,0.065752319,0.065147237,0.053448971,0.030859217,0.021581283,0.01956434,0.19,0.1145,0.3,0.2,0.1,0.055,0.0265,0.008,0.005,0.001,0.448164582,0.036506656,0.409035902,0.10629286
357,357,Nevele,,11153,Nevele,11153,0.5,0.5,1,0,0,0,0,0,0.077148044,0.077148044,0.077148044,0.077148044,0.034086325,0.043565954,0.054659137,0.063533683,0.074626866,0.061113352,0.075837031,0.070794675,0.065752319,0.065147237,0.053448971,0.030859217,0.021581283,0.01956434,0.19,0.1145,0.3,0.2,0.1,0.055,0.0265,0.008,0.005,0.001,0.448164582,0.036506656,0.409035902,0.10629286
358,358,Niel,,8656,Niel,8656,0.5,0.5,1,0,0,0,0,0,0.077148044,0.077148044,0.077148044,0.077148044,0.034086325,0.043565954,0.054659137,0.063533683,0.074626866,0.061113352,0.075837031,0.070794675,0.065752319,0.065147237,0.053448971,0.030859217,0.021581283,0.01956434,0.19,0.1145,0.3,0.2,0.1,0.055,0.0265,0.008,0.005,0.001,0.448164582,0.036506656,0.409035902,0.10629286
359,359,Nieuwerkerken,,6466,Nieuwerkerken,6466,0.5,0.5,1,0,0,0,0,0,0.077148044,0.077148044,0.077148044,0.077148044,0.034086325,0.043565954,0.054659137,0.063533683,0.074626866,0.061113352,0.075837031,0.070794675,0.065752319,0.065147237,0.053448971,0.030859217,0.021581283,0.01956434,0.19,0.1145,0.3,0.2,0.1,0.055,0.0265,0.008,0.005,0.001,0.448164582,0.036506656,0.409035902,0.10629286
360,360,Nieuwpoort,,10845,Nieuwpoort,10845,0.5,0.5,1,0,0,0,0,0,0.077148044,0.077148044,0.077148044,0.077148044,0.034086325,0.043565954,0.054659137,0.063533683,0.074626866,0.061113352,0.075837031,0.070794675,0.065752319,0.065147237,0.053448971,0.030859217,0.021581283,0.01956434,0.19,0.1145,0.3,0.2,0.1,0.055,0.0265,0.008,0.005,0.001,0.448164582,0.036506656,0.409035902,0.10629286
361,361,Nijlen,,20792,Nijlen,20792,0.5,0.5,1,0,0,0,0,0,0.077148044,0.077148044,0.077148044,0.077148044,0.034086325,0.043565954,0.054659137,0.063533683,0.074626866,0.061113352,0.075837031,0.070794675,0.065752319,0.065147237,0.053448971,0.030859217,0.021581283,0.01956434,0.19,0.1145,0.3,0.2,0.1,0.055,0.0265,0.008,0.005,0.001,0.448164582,0.036506656,0.409035902,0.10629286
362,362,Ninove,,34795,Ninove,34795,0.5,0.5,1,0,0,0,0,0,0.077148044,0.077148044,0.077148044,0.077148044,0.034086325,0.043565954,0.054659137,0.063533683,0.074626866,0.061113352,0.075837031,0.070794675,0.065752319,0.065147237,0.053448971,0.030859217,0.021581283,0.01956434,0.19,0.1145,0.3,0.2,0.1,0.055,0.0265,0.008,0.005,0.001,0.448164582,0.036506656,0.409035902,0.10629286
363,363,Nivelles,,24149,Nivelles,24149,0.5,0.5,1,0,0,0,0,0,0.077148044,0.077148044,0.077148044,0.077148044,0.034086325,0.043565954,0.054659137,0.063533683,0.074626866,0.061113352,0.075837031,0.070794675,0.065752319,0.065147237,0.053448971,0.030859217,0.021581283,0.01956434,0.19,0.1145,0.3,0.2,0.1,0.055,0.0265,0.008,0.005,0.001,0.448164582,0.036506656,0.409035902,0.10629286
365,365,Ohey,,4324,Ohey,4324,0.5,0.5,1,0,0,0,0,0,0.077148044,0.077148044,0.077148044,0.077148044,0.034086325,0.043565954,0.054659137,0.063533683,0.074626866,0.061113352,0.075837031,0.070794675,0.065752319,0.065147237,0.053448971,0.030859217,0.021581283,0.01956434,0.19,0.1145,0.3,0.2,0.1,0.055,0.0265,0.008,0.005,0.001,0.448164582,0.036506656,0.409035902,0.10629286
366,366,Olen,,11070,Olen,11070,0.5,0.5,1,0,0,0,0,0,0.077148044,0.077148044,0.077148044,0.077148044,0.034086325,0.043565954,0.054659137,0.063533683,0.074626866,0.061113352,0.075837031,0.070794675,0.065752319,0.065147237,0.053448971,0.030859217,0.021581283,0.01956434,0.19,0.1145,0.3,0.2,0.1,0.055,0.0265,0.008,0.005,0.001,0.448164582,0.036506656,0.409035902,0.10629286
367,367,Olne,,3836,Olne,3836,0.5,0.5,1,0,0,0,0,0,0.077148044,0.077148044,0.077148044,0.077148044,0.034086325,0.043565954,0.054659137,0.063533683,0.074626866,0.061113352,0.075837031,0.070794675,0.065752319,0.065147237,0.053448971,0.030859217,0.021581283,0.01956434,0.19,0.1145,0.3,0.2,0.1,0.055,0.0265,0.008,0.005,0.001,0.448164582,0.036506656,0.409035902,0.10629286
368,368,Onhaye,,3014,Onhaye,3014,0.5,0.5,1,0,0,0,0,0,0.077148044,0.077148044,0.077148044,0.077148044,0.034086325,0.043565954,0.054659137,0.063533683,0.074626866,0.061113352,0.075837031,0.070794675,0.065752319,0.065147237,0.053448971,0.030859217,0.021581283,0.01956434,0.19,0.1145,0.3,0.2,0.1,0.055,0.0265,0.008,0.005,0.001,0.448164582,0.036506656,0.409035902,0.10629286
369,369,Oostduinkerke,,8534,Oostduinkerke,8534,0.5,0.5,1,0,0,0,0,0,0.077148044,0.077148044,0.077148044,0.077148044,0.034086325,0.043565954,0.054659137,0.063533683,0.074626866,0.061113352,0.075837031,0.070794675,0.065752319,0.065147237,0.053448971,0.030859217,0.021581283,0.01956434,0.19,0.1145,0.3,0.2,0.1,0.055,0.0265,0.008,0.005,0.001,0.448164582,0.036506656,0.409035902,0.10629286
370,370,Oosterzele,,13151,Oosterzele,13151,0.5,0.5,1,0,0,0,0,0,0.077148044,0.077148044,0.077148044,0.077148044,0.034086325,0.043565954,0.054659137,0.063533683,0.074626866,0.061113352,0.075837031,0.070794675,0.065752319,0.065147237,0.053448971,0.030859217,0.021581283,0.01956434,0.19,0.1145,0.3,0.2,0.1,0.055,0.0265,0.008,0.005,0.001,0.448164582,0.036506656,0.409035902,0.10629286
371,371,Oostkamp,,21489,Oostkamp,21489,0.5,0.5,1,0,0,0,0,0,0.077148044,0.077148044,0.077148044,0.077148044,0.034086325,0.043565954,0.054659137,0.063533683,0.074626866,0.061113352,0.075837031,0.070794675,0.065752319,0.065147237,0.053448971,0.030859217,0.021581283,0.01956434,0.19,0.1145,0.3,0.2,0.1,0.055,0.0265,0.008,0.005,0.001,0.448164582,0.036506656,0.409035902,0.10629286
372,372,Oostmalle,,7034,Oostmalle,7034,0.5,0.5,1,0,0,0,0,0,0.077148044,0.077148044,0.077148044,0.077148044,0.034086325,0.043565954,0.054659137,0.063533683,0.074626866,0.061113352,0.075837031,0.070794675,0.065752319,0.065147237,0.053448971,0.030859217,0.021581283,0.01956434,0.19,0.1145,0.3,0.2,0.1,0.055,0.0265,0.008,0.005,0.001,0.448164582,0.036506656,0.409035902,0.10629286
373,373,Oostrozebeke,,7489,Oostrozebeke,7489,0.5,0.5,1,0,0,0,0,0,0.077148044,0.077148044,0.077148044,0.077148044,0.034086325,0.043565954,0.054659137,0.063533683,0.074626866,0.061113352,0.075837031,0.070794675,0.065752319,0.065147237,0.053448971,0.030859217,0.021581283,0.01956434,0.19,0.1145,0.3,0.2,0.1,0.055,0.0265,0.008,0.005,0.001,0.448164582,0.036506656,0.409035902,0.10629286
374,374,Opglabbeek,,9452,Opglabbeek,9452,0.5,0.5,1,0,0,0,0,0,0.077148044,0.077148044,0.077148044,0.077148044,0.034086325,0.043565954,0.054659137,0.063533683,0.074626866,0.061113352,0.075837031,0.070794675,0.065752319,0.065147237,0.053448971,0.030859217,0.021581283,0.01956434,0.19,0.1145,0.3,0.2,0.1,0.055,0.0265,0.008,0.005,0.001,0.448164582,0.036506656,0.409035902,0.10629286
375,375,Opwijk,,12045,Opwijk,12045,0.5,0.5,1,0,0,0,0,0,0.077148044,0.077148044,0.077148044,0.077148044,0.034086325,0.043565954,0.054659137,0.063533683,0.074626866,0.061113352,0.075837031,0.070794675,0.065752319,0.065147237,0.053448971,0.030859217,0.021581283,0.01956434,0.19,0.1145,0.3,0.2,0.1,0.055,0.0265,0.008,0.005,0.001,0.448164582,0.036506656,0.409035902,0.10629286
376,376,Oreye,,3373,Oreye,3373,0.5,0.5,1,0,0,0,0,0,0.077148044,0.077148044,0.077148044,0.077148044,0.034086325,0.043565954,0.054659137,0.063533683,0.074626866,0.061113352,0.075837031,0.070794675,0.065752319,0.065147237,0.053448971,0.030859217,0.021581283,0.01956434,0.19,0.1145,0.3,0.2,0.1,0.055,0.0265,0.008,0.005,0.001,0.448164582,0.036506656,0.409035902,0.10629286
378,378,Ottignies,,9557,Ottignies,9557,0.5,0.5,1,0,0,0,0,0,0.077148044,0.077148044,0.077148044,0.077148044,0.034086325,0.043565954,0.054659137,0.063533683,0.074626866,0.061113352,0.075837031,0.070794675,0.065752319,0.065147237,0.053448971,0.030859217,0.021581283,0.01956434,0.19,0.1145,0.3,0.2,0.1,0.055,0.0265,0.008,0.005,0.001,0.448164582,0.036506656,0.409035902,0.10629286
379,379,Oud-Heverlee,,10533,Oud-Heverlee,10533,0.5,0.5,1,0,0,0,0,0,0.077148044,0.077148044,0.077148044,0.077148044,0.034086325,0.043565954,0.054659137,0.063533683,0.074626866,0.061113352,0.075837031,0.070794675,0.065752319,0.065147237,0.053448971,0.030859217,0.021581283,0.01956434,0.19,0.1145,0.3,0.2,0.1,0.055,0.0265,0.008,0.005,0.001,0.448164582,0.036506656,0.409035902,0.10629286
380,380,Oud-Turnhout,,12354,Oud-Turnhout,12354,0.5,0.5,1,0,0,0,0,0,0.077148044,0.077148044,0.077148044,0.077148044,0.034086325,0.043565954,0.054659137,0.063533683,0.074626866,0.061113352,0.075837031,0.070794675,0.065752319,0.065147237,0.053448971,0.030859217,0.021581283,0.01956434,0.19,0.1145,0.3,0.2,0.1,0.055,0.0265,0.008,0.005,0.001,0.448164582,0.036506656,0.409035902,0.10629286
381,381,Oudenaarde,,27935,Oudenaarde,27935,0.5,0.5,1,0,0,0,0,0,0.077148044,0.077148044,0.077148044,0.077148044,0.034086325,0.043565954,0.054659137,0.063533683,0.074626866,0.061113352,0.075837031,0.070794675,0.065752319,0.065147237,0.053448971,0.030859217,0.021581283,0.01956434,0.19,0.1145,0.3,0.2,0.1,0.055,0.0265,0.008,0.005,0.001,0.448164582,0.036506656,0.409035902,0.10629286
382,382,Oudenburg,,8752,Oudenburg,8752,0.5,0.5,1,0,0,0,0,0,0.077148044,0.077148044,0.077148044,0.077148044,0.034086325,0.043565954,0.054659137,0.063533683,0.074626866,0.061113352,0.075837031,0.070794675,0.065752319,0.065147237,0.053448971,0.030859217,0.021581283,0.01956434,0.19,0.1145,0.3,0.2,0.1,0.055,0.0265,0.008,0.005,0.001,0.448164582,0.036506656,0.409035902,0.10629286
383,383,Ouffet,,2477,Ouffet,2477,0.5,0.5,1,0,0,0,0,0,0.077148044,0.077148044,0.077148044,0.077148044,0.034086325,0.043565954,0.054659137,0.063533683,0.074626866,0.061113352,0.075837031,0.070794675,0.065752319,0.065147237,0.053448971,0.030859217,0.021581283,0.01956434,0.19,0.1145,0.3,0.2,0.1,0.055,0.0265,0.008,0.005,0.001,0.448164582,0.036506656,0.409035902,0.10629286
384,384,Oupeye,,23594,Oupeye,23594,0.5,0.5,1,0,0,0,0,0,0.077148044,0.077148044,0.077148044,0.077148044,0.034086325,0.043565954,0.054659137,0.063533683,0.074626866,0.061113352,0.075837031,0.070794675,0.065752319,0.065147237,0.053448971,0.030859217,0.021581283,0.01956434,0.19,0.1145,0.3,0.2,0.1,0.055,0.0265,0.008,0.005,0.001,0.448164582,0.036506656,0.409035902,0.10629286
385,385,Overijse,,23486,Overijse,23486,0.5,0.5,1,0,0,0,0,0,0.077148044,0.077148044,0.077148044,0.077148044,0.034086325,0.043565954,0.054659137,0.063533683,0.074626866,0.061113352,0.075837031,0.070794675,0.065752319,0.065147237,0.053448971,0.030859217,0.021581283,0.01956434,0.19,0.1145,0.3,0.2,0.1,0.055,0.0265,0.008,0.005,0.001,0.448164582,0.036506656,0.409035902,0.10629286
386,386,Overpelt,,13344,Overpelt,13344,0.5,0.5,1,0,0,0,0,0,0.077148044,0.077148044,0.077148044,0.077148044,0.034086325,0.043565954,0.054659137,0.063533683,0.074626866,0.061113352,0.075837031,0.070794675,0.065752319,0.065147237,0.053448971,0.030859217,0.021581283,0.01956434,0.19,0.1145,0.3,0.2,0.1,0.055,0.0265,0.008,0.005,0.001,0.448164582,0.036506656,0.409035902,0.10629286
387,387,Paliseul,,5037,Paliseul,5037,0.5,0.5,1,0,0,0,0,0,0.077148044,0.077148044,0.077148044,0.077148044,0.034086325,0.043565954,0.054659137,0.063533683,0.074626866,0.061113352,0.075837031,0.070794675,0.065752319,0.065147237,0.053448971,0.030859217,0.021581283,0.01956434,0.19,0.1145,0.3,0.2,0.1,0.055,0.0265,0.008,0.005,0.001,0.448164582,0.036506656,0.409035902,0.10629286
388,388,Pecq,,5301,Pecq,5301,0.5,0.5,1,0,0,0,0,0,0.077148044,0.077148044,0.077148044,0.077148044,0.034086325,0.043565954,0.054659137,0.063533683,0.074626866,0.061113352,0.075837031,0.070794675,0.065752319,0.065147237,0.053448971,0.030859217,0.021581283,0.01956434,0.19,0.1145,0.3,0.2,0.1,0.055,0.0265,0.008,0.005,0.001,0.448164582,0.036506656,0.409035902,0.10629286
389,389,Peer,,15551,Peer,15551,0.5,0.5,1,0,0,0,0,0,0.077148044,0.077148044,0.077148044,0.077148044,0.034086325,0.043565954,0.054659137,0.063533683,0.074626866,0.061113352,0.075837031,0.070794675,0.065752319,0.065147237,0.053448971,0.030859217,0.021581283,0.01956434,0.19,0.1145,0.3,0.2,0.1,0.055,0.0265,0.008,0.005,0.001,0.448164582,0.036506656,0.409035902,0.10629286
390,390,Pepingen,,4261,Pepingen,4261,0.5,0.5,1,0,0,0,0,0,0.077148044,0.077148044,0.077148044,0.077148044,0.034086325,0.043565954,0.054659137,0.063533683,0.074626866,0.061113352,0.075837031,0.070794675,0.065752319,0.065147237,0.053448971,0.030859217,0.021581283,0.01956434,0.19,0.1145,0.3,0.2,0.1,0.055,0.0265,0.008,0.005,0.001,0.448164582,0.036506656,0.409035902,0.10629286
391,391,Pepinster,,9530,Pepinster,9530,0.5,0.5,1,0,0,0,0,0,0.077148044,0.077148044,0.077148044,0.077148044,0.034086325,0.043565954,0.054659137,0.063533683,0.074626866,0.061113352,0.075837031,0.070794675,0.065752319,0.065147237,0.053448971,0.030859217,0.021581283,0.01956434,0.19,0.1145,0.3,0.2,0.1,0.055,0.0265,0.008,0.005,0.001,0.448164582,0.036506656,0.409035902,0.10629286
393,393,Perwez,,7340,Perwez,7340,0.5,0.5,1,0,0,0,0,0,0.077148044,0.077148044,0.077148044,0.077148044,0.034086325,0.043565954,0.054659137,0.063533683,0.074626866,0.061113352,0.075837031,0.070794675,0.065752319,0.065147237,0.053448971,0.030859217,0.021581283,0.01956434,0.19,0.1145,0.3,0.2,0.1,0.055,0.0265,0.008,0.005,0.001,0.448164582,0.036506656,0.409035902,0.10629286
394,394,Philippeville,,8051,Philippeville,8051,0.5,0.5,1,0,0,0,0,0,0.077148044,0.077148044,0.077148044,0.077148044,0.034086325,0.043565954,0.054659137,0.063533683,0.074626866,0.061113352,0.075837031,0.070794675,0.065752319,0.065147237,0.053448971,0.030859217,0.021581283,0.01956434,0.19,0.1145,0.3,0.2,0.1,0.055,0.0265,0.008,0.005,0.001,0.448164582,0.036506656,0.409035902,0.10629286
395,395,Pittem,,6589,Pittem,6589,0.5,0.5,1,0,0,0,0,0,0.077148044,0.077148044,0.077148044,0.077148044,0.034086325,0.043565954,0.054659137,0.063533683,0.074626866,0.061113352,0.075837031,0.070794675,0.065752319,0.065147237,0.053448971,0.030859217,0.021581283,0.01956434,0.19,0.1145,0.3,0.2,0.1,0.055,0.0265,0.008,0.005,0.001,0.448164582,0.036506656,0.409035902,0.10629286
396,396,Plombières,,9596,Plombières,9596,0.5,0.5,1,0,0,0,0,0,0.077148044,0.077148044,0.077148044,0.077148044,0.034086325,0.043565954,0.054659137,0.063533683,0.074626866,0.061113352,0.075837031,0.070794675,0.065752319,0.065147237,0.053448971,0.030859217,0.021581283,0.01956434,0.19,0.1145,0.3,0.2,0.1,0.055,0.0265,0.008,0.005,0.001,0.448164582,0.036506656,0.409035902,0.10629286
398,398,Pontillas,,591,Pontillas,591,0.5,0.5,1,0,0,0,0,0,0.077148044,0.077148044,0.077148044,0.077148044,0.034086325,0.043565954,0.054659137,0.063533683,0.074626866,0.061113352,0.075837031,0.070794675,0.065752319,0.065147237,0.053448971,0.030859217,0.021581283,0.01956434,0.19,0.1145,0.3,0.2,0.1,0.055,0.0265,0.008,0.005,0.001,0.448164582,0.036506656,0.409035902,0.10629286
399,399,Poperinge,,19537,Poperinge,19537,0.5,0.5,1,0,0,0,0,0,0.077148044,0.077148044,0.077148044,0.077148044,0.034086325,0.043565954,0.054659137,0.063533683,0.074626866,0.061113352,0.075837031,0.070794675,0.065752319,0.065147237,0.053448971,0.030859217,0.021581283,0.01956434,0.19,0.1145,0.3,0.2,0.1,0.055,0.0265,0.008,0.005,0.001,0.448164582,0.036506656,0.409035902,0.10629286
400,400,Profondeville,,11401,Profondeville,11401,0.5,0.5,1,0,0,0,0,0,0.077148044,0.077148044,0.077148044,0.077148044,0.034086325,0.043565954,0.054659137,0.063533683,0.074626866,0.061113352,0.075837031,0.070794675,0.065752319,0.065147237,0.053448971,0.030859217,0.021581283,0.01956434,0.19,0.1145,0.3,0.2,0.1,0.055,0.0265,0.008,0.005,0.001,0.448164582,0.036506656,0.409035902,0.10629286
401,401,Putte,,15276,Putte,15276,0.5,0.5,1,0,0,0,0,0,0.077148044,0.077148044,0.077148044,0.077148044,0.034086325,0.043565954,0.054659137,0.063533683,0.074626866,0.061113352,0.075837031,0.070794675,0.065752319,0.065147237,0.053448971,0.030859217,0.021581283,0.01956434,0.19,0.1145,0.3,0.2,0.1,0.055,0.0265,0.008,0.005,0.001,0.448164582,0.036506656,0.409035902,0.10629286
402,402,Puurs,,15944,Puurs,15944,0.5,0.5,1,0,0,0,0,0,0.077148044,0.077148044,0.077148044,0.077148044,0.034086325,0.043565954,0.054659137,0.063533683,0.074626866,0.061113352,0.075837031,0.070794675,0.065752319,0.065147237,0.053448971,0.030859217,0.021581283,0.01956434,0.19,0.1145,0.3,0.2,0.1,0.055,0.0265,0.008,0.005,0.001,0.448164582,0.036506656,0.409035902,0.10629286
403,403,Péruwelz,,16647,Péruwelz,16647,0.5,0.5,1,0,0,0,0,0,0.077148044,0.077148044,0.077148044,0.077148044,0.034086325,0.043565954,0.054659137,0.063533683,0.074626866,0.061113352,0.075837031,0.070794675,0.065752319,0.065147237,0.053448971,0.030859217,0.021581283,0.01956434,0.19,0.1145,0.3,0.2,0.1,0.055,0.0265,0.008,0.005,0.001,0.448164582,0.036506656,0.409035902,0.10629286
404,404,Quaregnon,,18491,Quaregnon,18491,0.5,0.5,1,0,0,0,0,0,0.077148044,0.077148044,0.077148044,0.077148044,0.034086325,0.043565954,0.054659137,0.063533683,0.074626866,0.061113352,0.075837031,0.070794675,0.065752319,0.065147237,0.053448971,0.030859217,0.021581283,0.01956434,0.19,0.1145,0.3,0.2,0.1,0.055,0.0265,0.008,0.005,0.001,0.448164582,0.036506656,0.409035902,0.10629286
405,405,Quiévrain,,6560,Quiévrain,6560,0.5,0.5,1,0,0,0,0,0,0.077148044,0.077148044,0.077148044,0.077148044,0.034086325,0.043565954,0.054659137,0.063533683,0.074626866,0.061113352,0.075837031,0.070794675,0.065752319,0.065147237,0.053448971,0.030859217,0.021581283,0.01956434,0.19,0.1145,0.3,0.2,0.1,0.055,0.0265,0.008,0.005,0.001,0.448164582,0.036506656,0.409035902,0.10629286
407,407,Raeren,,9925,Raeren,9925,0.5,0.5,1,0,0,0,0,0,0.077148044,0.077148044,0.077148044,0.077148044,0.034086325,0.043565954,0.054659137,0.063533683,0.074626866,0.061113352,0.075837031,0.070794675,0.065752319,0.065147237,0.053448971,0.030859217,0.021581283,0.01956434,0.19,0.1145,0.3,0.2,0.1,0.055,0.0265,0.008,0.005,0.001,0.448164582,0.036506656,0.409035902,0.10629286
408,408,Ramillies,,5749,Ramillies,5749,0.5,0.5,1,0,0,0,0,0,0.077148044,0.077148044,0.077148044,0.077148044,0.034086325,0.043565954,0.054659137,0.063533683,0.074626866,0.061113352,0.075837031,0.070794675,0.065752319,0.065147237,0.053448971,0.030859217,0.021581283,0.01956434,0.19,0.1145,0.3,0.2,0.1,0.055,0.0265,0.008,0.005,0.001,0.448164582,0.036506656,0.409035902,0.10629286
409,409,Ranst,,17405,Ranst,17405,0.5,0.5,1,0,0,0,0,0,0.077148044,0.077148044,0.077148044,0.077148044,0.034086325,0.043565954,0.054659137,0.063533683,0.074626866,0.061113352,0.075837031,0.070794675,0.065752319,0.065147237,0.053448971,0.030859217,0.021581283,0.01956434,0.19,0.1145,0.3,0.2,0.1,0.055,0.0265,0.008,0.005,0.001,0.448164582,0.036506656,0.409035902,0.10629286
410,410,Ravels,,13560,Ravels,13560,0.5,0.5,1,0,0,0,0,0,0.077148044,0.077148044,0.077148044,0.077148044,0.034086325,0.043565954,0.054659137,0.063533683,0.074626866,0.061113352,0.075837031,0.070794675,0.065752319,0.065147237,0.053448971,0.030859217,0.021581283,0.01956434,0.19,0.1145,0.3,0.2,0.1,0.055,0.0265,0.008,0.005,0.001,0.448164582,0.036506656,0.409035902,0.10629286
411,411,Rebecq-Rognon,,10049,Rebecq-Rognon,10049,0.5,0.5,1,0,0,0,0,0,0.077148044,0.077148044,0.077148044,0.077148044,0.034086325,0.043565954,0.054659137,0.063533683,0.074626866,0.061113352,0.075837031,0.070794675,0.065752319,0.065147237,0.053448971,0.030859217,0.021581283,0.01956434,0.19,0.1145,0.3,0.2,0.1,0.055,0.0265,0.008,0.005,0.001,0.448164582,0.036506656,0.409035902,0.10629286
412,412,Remicourt,,5050,Remicourt,5050,0.5,0.5,1,0,0,0,0,0,0.077148044,0.077148044,0.077148044,0.077148044,0.034086325,0.043565954,0.054659137,0.063533683,0.074626866,0.061113352,0.075837031,0.070794675,0.065752319,0.065147237,0.053448971,0.030859217,0.021581283,0.01956434,0.19,0.1145,0.3,0.2,0.1,0.055,0.0265,0.008,0.005,0.001,0.448164582,0.036506656,0.409035902,0.10629286
413,413,Rendeux,,2320,Rendeux,2320,0.5,0.5,1,0,0,0,0,0,0.077148044,0.077148044,0.077148044,0.077148044,0.034086325,0.043565954,0.054659137,0.063533683,0.074626866,0.061113352,0.075837031,0.070794675,0.065752319,0.065147237,0.053448971,0.030859217,0.021581283,0.01956434,0.19,0.1145,0.3,0.2,0.1,0.055,0.0265,0.008,0.005,0.001,0.448164582,0.036506656,0.409035902,0.10629286
414,414,Retie,,10069,Retie,10069,0.5,0.5,1,0,0,0,0,0,0.077148044,0.077148044,0.077148044,0.077148044,0.034086325,0.043565954,0.054659137,0.063533683,0.074626866,0.061113352,0.075837031,0.070794675,0.065752319,0.065147237,0.053448971,0.030859217,0.021581283,0.01956434,0.19,0.1145,0.3,0.2,0.1,0.055,0.0265,0.008,0.005,0.001,0.448164582,0.036506656,0.409035902,0.10629286
415,415,Riemst,,15809,Riemst,15809,0.5,0.5,1,0,0,0,0,0,0.077148044,0.077148044,0.077148044,0.077148044,0.034086325,0.043565954,0.054659137,0.063533683,0.074626866,0.061113352,0.075837031,0.070794675,0.065752319,0.065147237,0.053448971,0.030859217,0.021581283,0.01956434,0.19,0.1145,0.3,0.2,0.1,0.055,0.0265,0.008,0.005,0.001,0.448164582,0.036506656,0.409035902,0.10629286
416,416,Rijkevorsel,,10606,Rijkevorsel,10606,0.5,0.5,1,0,0,0,0,0,0.077148044,0.077148044,0.077148044,0.077148044,0.034086325,0.043565954,0.054659137,0.063533683,0.074626866,0.061113352,0.075837031,0.070794675,0.065752319,0.065147237,0.053448971,0.030859217,0.021581283,0.01956434,0.19,0.1145,0.3,0.2,0.1,0.055,0.0265,0.008,0.005,0.001,0.448164582,0.036506656,0.409035902,0.10629286
417,417,Rixensart,,21616,Rixensart,21616,0.5,0.5,1,0,0,0,0,0,0.077148044,0.077148044,0.077148044,0.077148044,0.034086325,0.043565954,0.054659137,0.063533683,0.074626866,0.061113352,0.075837031,0.070794675,0.065752319,0.065147237,0.053448971,0.030859217,0.021581283,0.01956434,0.19,0.1145,0.3,0.2,0.1,0.055,0.0265,0.008,0.005,0.001,0.448164582,0.036506656,0.409035902,0.10629286
418,418,Rochefort,,11978,Rochefort,11978,0.5,0.5,1,0,0,0,0,0,0.077148044,0.077148044,0.077148044,0.077148044,0.034086325,0.043565954,0.054659137,0.063533683,0.074626866,0.061113352,0.075837031,0.070794675,0.065752319,0.065147237,0.053448971,0.030859217,0.021581283,0.01956434,0.19,0.1145,0.3,0.2,0.1,0.055,0.0265,0.008,0.005,0.001,0.448164582,0.036506656,0.409035902,0.10629286
419,419,Roeselare,,56016,Roeselare,56016,0.5,0.5,1,0,0,0,0,0,0.077148044,0.077148044,0.077148044,0.077148044,0.034086325,0.043565954,0.054659137,0.063533683,0.074626866,0.061113352,0.075837031,0.070794675,0.065752319,0.065147237,0.053448971,0.030859217,0.021581283,0.01956434,0.19,0.1145,0.3,0.2,0.1,0.055,0.0265,0.008,0.005,0.001,0.448164582,0.036506656,0.409035902,0.10629286
420,420,Roeulx,,7968,Roeulx,7968,0.5,0.5,1,0,0,0,0,0,0.077148044,0.077148044,0.077148044,0.077148044,0.034086325,0.043565954,0.054659137,0.063533683,0.074626866,0.061113352,0.075837031,0.070794675,0.065752319,0.065147237,0.053448971,0.030859217,0.021581283,0.01956434,0.19,0.1145,0.3,0.2,0.1,0.055,0.0265,0.008,0.005,0.001,0.448164582,0.036506656,0.409035902,0.10629286
421,421,Ronse,,24204,Ronse,24204,0.5,0.5,1,0,0,0,0,0,0.077148044,0.077148044,0.077148044,0.077148044,0.034086325,0.043565954,0.054659137,0.063533683,0.074626866,0.061113352,0.075837031,0.070794675,0.065752319,0.065147237,0.053448971,0.030859217,0.021581283,0.01956434,0.19,0.1145,0.3,0.2,0.1,0.055,0.0265,0.008,0.005,0.001,0.448164582,0.036506656,0.409035902,0.10629286
422,422,Rotselaar,,15007,Rotselaar,15007,0.5,0.5,1,0,0,0,0,0,0.077148044,0.077148044,0.077148044,0.077148044,0.034086325,0.043565954,0.054659137,0.063533683,0.074626866,0.061113352,0.075837031,0.070794675,0.065752319,0.065147237,0.053448971,0.030859217,0.021581283,0.01956434,0.19,0.1145,0.3,0.2,0.1,0.055,0.0265,0.008,0.005,0.001,0.448164582,0.036506656,0.409035902,0.10629286
423,423,Rouvroy,,1946,Rouvroy,1946,0.5,0.5,1,0,0,0,0,0,0.077148044,0.077148044,0.077148044,0.077148044,0.034086325,0.043565954,0.054659137,0.063533683,0.074626866,0.061113352,0.075837031,0.070794675,0.065752319,0.065147237,0.053448971,0.030859217,0.021581283,0.01956434,0.19,0.1145,0.3,0.2,0.1,0.055,0.0265,0.008,0.005,0.001,0.448164582,0.036506656,0.409035902,0.10629286
424,424,Ruiselede,,5129,Ruiselede,5129,0.5,0.5,1,0,0,0,0,0,0.077148044,0.077148044,0.077148044,0.077148044,0.034086325,0.043565954,0.054659137,0.063533683,0.074626866,0.061113352,0.075837031,0.070794675,0.065752319,0.065147237,0.053448971,0.030859217,0.021581283,0.01956434,0.19,0.1145,0.3,0.2,0.1,0.055,0.0265,0.008,0.005,0.001,0.448164582,0.036506656,0.409035902,0.10629286
425,425,Rumes,,4918,Rumes,4918,0.5,0.5,1,0,0,0,0,0,0.077148044,0.077148044,0.077148044,0.077148044,0.034086325,0.043565954,0.054659137,0.063533683,0.074626866,0.061113352,0.075837031,0.070794675,0.065752319,0.065147237,0.053448971,0.030859217,0.021581283,0.01956434,0.19,0.1145,0.3,0.2,0.1,0.055,0.0265,0.008,0.005,0.001,0.448164582,0.036506656,0.409035902,0.10629286
426,426,Rumst,,14521,Rumst,14521,0.5,0.5,1,0,0,0,0,0,0.077148044,0.077148044,0.077148044,0.077148044,0.034086325,0.043565954,0.054659137,0.063533683,0.074626866,0.061113352,0.075837031,0.070794675,0.065752319,0.065147237,0.053448971,0.030859217,0.021581283,0.01956434,0.19,0.1145,0.3,0.2,0.1,0.055,0.0265,0.008,0.005,0.001,0.448164582,0.036506656,0.409035902,0.10629286
427,427,Saint-Ghislain,,22500,Saint-Ghislain,22500,0.5,0.5,1,0,0,0,0,0,0.077148044,0.077148044,0.077148044,0.077148044,0.034086325,0.043565954,0.054659137,0.063533683,0.074626866,0.061113352,0.075837031,0.070794675,0.065752319,0.065147237,0.053448971,0.030859217,0.021581283,0.01956434,0.19,0.1145,0.3,0.2,0.1,0.055,0.0265,0.008,0.005,0.001,0.448164582,0.036506656,0.409035902,0.10629286
428,428,Saint-Hubert,,5538,Saint-Hubert,5538,0.5,0.5,1,0,0,0,0,0,0.077148044,0.077148044,0.077148044,0.077148044,0.034086325,0.043565954,0.054659137,0.063533683,0.074626866,0.061113352,0.075837031,0.070794675,0.065752319,0.065147237,0.053448971,0.030859217,0.021581283,0.01956434,0.19,0.1145,0.3,0.2,0.1,0.055,0.0265,0.008,0.005,0.001,0.448164582,0.036506656,0.409035902,0.10629286
429,429,Saint-Léger,,3092,Saint-Léger,3092,0.5,0.5,1,0,0,0,0,0,0.077148044,0.077148044,0.077148044,0.077148044,0.034086325,0.043565954,0.054659137,0.063533683,0.074626866,0.061113352,0.075837031,0.070794675,0.065752319,0.065147237,0.053448971,0.030859217,0.021581283,0.01956434,0.19,0.1145,0.3,0.2,0.1,0.055,0.0265,0.008,0.005,0.001,0.448164582,0.036506656,0.409035902,0.10629286
430,430,Saint-Nicolas,,22586,Saint-Nicolas,22586,0.5,0.5,1,0,0,0,0,0,0.077148044,0.077148044,0.077148044,0.077148044,0.034086325,0.043565954,0.054659137,0.063533683,0.074626866,0.061113352,0.075837031,0.070794675,0.065752319,0.065147237,0.053448971,0.030859217,0.021581283,0.01956434,0.19,0.1145,0.3,0.2,0.1,0.055,0.0265,0.008,0.005,0.001,0.448164582,0.036506656,0.409035902,0.10629286
431,431,Saint-Vith,,9135,Saint-Vith,9135,0.5,0.5,1,0,0,0,0,0,0.077148044,0.077148044,0.077148044,0.077148044,0.034086325,0.043565954,0.054659137,0.063533683,0.074626866,0.061113352,0.075837031,0.070794675,0.065752319,0.065147237,0.053448971,0.030859217,0.021581283,0.01956434,0.19,0.1145,0.3,0.2,0.1,0.055,0.0265,0.008,0.005,0.001,0.448164582,0.036506656,0.409035902,0.10629286
433,433,Sainte-Ode,,2310,Sainte-Ode,2310,0.5,0.5,1,0,0,0,0,0,0.077148044,0.077148044,0.077148044,0.077148044,0.034086325,0.043565954,0.054659137,0.063533683,0.074626866,0.061113352,0.075837031,0.070794675,0.065752319,0.065147237,0.053448971,0.030859217,0.021581283,0.01956434,0.19,0.1145,0.3,0.2,0.1,0.055,0.0265,0.008,0.005,0.001,0.448164582,0.036506656,0.409035902,0.10629286
434,434,Schelle,,7675,Schelle,7675,0.5,0.5,1,0,0,0,0,0,0.077148044,0.077148044,0.077148044,0.077148044,0.034086325,0.043565954,0.054659137,0.063533683,0.074626866,0.061113352,0.075837031,0.070794675,0.065752319,0.065147237,0.053448971,0.030859217,0.021581283,0.01956434,0.19,0.1145,0.3,0.2,0.1,0.055,0.0265,0.008,0.005,0.001,0.448164582,0.036506656,0.409035902,0.10629286
435,435,Scherpenheuvel-Zichem,,0,Scherpenheuvel-Zichem,0,0.5,0.5,1,0,0,0,0,0,0.077148044,0.077148044,0.077148044,0.077148044,0.034086325,0.043565954,0.054659137,0.063533683,0.074626866,0.061113352,0.075837031,0.070794675,0.065752319,0.065147237,0.053448971,0.030859217,0.021581283,0.01956434,0.19,0.1145,0.3,0.2,0.1,0.055,0.0265,0.008,0.005,0.001,0.448164582,0.036506656,0.409035902,0.10629286
436,436,Schilde,,20373,Schilde,20373,0.5,0.5,1,0,0,0,0,0,0.077148044,0.077148044,0.077148044,0.077148044,0.034086325,0.043565954,0.054659137,0.063533683,0.074626866,0.061113352,0.075837031,0.070794675,0.065752319,0.065147237,0.053448971,0.030859217,0.021581283,0.01956434,0.19,0.1145,0.3,0.2,0.1,0.055,0.0265,0.008,0.005,0.001,0.448164582,0.036506656,0.409035902,0.10629286
437,437,Schoten,,33622,Schoten,33622,0.5,0.5,1,0,0,0,0,0,0.077148044,0.077148044,0.077148044,0.077148044,0.034086325,0.043565954,0.054659137,0.063533683,0.074626866,0.061113352,0.075837031,0.070794675,0.065752319,0.065147237,0.053448971,0.030859217,0.021581283,0.01956434,0.19,0.1145,0.3,0.2,0.1,0.055,0.0265,0.008,0.005,0.001,0.448164582,0.036506656,0.409035902,0.10629286
438,438,Seneffe,,11025,Seneffe,11025,0.5,0.5,1,0,0,0,0,0,0.077148044,0.077148044,0.077148044,0.077148044,0.034086325,0.043565954,0.054659137,0.063533683,0.074626866,0.061113352,0.075837031,0.070794675,0.065752319,0.065147237,0.053448971,0.030859217,0.021581283,0.01956434,0.19,0.1145,0.3,0.2,0.1,0.055,0.0265,0.008,0.005,0.001,0.448164582,0.036506656,0.409035902,0.10629286
439,439,Seraing,,60737,Seraing,60737,0.5,0.5,1,0,0,0,0,0,0.077148044,0.077148044,0.077148044,0.077148044,0.034086325,0.043565954,0.054659137,0.063533683,0.074626866,0.061113352,0.075837031,0.070794675,0.065752319,0.065147237,0.053448971,0.030859217,0.021581283,0.01956434,0.19,0.1145,0.3,0.2,0.1,0.055,0.0265,0.008,0.005,0.001,0.448164582,0.036506656,0.409035902,0.10629286
440,440,Silly,,7887,Silly,7887,0.5,0.5,1,0,0,0,0,0,0.077148044,0.077148044,0.077148044,0.077148044,0.034086325,0.043565954,0.054659137,0.063533683,0.074626866,0.061113352,0.075837031,0.070794675,0.065752319,0.065147237,0.053448971,0.030859217,0.021581283,0.01956434,0.19,0.1145,0.3,0.2,0.1,0.055,0.0265,0.008,0.005,0.001,0.448164582,0.036506656,0.409035902,0.10629286
441,441,Sint-Amands,,7653,Sint-Amands,7653,0.5,0.5,1,0,0,0,0,0,0.077148044,0.077148044,0.077148044,0.077148044,0.034086325,0.043565954,0.054659137,0.063533683,0.074626866,0.061113352,0.075837031,0.070794675,0.065752319,0.065147237,0.053448971,0.030859217,0.021581283,0.01956434,0.19,0.1145,0.3,0.2,0.1,0.055,0.0265,0.008,0.005,0.001,0.448164582,0.036506656,0.409035902,0.10629286
443,443,Sint-Gillis-Waas,,17658,Sint-Gillis-Waas,17658,0.5,0.5,1,0,0,0,0,0,0.077148044,0.077148044,0.077148044,0.077148044,0.034086325,0.043565954,0.054659137,0.063533683,0.074626866,0.061113352,0.075837031,0.070794675,0.065752319,0.065147237,0.053448971,0.030859217,0.021581283,0.01956434,0.19,0.1145,0.3,0.2,0.1,0.055,0.0265,0.008,0.005,0.001,0.448164582,0.036506656,0.409035902,0.10629286
444,444,Sint-Joris,,2400,Sint-Joris,2400,0.5,0.5,1,0,0,0,0,0,0.077148044,0.077148044,0.077148044,0.077148044,0.034086325,0.043565954,0.054659137,0.063533683,0.074626866,0.061113352,0.075837031,0.070794675,0.065752319,0.065147237,0.053448971,0.030859217,0.021581283,0.01956434,0.19,0.1145,0.3,0.2,0.1,0.055,0.0265,0.008,0.005,0.001,0.448164582,0.036506656,0.409035902,0.10629286
445,445,Sint-Katelijne-Waver,,19487,Sint-Katelijne-Waver,19487,0.5,0.5,1,0,0,0,0,0,0.077148044,0.077148044,0.077148044,0.077148044,0.034086325,0.043565954,0.054659137,0.063533683,0.074626866,0.061113352,0.075837031,0.070794675,0.065752319,0.065147237,0.053448971,0.030859217,0.021581283,0.01956434,0.19,0.1145,0.3,0.2,0.1,0.055,0.0265,0.008,0.005,0.001,0.448164582,0.036506656,0.409035902,0.10629286
446,446,Sint-Kruis,,16000,Sint-Kruis,16000,0.5,0.5,1,0,0,0,0,0,0.077148044,0.077148044,0.077148044,0.077148044,0.034086325,0.043565954,0.054659137,0.063533683,0.074626866,0.061113352,0.075837031,0.070794675,0.065752319,0.065147237,0.053448971,0.030859217,0.021581283,0.01956434,0.19,0.1145,0.3,0.2,0.1,0.055,0.0265,0.008,0.005,0.001,0.448164582,0.036506656,0.409035902,0.10629286
447,447,Sint-Laureins,,6657,Sint-Laureins,6657,0.5,0.5,1,0,0,0,0,0,0.077148044,0.077148044,0.077148044,0.077148044,0.034086325,0.043565954,0.054659137,0.063533683,0.074626866,0.061113352,0.075837031,0.070794675,0.065752319,0.065147237,0.053448971,0.030859217,0.021581283,0.01956434,0.19,0.1145,0.3,0.2,0.1,0.055,0.0265,0.008,0.005,0.001,0.448164582,0.036506656,0.409035902,0.10629286
448,448,Sint-Lievens-Houtem,,9146,Sint-Lievens-Houtem,9146,0.5,0.5,1,0,0,0,0,0,0.077148044,0.077148044,0.077148044,0.077148044,0.034086325,0.043565954,0.054659137,0.063533683,0.074626866,0.061113352,0.075837031,0.070794675,0.065752319,0.065147237,0.053448971,0.030859217,0.021581283,0.01956434,0.19,0.1145,0.3,0.2,0.1,0.055,0.0265,0.008,0.005,0.001,0.448164582,0.036506656,0.409035902,0.10629286
449,449,Sint-Margriete,,657,Sint-Margriete,657,0.5,0.5,1,0,0,0,0,0,0.077148044,0.077148044,0.077148044,0.077148044,0.034086325,0.043565954,0.054659137,0.063533683,0.074626866,0.061113352,0.075837031,0.070794675,0.065752319,0.065147237,0.053448971,0.030859217,0.021581283,0.01956434,0.19,0.1145,0.3,0.2,0.1,0.055,0.0265,0.008,0.005,0.001,0.448164582,0.036506656,0.409035902,0.10629286
450,450,Sint-Maria-Lierde,,6449,Sint-Maria-Lierde,6449,0.5,0.5,1,0,0,0,0,0,0.077148044,0.077148044,0.077148044,0.077148044,0.034086325,0.043565954,0.054659137,0.063533683,0.074626866,0.061113352,0.075837031,0.070794675,0.065752319,0.065147237,0.053448971,0.030859217,0.021581283,0.01956434,0.19,0.1145,0.3,0.2,0.1,0.055,0.0265,0.008,0.005,0.001,0.448164582,0.036506656,0.409035902,0.10629286
451,451,Sint-Martens-Latem,,8303,Sint-Martens-Latem,8303,0.5,0.5,1,0,0,0,0,0,0.077148044,0.077148044,0.077148044,0.077148044,0.034086325,0.043565954,0.054659137,0.063533683,0.074626866,0.061113352,0.075837031,0.070794675,0.065752319,0.065147237,0.053448971,0.030859217,0.021581283,0.01956434,0.19,0.1145,0.3,0.2,0.1,0.055,0.0265,0.008,0.005,0.001,0.448164582,0.036506656,0.409035902,0.10629286
452,452,Sint-Martens-Lennik,,8818,Sint-Martens-Lennik,8818,0.5,0.5,1,0,0,0,0,0,0.077148044,0.077148044,0.077148044,0.077148044,0.034086325,0.043565954,0.054659137,0.063533683,0.074626866,0.061113352,0.075837031,0.070794675,0.065752319,0.065147237,0.053448971,0.030859217,0.021581283,0.01956434,0.19,0.1145,0.3,0.2,0.1,0.055,0.0265,0.008,0.005,0.001,0.448164582,0.036506656,0.409035902,0.10629286
453,453,Sint-Niklaas,,69010,Sint-Niklaas,69010,0.5,0.5,1,0,0,0,0,0,0.077148044,0.077148044,0.077148044,0.077148044,0.034086325,0.043565954,0.054659137,0.063533683,0.074626866,0.061113352,0.075837031,0.070794675,0.065752319,0.065147237,0.053448971,0.030859217,0.021581283,0.01956434,0.19,0.1145,0.3,0.2,0.1,0.055,0.0265,0.008,0.005,0.001,0.448164582,0.036506656,0.409035902,0.10629286
454,454,Sint-Pieters-Leeuw,,30446,Sint-Pieters-Leeuw,30446,0.5,0.5,1,0,0,0,0,0,0.077148044,0.077148044,0.077148044,0.077148044,0.034086325,0.043565954,0.054659137,0.063533683,0.074626866,0.061113352,0.075837031,0.070794675,0.065752319,0.065147237,0.053448971,0.030859217,0.021581283,0.01956434,0.19,0.1145,0.3,0.2,0.1,0.055,0.0265,0.008,0.005,0.001,0.448164582,0.036506656,0.409035902,0.10629286
456,456,Sint-Truiden,,37859,Sint-Truiden,37859,0.5,0.5,1,0,0,0,0,0,0.077148044,0.077148044,0.077148044,0.077148044,0.034086325,0.043565954,0.054659137,0.063533683,0.074626866,0.061113352,0.075837031,0.070794675,0.065752319,0.065147237,0.053448971,0.030859217,0.021581283,0.01956434,0.19,0.1145,0.3,0.2,0.1,0.055,0.0265,0.008,0.005,0.001,0.448164582,0.036506656,0.409035902,0.10629286
457,457,Soignies,,24869,Soignies,24869,0.5,0.5,1,0,0,0,0,0,0.077148044,0.077148044,0.077148044,0.077148044,0.034086325,0.043565954,0.054659137,0.063533683,0.074626866,0.061113352,0.075837031,0.070794675,0.065752319,0.065147237,0.053448971,0.030859217,0.021581283,0.01956434,0.19,0.1145,0.3,0.2,0.1,0.055,0.0265,0.008,0.005,0.001,0.448164582,0.036506656,0.409035902,0.10629286
458,458,Sombreffe,,7452,Sombreffe,7452,0.5,0.5,1,0,0,0,0,0,0.077148044,0.077148044,0.077148044,0.077148044,0.034086325,0.043565954,0.054659137,0.063533683,0.074626866,0.061113352,0.075837031,0.070794675,0.065752319,0.065147237,0.053448971,0.030859217,0.021581283,0.01956434,0.19,0.1145,0.3,0.2,0.1,0.055,0.0265,0.008,0.005,0.001,0.448164582,0.036506656,0.409035902,0.10629286
459,459,Somme-Leuze,,4532,Somme-Leuze,4532,0.5,0.5,1,0,0,0,0,0,0.077148044,0.077148044,0.077148044,0.077148044,0.034086325,0.043565954,0.054659137,0.063533683,0.074626866,0.061113352,0.075837031,0.070794675,0.065752319,0.065147237,0.053448971,0.030859217,0.021581283,0.01956434,0.19,0.1145,0.3,0.2,0.1,0.055,0.0265,0.008,0.005,0.001,0.448164582,0.036506656,0.409035902,0.10629286
460,460,Soumagne,,15237,Soumagne,15237,0.5,0.5,1,0,0,0,0,0,0.077148044,0.077148044,0.077148044,0.077148044,0.034086325,0.043565954,0.054659137,0.063533683,0.074626866,0.061113352,0.075837031,0.070794675,0.065752319,0.065147237,0.053448971,0.030859217,0.021581283,0.01956434,0.19,0.1145,0.3,0.2,0.1,0.055,0.0265,0.008,0.005,0.001,0.448164582,0.036506656,0.409035902,0.10629286
461,461,Spa,,10756,Spa,10756,0.5,0.5,1,0,0,0,0,0,0.077148044,0.077148044,0.077148044,0.077148044,0.034086325,0.043565954,0.054659137,0.063533683,0.074626866,0.061113352,0.075837031,0.070794675,0.065752319,0.065147237,0.053448971,0.030859217,0.021581283,0.01956434,0.19,0.1145,0.3,0.2,0.1,0.055,0.0265,0.008,0.005,0.001,0.448164582,0.036506656,0.409035902,0.10629286
462,462,Sprimont,,12945,Sprimont,12945,0.5,0.5,1,0,0,0,0,0,0.077148044,0.077148044,0.077148044,0.077148044,0.034086325,0.043565954,0.054659137,0.063533683,0.074626866,0.061113352,0.075837031,0.070794675,0.065752319,0.065147237,0.053448971,0.030859217,0.021581283,0.01956434,0.19,0.1145,0.3,0.2,0.1,0.055,0.0265,0.008,0.005,0.001,0.448164582,0.036506656,0.409035902,0.10629286
463,463,Stabroek,,17294,Stabroek,17294,0.5,0.5,1,0,0,0,0,0,0.077148044,0.077148044,0.077148044,0.077148044,0.034086325,0.043565954,0.054659137,0.063533683,0.074626866,0.061113352,0.075837031,0.070794675,0.065752319,0.065147237,0.053448971,0.030859217,0.021581283,0.01956434,0.19,0.1145,0.3,0.2,0.1,0.055,0.0265,0.008,0.005,0.001,0.448164582,0.036506656,0.409035902,0.10629286
464,464,Staden,,10786,Staden,10786,0.5,0.5,1,0,0,0,0,0,0.077148044,0.077148044,0.077148044,0.077148044,0.034086325,0.043565954,0.054659137,0.063533683,0.074626866,0.061113352,0.075837031,0.070794675,0.065752319,0.065147237,0.053448971,0.030859217,0.021581283,0.01956434,0.19,0.1145,0.3,0.2,0.1,0.055,0.0265,0.008,0.005,0.001,0.448164582,0.036506656,0.409035902,0.10629286
465,465,Stavelot,,6646,Stavelot,6646,0.5,0.5,1,0,0,0,0,0,0.077148044,0.077148044,0.077148044,0.077148044,0.034086325,0.043565954,0.054659137,0.063533683,0.074626866,0.061113352,0.075837031,0.070794675,0.065752319,0.065147237,0.053448971,0.030859217,0.021581283,0.01956434,0.19,0.1145,0.3,0.2,0.1,0.055,0.0265,0.008,0.005,0.001,0.448164582,0.036506656,0.409035902,0.10629286
466,466,Steenokkerzeel,,10566,Steenokkerzeel,10566,0.5,0.5,1,0,0,0,0,0,0.077148044,0.077148044,0.077148044,0.077148044,0.034086325,0.043565954,0.054659137,0.063533683,0.074626866,0.061113352,0.075837031,0.070794675,0.065752319,0.065147237,0.053448971,0.030859217,0.021581283,0.01956434,0.19,0.1145,0.3,0.2,0.1,0.055,0.0265,0.008,0.005,0.001,0.448164582,0.036506656,0.409035902,0.10629286
467,467,Stekene,,16989,Stekene,16989,0.5,0.5,1,0,0,0,0,0,0.077148044,0.077148044,0.077148044,0.077148044,0.034086325,0.043565954,0.054659137,0.063533683,0.074626866,0.061113352,0.075837031,0.070794675,0.065752319,0.065147237,0.053448971,0.030859217,0.021581283,0.01956434,0.19,0.1145,0.3,0.2,0.1,0.055,0.0265,0.008,0.005,0.001,0.448164582,0.036506656,0.409035902,0.10629286
468,468,Stoumont,,2970,Stoumont,2970,0.5,0.5,1,0,0,0,0,0,0.077148044,0.077148044,0.077148044,0.077148044,0.034086325,0.043565954,0.054659137,0.063533683,0.074626866,0.061113352,0.075837031,0.070794675,0.065752319,0.065147237,0.053448971,0.030859217,0.021581283,0.01956434,0.19,0.1145,0.3,0.2,0.1,0.055,0.0265,0.008,0.005,0.001,0.448164582,0.036506656,0.409035902,0.10629286
469,469,Tellin,,2353,Tellin,2353,0.5,0.5,1,0,0,0,0,0,0.077148044,0.077148044,0.077148044,0.077148044,0.034086325,0.043565954,0.054659137,0.063533683,0.074626866,0.061113352,0.075837031,0.070794675,0.065752319,0.065147237,0.053448971,0.030859217,0.021581283,0.01956434,0.19,0.1145,0.3,0.2,0.1,0.055,0.0265,0.008,0.005,0.001,0.448164582,0.036506656,0.409035902,0.10629286
470,470,Temse,,26054,Temse,26054,0.5,0.5,1,0,0,0,0,0,0.077148044,0.077148044,0.077148044,0.077148044,0.034086325,0.043565954,0.054659137,0.063533683,0.074626866,0.061113352,0.075837031,0.070794675,0.065752319,0.065147237,0.053448971,0.030859217,0.021581283,0.01956434,0.19,0.1145,0.3,0.2,0.1,0.055,0.0265,0.008,0.005,0.001,0.448164582,0.036506656,0.409035902,0.10629286
471,471,Tenneville,,2510,Tenneville,2510,0.5,0.5,1,0,0,0,0,0,0.077148044,0.077148044,0.077148044,0.077148044,0.034086325,0.043565954,0.054659137,0.063533683,0.074626866,0.061113352,0.075837031,0.070794675,0.065752319,0.065147237,0.053448971,0.030859217,0.021581283,0.01956434,0.19,0.1145,0.3,0.2,0.1,0.055,0.0265,0.008,0.005,0.001,0.448164582,0.036506656,0.409035902,0.10629286
473,473,Ternat,,14569,Ternat,14569,0.5,0.5,1,0,0,0,0,0,0.077148044,0.077148044,0.077148044,0.077148044,0.034086325,0.043565954,0.054659137,0.063533683,0.074626866,0.061113352,0.075837031,0.070794675,0.065752319,0.065147237,0.053448971,0.030859217,0.021581283,0.01956434,0.19,0.1145,0.3,0.2,0.1,0.055,0.0265,0.008,0.005,0.001,0.448164582,0.036506656,0.409035902,0.10629286
474,474,Tervuren,,20623,Tervuren,20623,0.5,0.5,1,0,0,0,0,0,0.077148044,0.077148044,0.077148044,0.077148044,0.034086325,0.043565954,0.054659137,0.063533683,0.074626866,0.061113352,0.075837031,0.070794675,0.065752319,0.065147237,0.053448971,0.030859217,0.021581283,0.01956434,0.19,0.1145,0.3,0.2,0.1,0.055,0.0265,0.008,0.005,0.001,0.448164582,0.036506656,0.409035902,0.10629286
475,475,Tessenderlo,,16574,Tessenderlo,16574,0.5,0.5,1,0,0,0,0,0,0.077148044,0.077148044,0.077148044,0.077148044,0.034086325,0.043565954,0.054659137,0.063533683,0.074626866,0.061113352,0.075837031,0.070794675,0.065752319,0.065147237,0.053448971,0.030859217,0.021581283,0.01956434,0.19,0.1145,0.3,0.2,0.1,0.055,0.0265,0.008,0.005,0.001,0.448164582,0.036506656,0.409035902,0.10629286
476,476,Theux,,11587,Theux,11587,0.5,0.5,1,0,0,0,0,0,0.077148044,0.077148044,0.077148044,0.077148044,0.034086325,0.043565954,0.054659137,0.063533683,0.074626866,0.061113352,0.075837031,0.070794675,0.065752319,0.065147237,0.053448971,0.030859217,0.021581283,0.01956434,0.19,0.1145,0.3,0.2,0.1,0.055,0.0265,0.008,0.005,0.001,0.448164582,0.036506656,0.409035902,0.10629286
477,477,Thuin,,14682,Thuin,14682,0.5,0.5,1,0,0,0,0,0,0.077148044,0.077148044,0.077148044,0.077148044,0.034086325,0.043565954,0.054659137,0.063533683,0.074626866,0.061113352,0.075837031,0.070794675,0.065752319,0.065147237,0.053448971,0.030859217,0.021581283,0.01956434,0.19,0.1145,0.3,0.2,0.1,0.055,0.0265,0.008,0.005,0.001,0.448164582,0.036506656,0.409035902,0.10629286
478,478,Tielt,,19299,Tielt,19299,0.5,0.5,1,0,0,0,0,0,0.077148044,0.077148044,0.077148044,0.077148044,0.034086325,0.043565954,0.054659137,0.063533683,0.074626866,0.061113352,0.075837031,0.070794675,0.065752319,0.065147237,0.053448971,0.030859217,0.021581283,0.01956434,0.19,0.1145,0.3,0.2,0.1,0.055,0.0265,0.008,0.005,0.001,0.448164582,0.036506656,0.409035902,0.10629286
479,479,Tienen,,31743,Tienen,31743,0.5,0.5,1,0,0,0,0,0,0.077148044,0.077148044,0.077148044,0.077148044,0.034086325,0.043565954,0.054659137,0.063533683,0.074626866,0.061113352,0.075837031,0.070794675,0.065752319,0.065147237,0.053448971,0.030859217,0.021581283,0.01956434,0.19,0.1145,0.3,0.2,0.1,0.055,0.0265,0.008,0.005,0.001,0.448164582,0.036506656,0.409035902,0.10629286
480,480,Tinlot,,2236,Tinlot,2236,0.5,0.5,1,0,0,0,0,0,0.077148044,0.077148044,0.077148044,0.077148044,0.034086325,0.043565954,0.054659137,0.063533683,0.074626866,0.061113352,0.075837031,0.070794675,0.065752319,0.065147237,0.053448971,0.030859217,0.021581283,0.01956434,0.19,0.1145,0.3,0.2,0.1,0.055,0.0265,0.008,0.005,0.001,0.448164582,0.036506656,0.409035902,0.10629286
481,481,Tintigny,,3538,Tintigny,3538,0.5,0.5,1,0,0,0,0,0,0.077148044,0.077148044,0.077148044,0.077148044,0.034086325,0.043565954,0.054659137,0.063533683,0.074626866,0.061113352,0.075837031,0.070794675,0.065752319,0.065147237,0.053448971,0.030859217,0.021581283,0.01956434,0.19,0.1145,0.3,0.2,0.1,0.055,0.0265,0.008,0.005,0.001,0.448164582,0.036506656,0.409035902,0.10629286
482,482,Tongeren,,29816,Tongeren,29816,0.5,0.5,1,0,0,0,0,0,0.077148044,0.077148044,0.077148044,0.077148044,0.034086325,0.043565954,0.054659137,0.063533683,0.074626866,0.061113352,0.075837031,0.070794675,0.065752319,0.065147237,0.053448971,0.030859217,0.021581283,0.01956434,0.19,0.1145,0.3,0.2,0.1,0.055,0.0265,0.008,0.005,0.001,0.448164582,0.036506656,0.409035902,0.10629286
483,483,Torhout,,18933,Torhout,18933,0.5,0.5,1,0,0,0,0,0,0.077148044,0.077148044,0.077148044,0.077148044,0.034086325,0.043565954,0.054659137,0.063533683,0.074626866,0.061113352,0.075837031,0.070794675,0.065752319,0.065147237,0.053448971,0.030859217,0.021581283,0.01956434,0.19,0.1145,0.3,0.2,0.1,0.055,0.0265,0.008,0.005,0.001,0.448164582,0.036506656,0.409035902,0.10629286
484,484,Tournai,,67721,Tournai,67721,0.5,0.5,1,0,0,0,0,0,0.077148044,0.077148044,0.077148044,0.077148044,0.034086325,0.043565954,0.054659137,0.063533683,0.074626866,0.061113352,0.075837031,0.070794675,0.065752319,0.065147237,0.053448971,0.030859217,0.021581283,0.01956434,0.19,0.1145,0.3,0.2,0.1,0.055,0.0265,0.008,0.005,0.001,0.448164582,0.036506656,0.409035902,0.10629286
485,485,Tremelo,,13721,Tremelo,13721,0.5,0.5,1,0,0,0,0,0,0.077148044,0.077148044,0.077148044,0.077148044,0.034086325,0.043565954,0.054659137,0.063533683,0.074626866,0.061113352,0.075837031,0.070794675,0.065752319,0.065147237,0.053448971,0.030859217,0.021581283,0.01956434,0.19,0.1145,0.3,0.2,0.1,0.055,0.0265,0.008,0.005,0.001,0.448164582,0.036506656,0.409035902,0.10629286
486,486,Trois-Ponts,,2533,Trois-Ponts,2533,0.5,0.5,1,0,0,0,0,0,0.077148044,0.077148044,0.077148044,0.077148044,0.034086325,0.043565954,0.054659137,0.063533683,0.074626866,0.061113352,0.075837031,0.070794675,0.065752319,0.065147237,0.053448971,0.030859217,0.021581283,0.01956434,0.19,0.1145,0.3,0.2,0.1,0.055,0.0265,0.008,0.005,0.001,0.448164582,0.036506656,0.409035902,0.10629286
487,487,Trooz,,7559,Trooz,7559,0.5,0.5,1,0,0,0,0,0,0.077148044,0.077148044,0.077148044,0.077148044,0.034086325,0.043565954,0.054659137,0.063533683,0.074626866,0.061113352,0.075837031,0.070794675,0.065752319,0.065147237,0.053448971,0.030859217,0.021581283,0.01956434,0.19,0.1145,0.3,0.2,0.1,0.055,0.0265,0.008,0.005,0.001,0.448164582,0.036506656,0.409035902,0.10629286
488,488,Tubize,,21859,Tubize,21859,0.5,0.5,1,0,0,0,0,0,0.077148044,0.077148044,0.077148044,0.077148044,0.034086325,0.043565954,0.054659137,0.063533683,0.074626866,0.061113352,0.075837031,0.070794675,0.065752319,0.065147237,0.053448971,0.030859217,0.021581283,0.01956434,0.19,0.1145,0.3,0.2,0.1,0.055,0.0265,0.008,0.005,0.001,0.448164582,0.036506656,0.409035902,0.10629286
489,489,Turnhout,,39654,Turnhout,39654,0.5,0.5,1,0,0,0,0,0,0.077148044,0.077148044,0.077148044,0.077148044,0.034086325,0.043565954,0.054659137,0.063533683,0.074626866,0.061113352,0.075837031,0.070794675,0.065752319,0.065147237,0.053448971,0.030859217,0.021581283,0.01956434,0.19,0.1145,0.3,0.2,0.1,0.055,0.0265,0.008,0.005,0.001,0.448164582,0.036506656,0.409035902,0.10629286
491,491,Verlaine,,3600,Verlaine,3600,0.5,0.5,1,0,0,0,0,0,0.077148044,0.077148044,0.077148044,0.077148044,0.034086325,0.043565954,0.054659137,0.063533683,0.074626866,0.061113352,0.075837031,0.070794675,0.065752319,0.065147237,0.053448971,0.030859217,0.021581283,0.01956434,0.19,0.1145,0.3,0.2,0.1,0.055,0.0265,0.008,0.005,0.001,0.448164582,0.036506656,0.409035902,0.10629286
492,492,Verviers,,52824,Verviers,52824,0.5,0.5,1,0,0,0,0,0,0.077148044,0.077148044,0.077148044,0.077148044,0.034086325,0.043565954,0.054659137,0.063533683,0.074626866,0.061113352,0.075837031,0.070794675,0.065752319,0.065147237,0.053448971,0.030859217,0.021581283,0.01956434,0.19,0.1145,0.3,0.2,0.1,0.055,0.0265,0.008,0.005,0.001,0.448164582,0.036506656,0.409035902,0.10629286
493,493,Veurne,,11983,Veurne,11983,0.5,0.5,1,0,0,0,0,0,0.077148044,0.077148044,0.077148044,0.077148044,0.034086325,0.043565954,0.054659137,0.063533683,0.074626866,0.061113352,0.075837031,0.070794675,0.065752319,0.065147237,0.053448971,0.030859217,0.021581283,0.01956434,0.19,0.1145,0.3,0.2,0.1,0.055,0.0265,0.008,0.005,0.001,0.448164582,0.036506656,0.409035902,0.10629286
494,494,Vielsalm,,7291,Vielsalm,7291,0.5,0.5,1,0,0,0,0,0,0.077148044,0.077148044,0.077148044,0.077148044,0.034086325,0.043565954,0.054659137,0.063533683,0.074626866,0.061113352,0.075837031,0.070794675,0.065752319,0.065147237,0.053448971,0.030859217,0.021581283,0.01956434,0.19,0.1145,0.3,0.2,0.1,0.055,0.0265,0.008,0.005,0.001,0.448164582,0.036506656,0.409035902,0.10629286
497,497,Vilvoorde,,36955,Vilvoorde,36955,0.5,0.5,1,0,0,0,0,0,0.077148044,0.077148044,0.077148044,0.077148044,0.034086325,0.043565954,0.054659137,0.063533683,0.074626866,0.061113352,0.075837031,0.070794675,0.065752319,0.065147237,0.053448971,0.030859217,0.021581283,0.01956434,0.19,0.1145,0.3,0.2,0.1,0.055,0.0265,0.008,0.005,0.001,0.448164582,0.036506656,0.409035902,0.10629286
498,498,Virton,,11259,Virton,11259,0.5,0.5,1,0,0,0,0,0,0.077148044,0.077148044,0.077148044,0.077148044,0.034086325,0.043565954,0.054659137,0.063533683,0.074626866,0.061113352,0.075837031,0.070794675,0.065752319,0.065147237,0.053448971,0.030859217,0.021581283,0.01956434,0.19,0.1145,0.3,0.2,0.1,0.055,0.0265,0.008,0.005,0.001,0.448164582,0.036506656,0.409035902,0.10629286
499,499,Visé,,17054,Visé,17054,0.5,0.5,1,0,0,0,0,0,0.077148044,0.077148044,0.077148044,0.077148044,0.034086325,0.043565954,0.054659137,0.063533683,0.074626866,0.061113352,0.075837031,0.070794675,0.065752319,0.065147237,0.053448971,0.030859217,0.021581283,0.01956434,0.19,0.1145,0.3,0.2,0.1,0.055,0.0265,0.008,0.005,0.001,0.448164582,0.036506656,0.409035902,0.10629286
500,500,Vorselaar,,7238,Vorselaar,7238,0.5,0.5,1,0,0,0,0,0,0.077148044,0.077148044,0.077148044,0.077148044,0.034086325,0.043565954,0.054659137,0.063533683,0.074626866,0.061113352,0.075837031,0.070794675,0.065752319,0.065147237,0.053448971,0.030859217,0.021581283,0.01956434,0.19,0.1145,0.3,0.2,0.1,0.055,0.0265,0.008,0.005,0.001,0.448164582,0.036506656,0.409035902,0.10629286
501,501,Vosselaar,,10317,Vosselaar,10317,0.5,0.5,1,0,0,0,0,0,0.077148044,0.077148044,0.077148044,0.077148044,0.034086325,0.043565954,0.054659137,0.063533683,0.074626866,0.061113352,0.075837031,0.070794675,0.065752319,0.065147237,0.053448971,0.030859217,0.021581283,0.01956434,0.19,0.1145,0.3,0.2,0.1,0.055,0.0265,0.008,0.005,0.001,0.448164582,0.036506656,0.409035902,0.10629286
502,502,Waarschoot,,7762,Waarschoot,7762,0.5,0.5,1,0,0,0,0,0,0.077148044,0.077148044,0.077148044,0.077148044,0.034086325,0.043565954,0.054659137,0.063533683,0.074626866,0.061113352,0.075837031,0.070794675,0.065752319,0.065147237,0.053448971,0.030859217,0.021581283,0.01956434,0.19,0.1145,0.3,0.2,0.1,0.055,0.0265,0.008,0.005,0.001,0.448164582,0.036506656,0.409035902,0.10629286
503,503,Waasmunster,,10460,Waasmunster,10460,0.5,0.5,1,0,0,0,0,0,0.077148044,0.077148044,0.077148044,0.077148044,0.034086325,0.043565954,0.054659137,0.063533683,0.074626866,0.061113352,0.075837031,0.070794675,0.065752319,0.065147237,0.053448971,0.030859217,0.021581283,0.01956434,0.19,0.1145,0.3,0.2,0.1,0.055,0.0265,0.008,0.005,0.001,0.448164582,0.036506656,0.409035902,0.10629286
504,504,Wachtebeke,,6911,Wachtebeke,6911,0.5,0.5,1,0,0,0,0,0,0.077148044,0.077148044,0.077148044,0.077148044,0.034086325,0.043565954,0.054659137,0.063533683,0.074626866,0.061113352,0.075837031,0.070794675,0.065752319,0.065147237,0.053448971,0.030859217,0.021581283,0.01956434,0.19,0.1145,0.3,0.2,0.1,0.055,0.0265,0.008,0.005,0.001,0.448164582,0.036506656,0.409035902,0.10629286
505,505,Waimes,,6661,Waimes,6661,0.5,0.5,1,0,0,0,0,0,0.077148044,0.077148044,0.077148044,0.077148044,0.034086325,0.043565954,0.054659137,0.063533683,0.074626866,0.061113352,0.075837031,0.070794675,0.065752319,0.065147237,0.053448971,0.030859217,0.021581283,0.01956434,0.19,0.1145,0.3,0.2,0.1,0.055,0.0265,0.008,0.005,0.001,0.448164582,0.036506656,0.409035902,0.10629286
506,506,Walcourt,,17501,Walcourt,17501,0.5,0.5,1,0,0,0,0,0,0.077148044,0.077148044,0.077148044,0.077148044,0.034086325,0.043565954,0.054659137,0.063533683,0.074626866,0.061113352,0.075837031,0.070794675,0.065752319,0.065147237,0.053448971,0.030859217,0.021581283,0.01956434,0.19,0.1145,0.3,0.2,0.1,0.055,0.0265,0.008,0.005,0.001,0.448164582,0.036506656,0.409035902,0.10629286
507,507,Walhain-Saint-Paul,,5992,Walhain-Saint-Paul,5992,0.5,0.5,1,0,0,0,0,0,0.077148044,0.077148044,0.077148044,0.077148044,0.034086325,0.043565954,0.054659137,0.063533683,0.074626866,0.061113352,0.075837031,0.070794675,0.065752319,0.065147237,0.053448971,0.030859217,0.021581283,0.01956434,0.19,0.1145,0.3,0.2,0.1,0.055,0.0265,0.008,0.005,0.001,0.448164582,0.036506656,0.409035902,0.10629286
508,508,Wanze,,12918,Wanze,12918,0.5,0.5,1,0,0,0,0,0,0.077148044,0.077148044,0.077148044,0.077148044,0.034086325,0.043565954,0.054659137,0.063533683,0.074626866,0.061113352,0.075837031,0.070794675,0.065752319,0.065147237,0.053448971,0.030859217,0.021581283,0.01956434,0.19,0.1145,0.3,0.2,0.1,0.055,0.0265,0.008,0.005,0.001,0.448164582,0.036506656,0.409035902,0.10629286
509,509,Waregem,,35896,Waregem,35896,0.5,0.5,1,0,0,0,0,0,0.077148044,0.077148044,0.077148044,0.077148044,0.034086325,0.043565954,0.054659137,0.063533683,0.074626866,0.061113352,0.075837031,0.070794675,0.065752319,0.065147237,0.053448971,0.030859217,0.021581283,0.01956434,0.19,0.1145,0.3,0.2,0.1,0.055,0.0265,0.008,0.005,0.001,0.448164582,0.036506656,0.409035902,0.10629286
510,510,Waremme,,13737,Waremme,13737,0.5,0.5,1,0,0,0,0,0,0.077148044,0.077148044,0.077148044,0.077148044,0.034086325,0.043565954,0.054659137,0.063533683,0.074626866,0.061113352,0.075837031,0.070794675,0.065752319,0.065147237,0.053448971,0.030859217,0.021581283,0.01956434,0.19,0.1145,0.3,0.2,0.1,0.055,0.0265,0.008,0.005,0.001,0.448164582,0.036506656,0.409035902,0.10629286
511,511,Wasseiges,,2471,Wasseiges,2471,0.5,0.5,1,0,0,0,0,0,0.077148044,0.077148044,0.077148044,0.077148044,0.034086325,0.043565954,0.054659137,0.063533683,0.074626866,0.061113352,0.075837031,0.070794675,0.065752319,0.065147237,0.053448971,0.030859217,0.021581283,0.01956434,0.19,0.1145,0.3,0.2,0.1,0.055,0.0265,0.008,0.005,0.001,0.448164582,0.036506656,0.409035902,0.10629286
512,512,Waterloo,,29778,Waterloo,29778,0.5,0.5,1,0,0,0,0,0,0.077148044,0.077148044,0.077148044,0.077148044,0.034086325,0.043565954,0.054659137,0.063533683,0.074626866,0.061113352,0.075837031,0.070794675,0.065752319,0.065147237,0.053448971,0.030859217,0.021581283,0.01956434,0.19,0.1145,0.3,0.2,0.1,0.055,0.0265,0.008,0.005,0.001,0.448164582,0.036506656,0.409035902,0.10629286
513,513,Wavre,,32112,Wavre,32112,0.5,0.5,1,0,0,0,0,0,0.077148044,0.077148044,0.077148044,0.077148044,0.034086325,0.043565954,0.054659137,0.063533683,0.074626866,0.061113352,0.075837031,0.070794675,0.065752319,0.065147237,0.053448971,0.030859217,0.021581283,0.01956434,0.19,0.1145,0.3,0.2,0.1,0.055,0.0265,0.008,0.005,0.001,0.448164582,0.036506656,0.409035902,0.10629286
514,514,Welkenraedt,,9006,Welkenraedt,9006,0.5,0.5,1,0,0,0,0,0,0.077148044,0.077148044,0.077148044,0.077148044,0.034086325,0.043565954,0.054659137,0.063533683,0.074626866,0.061113352,0.075837031,0.070794675,0.065752319,0.065147237,0.053448971,0.030859217,0.021581283,0.01956434,0.19,0.1145,0.3,0.2,0.1,0.055,0.0265,0.008,0.005,0.001,0.448164582,0.036506656,0.409035902,0.10629286
515,515,Wellen,,6804,Wellen,6804,0.5,0.5,1,0,0,0,0,0,0.077148044,0.077148044,0.077148044,0.077148044,0.034086325,0.043565954,0.054659137,0.063533683,0.074626866,0.061113352,0.075837031,0.070794675,0.065752319,0.065147237,0.053448971,0.030859217,0.021581283,0.01956434,0.19,0.1145,0.3,0.2,0.1,0.055,0.0265,0.008,0.005,0.001,0.448164582,0.036506656,0.409035902,0.10629286
516,516,Wellin,,2937,Wellin,2937,0.5,0.5,1,0,0,0,0,0,0.077148044,0.077148044,0.077148044,0.077148044,0.034086325,0.043565954,0.054659137,0.063533683,0.074626866,0.061113352,0.075837031,0.070794675,0.065752319,0.065147237,0.053448971,0.030859217,0.021581283,0.01956434,0.19,0.1145,0.3,0.2,0.1,0.055,0.0265,0.008,0.005,0.001,0.448164582,0.036506656,0.409035902,0.10629286
517,517,Wemmel,,14406,Wemmel,14406,0.5,0.5,1,0,0,0,0,0,0.077148044,0.077148044,0.077148044,0.077148044,0.034086325,0.043565954,0.054659137,0.063533683,0.074626866,0.061113352,0.075837031,0.070794675,0.065752319,0.065147237,0.053448971,0.030859217,0.021581283,0.01956434,0.19,0.1145,0.3,0.2,0.1,0.055,0.0265,0.008,0.005,0.001,0.448164582,0.036506656,0.409035902,0.10629286
518,518,Wenduine,,4003,Wenduine,4003,0.5,0.5,1,0,0,0,0,0,0.077148044,0.077148044,0.077148044,0.077148044,0.034086325,0.043565954,0.054659137,0.063533683,0.074626866,0.061113352,0.075837031,0.070794675,0.065752319,0.065147237,0.053448971,0.030859217,0.021581283,0.01956434,0.19,0.1145,0.3,0.2,0.1,0.055,0.0265,0.008,0.005,0.001,0.448164582,0.036506656,0.409035902,0.10629286
519,519,Wervik,,17340,Wervik,17340,0.5,0.5,1,0,0,0,0,0,0.077148044,0.077148044,0.077148044,0.077148044,0.034086325,0.043565954,0.054659137,0.063533683,0.074626866,0.061113352,0.075837031,0.070794675,0.065752319,0.065147237,0.053448971,0.030859217,0.021581283,0.01956434,0.19,0.1145,0.3,0.2,0.1,0.055,0.0265,0.008,0.005,0.001,0.448164582,0.036506656,0.409035902,0.10629286
520,520,Westerlo,,22579,Westerlo,22579,0.5,0.5,1,0,0,0,0,0,0.077148044,0.077148044,0.077148044,0.077148044,0.034086325,0.043565954,0.054659137,0.063533683,0.074626866,0.061113352,0.075837031,0.070794675,0.065752319,0.065147237,0.053448971,0.030859217,0.021581283,0.01956434,0.19,0.1145,0.3,0.2,0.1,0.055,0.0265,0.008,0.005,0.001,0.448164582,0.036506656,0.409035902,0.10629286
521,521,Wetteren,,22930,Wetteren,22930,0.5,0.5,1,0,0,0,0,0,0.077148044,0.077148044,0.077148044,0.077148044,0.034086325,0.043565954,0.054659137,0.063533683,0.074626866,0.061113352,0.075837031,0.070794675,0.065752319,0.065147237,0.053448971,0.030859217,0.021581283,0.01956434,0.19,0.1145,0.3,0.2,0.1,0.055,0.0265,0.008,0.005,0.001,0.448164582,0.036506656,0.409035902,0.10629286
522,522,Wevelgem,,30954,Wevelgem,30954,0.5,0.5,1,0,0,0,0,0,0.077148044,0.077148044,0.077148044,0.077148044,0.034086325,0.043565954,0.054659137,0.063533683,0.074626866,0.061113352,0.075837031,0.070794675,0.065752319,0.065147237,0.053448971,0.030859217,0.021581283,0.01956434,0.19,0.1145,0.3,0.2,0.1,0.055,0.0265,0.008,0.005,0.001,0.448164582,0.036506656,0.409035902,0.10629286
523,523,Wezembeek-Oppem,,13245,Wezembeek-Oppem,13245,0.5,0.5,1,0,0,0,0,0,0.077148044,0.077148044,0.077148044,0.077148044,0.034086325,0.043565954,0.054659137,0.063533683,0.074626866,0.061113352,0.075837031,0.070794675,0.065752319,0.065147237,0.053448971,0.030859217,0.021581283,0.01956434,0.19,0.1145,0.3,0.2,0.1,0.055,0.0265,0.008,0.005,0.001,0.448164582,0.036506656,0.409035902,0.10629286
524,524,Wichelen,,11014,Wichelen,11014,0.5,0.5,1,0,0,0,0,0,0.077148044,0.077148044,0.077148044,0.077148044,0.034086325,0.043565954,0.054659137,0.063533683,0.074626866,0.061113352,0.075837031,0.070794675,0.065752319,0.065147237,0.053448971,0.030859217,0.021581283,0.01956434,0.19,0.1145,0.3,0.2,0.1,0.055,0.0265,0.008,0.005,0.001,0.448164582,0.036506656,0.409035902,0.10629286
525,525,Wielsbeke,,8828,Wielsbeke,8828,0.5,0.5,1,0,0,0,0,0,0.077148044,0.077148044,0.077148044,0.077148044,0.034086325,0.043565954,0.054659137,0.063533683,0.074626866,0.061113352,0.075837031,0.070794675,0.065752319,0.065147237,0.053448971,0.030859217,0.021581283,0.01956434,0.19,0.1145,0.3,0.2,0.1,0.055,0.0265,0.008,0.005,0.001,0.448164582,0.036506656,0.409035902,0.10629286
526,526,Wijnegem,,8932,Wijnegem,8932,0.5,0.5,1,0,0,0,0,0,0.077148044,0.077148044,0.077148044,0.077148044,0.034086325,0.043565954,0.054659137,0.063533683,0.074626866,0.061113352,0.075837031,0.070794675,0.065752319,0.065147237,0.053448971,0.030859217,0.021581283,0.01956434,0.19,0.1145,0.3,0.2,0.1,0.055,0.0265,0.008,0.005,0.001,0.448164582,0.036506656,0.409035902,0.10629286
527,527,Willebroek,,22808,Willebroek,22808,0.5,0.5,1,0,0,0,0,0,0.077148044,0.077148044,0.077148044,0.077148044,0.034086325,0.043565954,0.054659137,0.063533683,0.074626866,0.061113352,0.075837031,0.070794675,0.065752319,0.065147237,0.053448971,0.030859217,0.021581283,0.01956434,0.19,0.1145,0.3,0.2,0.1,0.055,0.0265,0.008,0.005,0.001,0.448164582,0.036506656,0.409035902,0.10629286
528,528,Wingene,,12887,Wingene,12887,0.5,0.5,1,0,0,0,0,0,0.077148044,0.077148044,0.077148044,0.077148044,0.034086325,0.043565954,0.054659137,0.063533683,0.074626866,0.061113352,0.075837031,0.070794675,0.065752319,0.065147237,0.053448971,0.030859217,0.021581283,0.01956434,0.19,0.1145,0.3,0.2,0.1,0.055,0.0265,0.008,0.005,0.001,0.448164582,0.036506656,0.409035902,0.10629286
529,529,Wommelgem,,11917,Wommelgem,11917,0.5,0.5,1,0,0,0,0,0,0.077148044,0.077148044,0.077148044,0.077148044,0.034086325,0.043565954,0.054659137,0.063533683,0.074626866,0.061113352,0.075837031,0.070794675,0.065752319,0.065147237,0.053448971,0.030859217,0.021581283,0.01956434,0.19,0.1145,0.3,0.2,0.1,0.055,0.0265,0.008,0.005,0.001,0.448164582,0.036506656,0.409035902,0.10629286
530,530,Wuustwezel,,18117,Wuustwezel,18117,0.5,0.5,1,0,0,0,0,0,0.077148044,0.077148044,0.077148044,0.077148044,0.034086325,0.043565954,0.054659137,0.063533683,0.074626866,0.061113352,0.075837031,0.070794675,0.065752319,0.065147237,0.053448971,0.030859217,0.021581283,0.01956434,0.19,0.1145,0.3,0.2,0.1,0.055,0.0265,0.008,0.005,0.001,0.448164582,0.036506656,0.409035902,0.10629286
531,531,Yvoir,,8169,Yvoir,8169,0.5,0.5,1,0,0,0,0,0,0.077148044,0.077148044,0.077148044,0.077148044,0.034086325,0.043565954,0.054659137,0.063533683,0.074626866,0.061113352,0.075837031,0.070794675,0.065752319,0.065147237,0.053448971,0.030859217,0.021581283,0.01956434,0.19,0.1145,0.3,0.2,0.1,0.055,0.0265,0.008,0.005,0.001,0.448164582,0.036506656,0.409035902,0.10629286
532,532,Zandhoven,,12306,Zandhoven,12306,0.5,0.5,1,0,0,0,0,0,0.077148044,0.077148044,0.077148044,0.077148044,0.034086325,0.043565954,0.054659137,0.063533683,0.074626866,0.061113352,0.075837031,0.070794675,0.065752319,0.065147237,0.053448971,0.030859217,0.021581283,0.01956434,0.19,0.1145,0.3,0.2,0.1,0.055,0.0265,0.008,0.005,0.001,0.448164582,0.036506656,0.409035902,0.10629286
533,533,Zaventem,,28188,Zaventem,28188,0.5,0.5,1,0,0,0,0,0,0.077148044,0.077148044,0.077148044,0.077148044,0.034086325,0.043565954,0.054659137,0.063533683,0.074626866,0.061113352,0.075837031,0.070794675,0.065752319,0.065147237,0.053448971,0.030859217,0.021581283,0.01956434,0.19,0.1145,0.3,0.2,0.1,0.055,0.0265,0.008,0.005,0.001,0.448164582,0.036506656,0.409035902,0.10629286
534,534,Zedelgem,,21968,Zedelgem,21968,0.5,0.5,1,0,0,0,0,0,0.077148044,0.077148044,0.077148044,0.077148044,0.034086325,0.043565954,0.054659137,0.063533683,0.074626866,0.061113352,0.075837031,0.070794675,0.065752319,0.065147237,0.053448971,0.030859217,0.021581283,0.01956434,0.19,0.1145,0.3,0.2,0.1,0.055,0.0265,0.008,0.005,0.001,0.448164582,0.036506656,0.409035902,0.10629286
535,535,Zeebrugge,,4500,Zeebrugge,4500,0.5,0.5,1,0,0,0,0,0,0.077148044,0.077148044,0.077148044,0.077148044,0.034086325,0.043565954,0.054659137,0.063533683,0.074626866,0.061113352,0.075837031,0.070794675,0.065752319,0.065147237,0.053448971,0.030859217,0.021581283,0.01956434,0.19,0.1145,0.3,0.2,0.1,0.055,0.0265,0.008,0.005,0.001,0.448164582,0.036506656,0.409035902,0.10629286
536,536,Zele,,20236,Zele,20236,0.5,0.5,1,0,0,0,0,0,0.077148044,0.077148044,0.077148044,0.077148044,0.034086325,0.043565954,0.054659137,0.063533683,0.074626866,0.061113352,0.075837031,0.070794675,0.065752319,0.065147237,0.053448971,0.030859217,0.021581283,0.01956434,0.19,0.1145,0.3,0.2,0.1,0.055,0.0265,0.008,0.005,0.001,0.448164582,0.036506656,0.409035902,0.10629286
537,537,Zelzate,,11901,Zelzate,11901,0.5,0.5,1,0,0,0,0,0,0.077148044,0.077148044,0.077148044,0.077148044,0.034086325,0.043565954,0.054659137,0.063533683,0.074626866,0.061113352,0.075837031,0.070794675,0.065752319,0.065147237,0.053448971,0.030859217,0.021581283,0.01956434,0.19,0.1145,0.3,0.2,0.1,0.055,0.0265,0.008,0.005,0.001,0.448164582,0.036506656,0.409035902,0.10629286
538,538,Zemst,,21096,Zemst,21096,0.5,0.5,1,0,0,0,0,0,0.077148044,0.077148044,0.077148044,0.077148044,0.034086325,0.043565954,0.054659137,0.063533683,0.074626866,0.061113352,0.075837031,0.070794675,0.065752319,0.065147237,0.053448971,0.030859217,0.021581283,0.01956434,0.19,0.1145,0.3,0.2,0.1,0.055,0.0265,0.008,0.005,0.001,0.448164582,0.036506656,0.409035902,0.10629286
539,539,Zingem,,6588,Zingem,6588,0.5,0.5,1,0,0,0,0,0,0.077148044,0.077148044,0.077148044,0.077148044,0.034086325,0.043565954,0.054659137,0.063533683,0.074626866,0.061113352,0.075837031,0.070794675,0.065752319,0.065147237,0.053448971,0.030859217,0.021581283,0.01956434,0.19,0.1145,0.3,0.2,0.1,0.055,0.0265,0.008,0.005,0.001,0.448164582,0.036506656,0.409035902,0.10629286
540,540,Zoersel,,20642,Zoersel,20642,0.5,0.5,1,0,0,0,0,0,0.077148044,0.077148044,0.077148044,0.077148044,0.034086325,0.043565954,0.054659137,0.063533683,0.074626866,0.061113352,0.075837031,0.070794675,0.065752319,0.065147237,0.053448971,0.030859217,0.021581283,0.01956434,0.19,0.1145,0.3,0.2,0.1,0.055,0.0265,0.008,0.005,0.001,0.448164582,0.036506656,0.409035902,0.10629286
541,541,Zomergem,,8158,Zomergem,8158,0.5,0.5,1,0,0,0,0,0,0.077148044,0.077148044,0.077148044,0.077148044,0.034086325,0.043565954,0.054659137,0.063533683,0.074626866,0.061113352,0.075837031,0.070794675,0.065752319,0.065147237,0.053448971,0.030859217,0.021581283,0.01956434,0.19,0.1145,0.3,0.2,0.1,0.055,0.0265,0.008,0.005,0.001,0.448164582,0.036506656,0.409035902,0.10629286
542,542,Zonhoven,,19922,Zonhoven,19922,0.5,0.5,1,0,0,0,0,0,0.077148044,0.077148044,0.077148044,0.077148044,0.034086325,0.043565954,0.054659137,0.063533683,0.074626866,0.061113352,0.075837031,0.070794675,0.065752319,0.065147237,0.053448971,0.030859217,0.021581283,0.01956434,0.19,0.1145,0.3,0.2,0.1,0.055,0.0265,0.008,0.005,0.001,0.448164582,0.036506656,0.409035902,0.10629286
543,543,Zonnebeke,,11581,Zonnebeke,11581,0.5,0.5,1,0,0,0,0,0,0.077148044,0.077148044,0.077148044,0.077148044,0.034086325,0.043565954,0.054659137,0.063533683,0.074626866,0.061113352,0.075837031,0.070794675,0.065752319,0.065147237,0.053448971,0.030859217,0.021581283,0.01956434,0.19,0.1145,0.3,0.2,0.1,0.055,0.0265,0.008,0.005,0.001,0.448164582,0.036506656,0.409035902,0.10629286
544,544,Zottegem,,24434,Zottegem,24434,0.5,0.5,1,0,0,0,0,0,0.077148044,0.077148044,0.077148044,0.077148044,0.034086325,0.043565954,0.054659137,0.063533683,0.074626866,0.061113352,0.075837031,0.070794675,0.065752319,0.065147237,0.053448971,0.030859217,0.021581283,0.01956434,0.19,0.1145,0.3,0.2,0.1,0.055,0.0265,0.008,0.005,0.001,0.448164582,0.036506656,0.409035902,0.10629286
545,545,Zoutleeuw,,7897,Zoutleeuw,7897,0.5,0.5,1,0,0,0,0,0,0.077148044,0.077148044,0.077148044,0.077148044,0.034086325,0.043565954,0.054659137,0.063533683,0.074626866,0.061113352,0.075837031,0.070794675,0.065752319,0.065147237,0.053448971,0.030859217,0.021581283,0.01956434,0.19,0.1145,0.3,0.2,0.1,0.055,0.0265,0.008,0.005,0.001,0.448164582,0.036506656,0.409035902,0.10629286
546,546,Zuienkerke,,2736,Zuienkerke,2736,0.5,0.5,1,0,0,0,0,0,0.077148044,0.077148044,0.077148044,0.077148044,0.034086325,0.043565954,0.054659137,0.063533683,0.074626866,0.061113352,0.075837031,0.070794675,0.065752319,0.065147237,0.053448971,0.030859217,0.021581283,0.01956434,0.19,0.1145,0.3,0.2,0.1,0.055,0.0265,0.008,0.005,0.001,0.448164582,0.036506656,0.409035902,0.10629286
547,547,Zulte,,14670,Zulte,14670,0.5,0.5,1,0,0,0,0,0,0.077148044,0.077148044,0.077148044,0.077148044,0.034086325,0.043565954,0.054659137,0.063533683,0.074626866,0.061113352,0.075837031,0.070794675,0.065752319,0.065147237,0.053448971,0.030859217,0.021581283,0.01956434,0.19,0.1145,0.3,0.2,0.1,0.055,0.0265,0.008,0.005,0.001,0.448164582,0.036506656,0.409035902,0.10629286
548,548,Zutendaal,,6962,Zutendaal,6962,0.5,0.5,1,0,0,0,0,0,0.077148044,0.077148044,0.077148044,0.077148044,0.034086325,0.043565954,0.054659137,0.063533683,0.074626866,0.061113352,0.075837031,0.070794675,0.065752319,0.065147237,0.053448971,0.030859217,0.021581283,0.01956434,0.19,0.1145,0.3,0.2,0.1,0.055,0.0265,0.008,0.005,0.001,0.448164582,0.036506656,0.409035902,0.10629286
549,549,Zwevegem,,23358,Zwevegem,23358,0.5,0.5,1,0,0,0,0,0,0.077148044,0.077148044,0.077148044,0.077148044,0.034086325,0.043565954,0.054659137,0.063533683,0.074626866,0.061113352,0.075837031,0.070794675,0.065752319,0.065147237,0.053448971,0.030859217,0.021581283,0.01956434,0.19,0.1145,0.3,0.2,0.1,0.055,0.0265,0.008,0.005,0.001,0.448164582,0.036506656,0.409035902,0.10629286
550,550,Zwijndrecht,,18249,Zwijndrecht,18249,0.5,0.5,1,0,0,0,0,0,0.077148044,0.077148044,0.077148044,0.077148044,0.034086325,0.043565954,0.054659137,0.063533683,0.074626866,0.061113352,0.075837031,0.070794675,0.065752319,0.065147237,0.053448971,0.030859217,0.021581283,0.01956434,0.19,0.1145,0.3,0.2,0.1,0.055,0.0265,0.008,0.005,0.001,0.448164582,0.036506656,0.409035902,0.10629286
